id,suma,valuta,descriere,creat_la,id_user_send,id_user_recieve
b538dc01-3814-4d7e-aa64-5874cff59509,60.54,RON,Lidl ref 85951323,2025-08-25T14:58:57+00:00,97c83e0a-8a40-4c3e-b8e3-ae37cffa9985,
dd14f6df-e86c-4eb2-adb0-7db655243ed3,47.27,RON,Mega Image ref 46608405,2025-08-25T15:07:57+00:00,d3228db7-ef32-4e3e-8fa9-f9f8a84cc34d,
115fb80b-ee5e-45ea-a657-4b5a5d8c4b3c,82.31,RON,Kaufland ref 40314308,2025-08-25T17:59:57+00:00,97c83e0a-8a40-4c3e-b8e3-ae37cffa9985,
2a2c0a27-a7a0-44af-99e0-1c6ae0af4a8e,58.24,RON,Lidl ref 20095393,2025-08-25T18:47:57+00:00,82112000-16b4-4f2b-9dee-8ec850f886ea,
f322d11a-20ad-4cda-b1b8-a18059a4a5bb,57.42,RON,Kaufland ref 65742302,2025-08-25T19:19:57+00:00,d3228db7-ef32-4e3e-8fa9-f9f8a84cc34d,
82c87535-5c5a-45c7-9796-45a8de03ef7b,76.33,RON,Glovo ref 59683156,2025-08-25T19:28:57+00:00,6e36dc96-4f61-48f4-b69f-4ca617af9323,
7b51446a-501d-4458-a2b9-10f0a035d595,85.38,RON,Farmacia Tei ref 55260386,2025-08-25T19:53:57+00:00,02c27ee1-ff57-48d4-82c7-6cf491fd62b9,
111c2bcb-1479-4867-939d-b30deb2088f1,126.85,RON,OMV benzina ref 89065554,2025-08-25T20:24:57+00:00,d3228db7-ef32-4e3e-8fa9-f9f8a84cc34d,
06cb0fb3-9a1d-4644-815e-f6d13b8faa18,132.77,RON,OMV benzina ref 39345092,2025-08-25T20:41:57+00:00,bdd640fb-0667-4ad1-9c80-317fa3b1799d,
c5cc0fb0-e1a6-4208-a1f4-06277e83e815,60.94,RON,Mega Image ref 87310988,2025-08-25T21:11:57+00:00,aa7898aa-95b2-468b-ac92-275a68599dc4,
f5103222-fab0-409e-8318-31eba72052b4,93.01,RON,Glovo ref 18485147,2025-08-25T21:25:57+00:00,02c27ee1-ff57-48d4-82c7-6cf491fd62b9,
b61d1f43-8df8-4ff9-83f8-6f2d436c9e18,31.62,RON,Glovo ref 66186977,2025-08-25T21:39:57+00:00,aa7898aa-95b2-468b-ac92-275a68599dc4,
f8bee2ce-1553-49f0-9f95-fd31a0b5ff79,80.95,RON,Carrefour ref 59858883,2025-08-25T22:40:57+00:00,d3228db7-ef32-4e3e-8fa9-f9f8a84cc34d,
c19bb370-1cf5-42c7-b7ca-0cd67c3f5178,44.72,RON,Glovo ref 71969107,2025-08-25T22:44:57+00:00,12cbffe1-d83b-42c0-8120-8703b8fbd5c6,
1694c02c-4ebd-4823-a4ff-f7a635cebda8,16.56,RON,Mega Image ref 58885275,2025-08-26T02:41:57+00:00,7bf7bf91-9958-41e0-bb31-0f54e9f410c9,
75754a82-6ac1-4bd4-bba1-5595936fb9d5,134.03,RON,Lidl ref 15348734,2025-08-26T03:16:57+00:00,33a2f3d5-7d4c-460f-ba3e-5b7745b7b856,
a9b7fb58-561a-45be-a4e3-43dbc7d6f18b,43.75,RON,Mega Image ref 79437440,2025-08-26T03:22:57+00:00,56cc310a-2a4b-4ab3-87df-66009aa0bf74,
b02ed1d7-47e7-4b71-8a9d-484c915ca65d,29.55,RON,Mega Image ref 85082995,2025-08-26T04:27:57+00:00,02c27ee1-ff57-48d4-82c7-6cf491fd62b9,
b5574a16-cb35-4ba9-a60d-69d943693344,45.71,RON,Lidl ref 92242860,2025-08-26T15:02:57+00:00,56cc310a-2a4b-4ab3-87df-66009aa0bf74,
34a1ce0c-785b-499a-97d6-e9fe056fc94b,213.17,RON,OMV benzina ref 43664230,2025-08-26T15:21:57+00:00,33a2f3d5-7d4c-460f-ba3e-5b7745b7b856,
03906426-775b-483a-b877-fbc4db00b586,59.95,RON,Farmacia Tei ref 83734832,2025-08-26T16:30:57+00:00,2eb300a6-bd34-43d9-94c9-8697b97c5ba7,
8780d6ca-ddeb-48d4-83d0-4bac21e38238,121.88,RON,Kaufland ref 19799868,2025-08-26T20:40:57+00:00,aa7898aa-95b2-468b-ac92-275a68599dc4,
1a2a73ed-562b-4f79-8374-59eef50bea63,36.87,RON,Glovo ref 38898923,2025-08-26T21:00:57+00:00,bdd640fb-0667-4ad1-9c80-317fa3b1799d,
01c882cc-9a9f-4f64-ae6a-dd3b8c2c0f08,36.73,RON,Glovo ref 80102161,2025-08-26T21:01:57+00:00,6e36dc96-4f61-48f4-b69f-4ca617af9323,
2ff8107a-63ba-4d86-9b0e-70ad922bda48,40.37,RON,Mega Image ref 32276047,2025-08-26T21:19:57+00:00,0e5779ec-be1a-470f-ad83-a4c869f8d3e4,
0b202de9-48d4-4aa5-b9d5-12ce01bb76bb,81.08,RON,Lidl ref 25999538,2025-08-26T22:07:57+00:00,818e12e2-7146-4ffe-a877-ba23cf63df5b,
f723f78f-855a-45d5-9697-8820a50504a2,42.7,RON,Glovo ref 90291952,2025-08-26T22:08:57+00:00,5588e5c9-786a-4f09-8721-a8cedc57f9c8,
747b2111-51c0-4a8f-8f97-5c337f83dd3c,24.38,RON,Mega Image ref 18864941,2025-08-26T22:34:57+00:00,818e12e2-7146-4ffe-a877-ba23cf63df5b,
2b4f8899-36af-427a-a3f4-2dd305711197,322.71,RON,OMV benzina ref 90236101,2025-08-26T22:45:57+00:00,6e36dc96-4f61-48f4-b69f-4ca617af9323,
42d33b9d-a42d-4741-a808-ee64919ac35c,152.96,RON,OMV benzina ref 52375106,2025-08-26T23:11:57+00:00,97c83e0a-8a40-4c3e-b8e3-ae37cffa9985,
57f29c3f-f812-499d-b4d9-15c60847ae0f,164.08,RON,Carrefour ref 56849992,2025-08-26T23:46:57+00:00,6e36dc96-4f61-48f4-b69f-4ca617af9323,
82e9dbf9-a041-4ea0-86ca-fcb5fe9500ab,56.08,RON,Glovo ref 55215684,2025-08-27T01:20:57+00:00,97c83e0a-8a40-4c3e-b8e3-ae37cffa9985,
cc4f2da9-d5d1-4277-8418-cd279a78ceed,100.56,RON,Kaufland ref 89183946,2025-08-27T01:56:57+00:00,02c27ee1-ff57-48d4-82c7-6cf491fd62b9,
0f41c628-57f4-4ba7-9a90-d76cb9b3e516,134.46,RON,OMV benzina ref 31689669,2025-08-27T01:58:57+00:00,d3228db7-ef32-4e3e-8fa9-f9f8a84cc34d,
0cc6f6d1-6d66-492c-ac05-ad5c43089e1c,95.67,RON,Lidl ref 20422352,2025-08-27T02:53:57+00:00,02c27ee1-ff57-48d4-82c7-6cf491fd62b9,
7e1cf27d-a841-4ef7-b883-1ccc897bae29,20.99,RON,Mega Image ref 67969895,2025-08-27T03:58:57+00:00,56cc310a-2a4b-4ab3-87df-66009aa0bf74,
619920c7-a483-453b-a62f-1ecabb909256,98.07,RON,Lidl ref 12942596,2025-08-27T03:59:57+00:00,97c83e0a-8a40-4c3e-b8e3-ae37cffa9985,
1ff49b78-8946-4e85-b59c-de66bacfb3d0,96.28,RON,Carrefour ref 15831819,2025-08-27T04:01:57+00:00,bdd640fb-0667-4ad1-9c80-317fa3b1799d,
a47d7534-c553-4759-8987-57b1d5ac585e,28.04,RON,Glovo ref 43183390,2025-08-27T14:44:57+00:00,818e12e2-7146-4ffe-a877-ba23cf63df5b,
b4accc15-1c08-4b33-8f73-9f314b1831ee,187.36,RON,Kaufland ref 12708318,2025-08-27T15:12:57+00:00,33a2f3d5-7d4c-460f-ba3e-5b7745b7b856,
2198fc38-7c9d-41a9-a3d0-c09d3ac3eb48,30.03,RON,Glovo ref 17011163,2025-08-27T15:23:57+00:00,2eb300a6-bd34-43d9-94c9-8697b97c5ba7,
747f61e7-f732-4c85-892b-041d7ef71a10,93.95,RON,Carrefour ref 15480001,2025-08-27T15:31:57+00:00,5588e5c9-786a-4f09-8721-a8cedc57f9c8,
61df8fa4-b18d-44f5-8667-52ca45d6b302,81.34,RON,Lidl ref 20854377,2025-08-27T17:08:57+00:00,12cbffe1-d83b-42c0-8120-8703b8fbd5c6,
5770eab2-986e-455d-ac1d-57a27431a270,91.35,RON,Carrefour ref 90187864,2025-08-27T17:37:57+00:00,2eb300a6-bd34-43d9-94c9-8697b97c5ba7,
e7ab2ef7-7b8f-409a-8c8c-eba90662200c,25.77,RON,Farmacia Tei ref 77913458,2025-08-27T18:37:57+00:00,0e5779ec-be1a-470f-ad83-a4c869f8d3e4,
a24149d2-240c-439a-8054-033146dd7903,96.38,RON,Kaufland ref 55129195,2025-08-27T18:53:57+00:00,82112000-16b4-4f2b-9dee-8ec850f886ea,
1f3c4a38-ff62-499a-b2ae-7fce877a71fc,79.57,RON,Carrefour ref 92640373,2025-08-27T19:50:57+00:00,7bf7bf91-9958-41e0-bb31-0f54e9f410c9,
1b8437c1-36e1-414b-9ea7-db97a365d333,200.4,RON,OMV benzina ref 86727267,2025-08-27T20:13:57+00:00,12cbffe1-d83b-42c0-8120-8703b8fbd5c6,
f362d408-d457-4305-b3b0-220d5f2019ea,101.96,RON,Kaufland ref 41895802,2025-08-27T20:44:57+00:00,0e5779ec-be1a-470f-ad83-a4c869f8d3e4,
8149459c-b184-4535-aaaa-a624559f923f,43.78,RON,Mega Image ref 11205484,2025-08-27T21:38:57+00:00,5588e5c9-786a-4f09-8721-a8cedc57f9c8,
96ca6de4-0e13-4524-90ec-e69431f33af3,29.36,RON,Mega Image ref 15576345,2025-08-27T22:50:57+00:00,d3228db7-ef32-4e3e-8fa9-f9f8a84cc34d,
cb1e1531-4e6b-4c6b-9c40-9787144fbd6c,67.78,RON,Mega Image ref 18444007,2025-08-27T23:02:57+00:00,82112000-16b4-4f2b-9dee-8ec850f886ea,
d16a774e-2924-4436-8b17-f3e6d1737423,35.42,RON,Mega Image ref 99167928,2025-08-27T23:26:57+00:00,97c83e0a-8a40-4c3e-b8e3-ae37cffa9985,
d85360e6-678a-4a38-80fb-5d70cd7a1d02,76.48,RON,Glovo ref 94284505,2025-08-27T23:43:57+00:00,5588e5c9-786a-4f09-8721-a8cedc57f9c8,
cd68f11c-a4b0-490d-9d40-111ab276d819,56.58,RON,Mega Image ref 30090581,2025-08-27T23:56:57+00:00,7bf7bf91-9958-41e0-bb31-0f54e9f410c9,
f30fe9da-f254-470f-a7a8-87ef7ca3f6b2,114.48,RON,Kaufland ref 17216642,2025-08-27T23:56:57+00:00,56cc310a-2a4b-4ab3-87df-66009aa0bf74,
1f8178d2-1c1b-4fdd-8c38-9a24a9fb4275,42.62,RON,Glovo ref 16838823,2025-08-28T00:08:57+00:00,56cc310a-2a4b-4ab3-87df-66009aa0bf74,
e8630f9f-dc84-4d7f-8e23-9b32cab2407c,153.57,RON,Carrefour ref 83806406,2025-08-28T00:36:57+00:00,12cbffe1-d83b-42c0-8120-8703b8fbd5c6,
06ab765f-130e-4fea-92fc-dc0b3db8e28b,46.7,RON,Mega Image ref 81084036,2025-08-28T01:17:57+00:00,2eb300a6-bd34-43d9-94c9-8697b97c5ba7,
c49282df-7750-4cb8-a666-1c5494897233,96.54,RON,Carrefour ref 20470754,2025-08-28T01:19:57+00:00,818e12e2-7146-4ffe-a877-ba23cf63df5b,
224a67de-0dfd-4103-9cbf-677c9d871f74,74.34,RON,Kaufland ref 54050958,2025-08-28T02:20:57+00:00,2eb300a6-bd34-43d9-94c9-8697b97c5ba7,
73230f23-a17e-44b0-a8ac-039ce921f231,45.83,RON,Farmacia Tei ref 70249712,2025-08-28T02:37:57+00:00,aa7898aa-95b2-468b-ac92-275a68599dc4,
3a480403-1719-49de-937f-7944e060b3b6,29.35,RON,Lidl ref 12061822,2025-08-28T02:42:57+00:00,818e12e2-7146-4ffe-a877-ba23cf63df5b,
d315dad4-46ba-46b1-9e10-0f9bb8b017cf,47.62,RON,Mega Image ref 32617298,2025-08-28T04:32:57+00:00,818e12e2-7146-4ffe-a877-ba23cf63df5b,
47d30624-0559-493e-8d6a-f85b5ab4ae82,46.59,RON,Mega Image ref 95093724,2025-08-28T04:36:57+00:00,6e36dc96-4f61-48f4-b69f-4ca617af9323,
a968cfa8-74d1-4640-8199-9617cb01827f,106.09,RON,Lidl ref 98615387,2025-08-28T16:36:57+00:00,33a2f3d5-7d4c-460f-ba3e-5b7745b7b856,
5d65a441-d588-42de-a2bc-372f7412b293,17.6,RON,Mega Image ref 47308985,2025-08-28T18:34:57+00:00,bdd640fb-0667-4ad1-9c80-317fa3b1799d,
2e17da68-375e-4b17-b052-0a78a00465cc,145.9,RON,Kaufland ref 94788782,2025-08-28T18:41:57+00:00,12cbffe1-d83b-42c0-8120-8703b8fbd5c6,
609e75d9-5282-4c05-89fb-9dbef358bb6a,119.14,RON,Kaufland ref 66439385,2025-08-28T18:54:57+00:00,818e12e2-7146-4ffe-a877-ba23cf63df5b,
89bf4761-b44a-4c33-a1a5-e9ec417d76dd,25.74,RON,Glovo ref 26410285,2025-08-28T19:02:57+00:00,d3228db7-ef32-4e3e-8fa9-f9f8a84cc34d,
c4593083-db40-4797-8ecc-4bd986db41b4,34.54,RON,Farmacia Tei ref 79022241,2025-08-28T19:47:57+00:00,7bf7bf91-9958-41e0-bb31-0f54e9f410c9,
51fd8598-631f-4702-99d2-76679693db4e,361.27,RON,OMV benzina ref 87332687,2025-08-29T02:06:57+00:00,33a2f3d5-7d4c-460f-ba3e-5b7745b7b856,
f1aab49d-65ad-420f-a97f-adb434d3ec6e,40.58,RON,Mega Image ref 36315242,2025-08-29T02:19:57+00:00,818e12e2-7146-4ffe-a877-ba23cf63df5b,
e3b57d14-92ca-4a28-8f95-88666d209c27,87.27,RON,Lidl ref 51641128,2025-08-29T02:37:57+00:00,818e12e2-7146-4ffe-a877-ba23cf63df5b,
3487246c-21f9-4072-be22-eba1ad3d581e,71.34,RON,Glovo ref 79276026,2025-08-29T03:45:57+00:00,0e5779ec-be1a-470f-ad83-a4c869f8d3e4,
eacd8c87-8e51-4a3e-bf29-9b0e708d2535,136.21,RON,Kaufland ref 54535275,2025-08-29T14:55:57+00:00,33a2f3d5-7d4c-460f-ba3e-5b7745b7b856,
e3c7bab7-1490-4032-bc75-c14afaa4f593,110.86,RON,Farmacia Tei ref 84586097,2025-08-29T14:55:57+00:00,6e36dc96-4f61-48f4-b69f-4ca617af9323,
0bcfd0fc-e3a1-4f97-b785-2ddb55527a3c,96.71,RON,Lidl ref 21687128,2025-08-29T15:22:57+00:00,0e5779ec-be1a-470f-ad83-a4c869f8d3e4,
6dee4228-631a-4e61-b78a-ad6e1a7d5a41,25.76,RON,Glovo ref 56835358,2025-08-29T15:29:57+00:00,2eb300a6-bd34-43d9-94c9-8697b97c5ba7,
2f538aae-bebb-4961-aac2-4c11f5e5b7a2,37.42,RON,Glovo ref 40579732,2025-08-29T17:08:57+00:00,d3228db7-ef32-4e3e-8fa9-f9f8a84cc34d,
27304be5-b4b6-4b3b-ba6b-7a56a77b094a,136.8,RON,Kaufland ref 13116693,2025-08-29T17:27:57+00:00,82112000-16b4-4f2b-9dee-8ec850f886ea,
a350a593-fc8d-458c-9bd2-de0b751cafaa,94.24,RON,Farmacia Tei ref 74423555,2025-08-29T17:55:57+00:00,12cbffe1-d83b-42c0-8120-8703b8fbd5c6,
606882a1-7ce6-4fa1-88c8-3c033a3c4a0d,154.57,RON,Carrefour ref 55548057,2025-08-29T18:03:57+00:00,6e36dc96-4f61-48f4-b69f-4ca617af9323,
946f9f07-8673-473a-a5b5-8f3084868583,41.62,RON,Glovo ref 85716426,2025-08-29T19:10:57+00:00,aa7898aa-95b2-468b-ac92-275a68599dc4,
0ec91454-839a-457f-af48-ae687aad6e8a,168.75,RON,Dedeman ref 27353843,2025-08-29T19:35:57+00:00,5588e5c9-786a-4f09-8721-a8cedc57f9c8,
64bcef25-1861-49a9-8f1b-f9847ce05457,90.72,RON,Carrefour ref 95077934,2025-08-29T19:56:57+00:00,56cc310a-2a4b-4ab3-87df-66009aa0bf74,
530f7e66-f49e-4aa3-8ef1-47f76a846c2c,129.46,RON,Kaufland ref 67465557,2025-08-29T20:14:57+00:00,7bf7bf91-9958-41e0-bb31-0f54e9f410c9,
56dd14df-3d4a-4c3c-b908-e8e18a193470,21.98,RON,Mega Image ref 49707848,2025-08-29T20:14:57+00:00,d3228db7-ef32-4e3e-8fa9-f9f8a84cc34d,
ef964afb-249d-43a5-afd1-3c3e8c733167,139.46,RON,Lidl ref 14750735,2025-08-29T21:44:57+00:00,12cbffe1-d83b-42c0-8120-8703b8fbd5c6,
d0711028-063b-4c88-8f95-77abc65921a7,67.67,RON,Mega Image ref 48840119,2025-08-29T22:20:57+00:00,82112000-16b4-4f2b-9dee-8ec850f886ea,
2d3dab8a-7047-4d9d-9208-26b8611eb15c,119.96,RON,Kaufland ref 70871384,2025-08-30T00:02:57+00:00,aa7898aa-95b2-468b-ac92-275a68599dc4,
451b4cf3-6123-4df7-b656-af7229d4beef,100.27,RON,Kaufland ref 42857966,2025-08-30T00:49:57+00:00,bdd640fb-0667-4ad1-9c80-317fa3b1799d,
847ccb1d-d104-4948-9f6d-a88484fbcda0,108.03,RON,Glovo ref 21694111,2025-08-30T00:58:57+00:00,02c27ee1-ff57-48d4-82c7-6cf491fd62b9,
a38bbaa4-4fe8-48d8-822c-a6a893daf60d,50.94,RON,Mega Image ref 13017249,2025-08-30T03:21:57+00:00,0e5779ec-be1a-470f-ad83-a4c869f8d3e4,
83997ac5-8f43-4250-9f79-5228f5530567,49.69,RON,Lidl ref 12047721,2025-08-30T16:49:57+00:00,0e5779ec-be1a-470f-ad83-a4c869f8d3e4,
36ce365b-3539-44f4-9a70-9690194162c1,58.59,RON,Kaufland ref 31525708,2025-08-30T17:10:57+00:00,2eb300a6-bd34-43d9-94c9-8697b97c5ba7,
952e3305-b809-45f9-ad31-036ffae5658f,87.17,RON,Farmacia Tei ref 12478262,2025-08-30T17:19:57+00:00,6e36dc96-4f61-48f4-b69f-4ca617af9323,
b898137f-a916-45dd-bb63-7777f0f95657,40.49,RON,Lidl ref 35892362,2025-08-30T17:27:57+00:00,d3228db7-ef32-4e3e-8fa9-f9f8a84cc34d,
c21574c2-7d94-4ada-9978-94e72a8f1f2c,115.0,RON,Lidl ref 25793182,2025-08-30T17:32:57+00:00,33a2f3d5-7d4c-460f-ba3e-5b7745b7b856,
f6004e10-8f57-4122-b50a-82e803ec608b,72.38,RON,Glovo ref 57664789,2025-08-30T19:02:57+00:00,6e36dc96-4f61-48f4-b69f-4ca617af9323,
9500caca-e829-497c-afac-a3901d707bc6,74.15,RON,Kaufland ref 72950174,2025-08-30T19:29:57+00:00,6e36dc96-4f61-48f4-b69f-4ca617af9323,
6504de10-7448-4227-9af9-93de8cf64d3c,20.61,RON,Mega Image ref 79751346,2025-08-30T19:49:57+00:00,82112000-16b4-4f2b-9dee-8ec850f886ea,
e059a0ee-9132-463e-b162-87e4e9c349e0,69.48,RON,Kaufland ref 38317637,2025-08-30T20:04:57+00:00,bdd640fb-0667-4ad1-9c80-317fa3b1799d,
386d67d8-8ec6-47fd-bdc5-ea4b50e0dd89,55.06,RON,Kaufland ref 19253422,2025-08-30T21:30:57+00:00,97c83e0a-8a40-4c3e-b8e3-ae37cffa9985,
23bed01d-43cf-4fde-a493-3b83757750a9,54.51,RON,Mega Image ref 96282117,2025-08-30T22:04:57+00:00,bdd640fb-0667-4ad1-9c80-317fa3b1799d,
c6ee1f6a-02d6-4d31-9c28-bbd8d7d6eda6,182.26,RON,Kaufland ref 87425465,2025-08-30T22:38:57+00:00,02c27ee1-ff57-48d4-82c7-6cf491fd62b9,
cdd3214c-b450-4610-b17a-a7a9243d116d,41.12,RON,Mega Image ref 46379997,2025-08-30T23:01:57+00:00,0e5779ec-be1a-470f-ad83-a4c869f8d3e4,
5f75047e-f77c-4763-9de1-44408951f2a5,17.98,RON,Mega Image ref 29403500,2025-08-31T00:59:57+00:00,56cc310a-2a4b-4ab3-87df-66009aa0bf74,
09eb7885-fde7-444c-b347-f392f90e5810,77.65,RON,Glovo ref 68103065,2025-08-31T01:35:57+00:00,82112000-16b4-4f2b-9dee-8ec850f886ea,
56ebd83a-a1d6-4cf1-8a95-e0d84794c44d,95.59,RON,Kaufland ref 99833906,2025-08-31T02:00:57+00:00,7bf7bf91-9958-41e0-bb31-0f54e9f410c9,
933c3b76-473b-4cd4-84e6-078f6e37b721,280.68,RON,OMV benzina ref 38277083,2025-08-31T02:35:57+00:00,aa7898aa-95b2-468b-ac92-275a68599dc4,
4d295417-9909-49c7-bf30-bbb67c69797c,56.8,RON,Glovo ref 56172299,2025-08-31T03:22:57+00:00,56cc310a-2a4b-4ab3-87df-66009aa0bf74,
97967ef5-6cc0-4241-aa33-6701445ab4a6,354.21,RON,OMV benzina ref 69620458,2025-08-31T14:53:57+00:00,02c27ee1-ff57-48d4-82c7-6cf491fd62b9,
6c12ace8-ae34-4454-8ac5-b68c28f49481,27.51,RON,Glovo ref 94214382,2025-08-31T15:34:57+00:00,bdd640fb-0667-4ad1-9c80-317fa3b1799d,
1b2aa4e4-c0e3-44e7-9b2d-f807fd225cba,58.8,RON,Mega Image ref 44819972,2025-08-31T16:57:57+00:00,aa7898aa-95b2-468b-ac92-275a68599dc4,
955df9a0-086a-4b2e-9927-c876d8509503,46.57,RON,Mega Image ref 53777609,2025-08-31T17:17:57+00:00,2eb300a6-bd34-43d9-94c9-8697b97c5ba7,
d8919234-6d76-48d9-b061-ccb4c2d12706,58.71,RON,Carrefour ref 37922737,2025-08-31T19:10:57+00:00,2eb300a6-bd34-43d9-94c9-8697b97c5ba7,
d8878260-baca-47f7-a291-a8b41e41083b,82.55,RON,Lidl ref 87882674,2025-08-31T21:05:57+00:00,818e12e2-7146-4ffe-a877-ba23cf63df5b,
50bf1233-73b6-4e2a-87f8-fac9abe842d8,166.38,RON,Carrefour ref 63342304,2025-08-31T21:30:57+00:00,12cbffe1-d83b-42c0-8120-8703b8fbd5c6,
120b108d-e30c-42fb-8b1f-abc060ebefc9,117.92,RON,Kaufland ref 87933549,2025-08-31T22:13:57+00:00,818e12e2-7146-4ffe-a877-ba23cf63df5b,
6d2cdbf9-160b-4ed4-8dc5-d42e6233960a,82.58,RON,Lidl ref 24217270,2025-08-31T22:36:57+00:00,0e5779ec-be1a-470f-ad83-a4c869f8d3e4,
3183c226-c6d5-45e0-9e18-446ba3e910bf,50.06,RON,Mega Image ref 94298106,2025-08-31T23:28:57+00:00,56cc310a-2a4b-4ab3-87df-66009aa0bf74,
44ab8ece-c6c0-4a3a-bf46-8efb8c189a26,37.54,RON,Mega Image ref 72501512,2025-09-01T00:48:57+00:00,97c83e0a-8a40-4c3e-b8e3-ae37cffa9985,
de04299b-1ac7-43c7-b0ae-5560b0b7ecaf,109.85,RON,Glovo ref 41187635,2025-09-01T01:30:57+00:00,12cbffe1-d83b-42c0-8120-8703b8fbd5c6,
019a1843-d9db-4f58-aebd-342d22d91b18,74.75,RON,Glovo ref 13408559,2025-09-01T02:06:57+00:00,7bf7bf91-9958-41e0-bb31-0f54e9f410c9,
cfd3ca8e-809a-4e97-96af-de1eacd1778c,73.52,RON,Glovo ref 13598791,2025-09-01T02:08:57+00:00,818e12e2-7146-4ffe-a877-ba23cf63df5b,
3b6a38cf-e0df-442d-a5b8-13c29619cf44,71.1,RON,Carrefour ref 40812818,2025-09-01T02:58:57+00:00,7bf7bf91-9958-41e0-bb31-0f54e9f410c9,
f9ce407a-ff41-4009-97c8-7e0fce8e9fda,30.16,RON,Lidl ref 63747109,2025-09-01T15:08:57+00:00,56cc310a-2a4b-4ab3-87df-66009aa0bf74,
d288b06a-d51f-43b1-bd05-8c0701b4cdfc,69.33,RON,Lidl ref 36190263,2025-09-01T15:36:57+00:00,aa7898aa-95b2-468b-ac92-275a68599dc4,
85594d77-71e0-47b0-bb6a-36476d2f458d,58.93,RON,Mega Image ref 86660490,2025-09-01T17:57:57+00:00,aa7898aa-95b2-468b-ac92-275a68599dc4,
c8cb4fb1-0f2a-4a08-bdf2-af0c1cc2b0be,17.69,RON,Mega Image ref 49674981,2025-09-01T18:05:57+00:00,6e36dc96-4f61-48f4-b69f-4ca617af9323,
19b1cec8-ae97-4869-aea1-51aabcf7bbc2,64.61,RON,Farmacia Tei ref 84564128,2025-09-01T18:19:57+00:00,7bf7bf91-9958-41e0-bb31-0f54e9f410c9,
8e7aa9fa-3c43-44a7-a2ce-1bc02a218cc7,61.95,RON,Glovo ref 81922462,2025-09-01T19:12:57+00:00,82112000-16b4-4f2b-9dee-8ec850f886ea,
302e5ec2-148c-413f-a88e-2744a92662d2,54.02,RON,Glovo ref 37132629,2025-09-01T19:49:57+00:00,6e36dc96-4f61-48f4-b69f-4ca617af9323,
7b03f61b-5705-433e-92f0-2148016d0426,38.3,RON,Glovo ref 37963448,2025-09-01T20:34:57+00:00,7bf7bf91-9958-41e0-bb31-0f54e9f410c9,
58af8235-9374-44cb-a850-a9b40735d08b,183.78,RON,Carrefour ref 83281482,2025-09-01T20:50:57+00:00,6e36dc96-4f61-48f4-b69f-4ca617af9323,
2edb7916-22b9-4234-aeda-22598c494fb2,122.11,RON,Lidl ref 26138711,2025-09-01T21:09:57+00:00,02c27ee1-ff57-48d4-82c7-6cf491fd62b9,
0a8c67a5-7123-44f5-8c10-8cd3aa3e5d92,62.04,RON,Lidl ref 67794991,2025-09-01T22:46:57+00:00,6e36dc96-4f61-48f4-b69f-4ca617af9323,
52243406-8794-4bfa-9fbd-1027340508d4,45.51,RON,Farmacia Tei ref 65878493,2025-09-02T02:56:57+00:00,33a2f3d5-7d4c-460f-ba3e-5b7745b7b856,
52ca728b-42d5-4a42-a8d4-19a7f0bed51f,55.79,RON,Kaufland ref 79888222,2025-09-02T03:18:57+00:00,6e36dc96-4f61-48f4-b69f-4ca617af9323,
c3b1927b-c178-4e77-ac3b-9258f943375e,54.13,RON,Mega Image ref 20542212,2025-09-02T03:21:57+00:00,0e5779ec-be1a-470f-ad83-a4c869f8d3e4,
af39f2ce-4f75-445a-b4a1-2a0d18e63a55,77.11,RON,Glovo ref 72850928,2025-09-02T04:30:57+00:00,0e5779ec-be1a-470f-ad83-a4c869f8d3e4,
e8601ed6-d8ce-4235-91bf-a7e15aae6047,149.58,RON,Kaufland ref 83768587,2025-09-02T04:33:57+00:00,82112000-16b4-4f2b-9dee-8ec850f886ea,
543fb086-6e4f-4b1c-81cf-1f8da5a49785,149.7,RON,Kaufland ref 78194047,2025-09-02T15:28:57+00:00,02c27ee1-ff57-48d4-82c7-6cf491fd62b9,
9abc9859-593e-4c83-8497-d0a8484204d5,88.62,RON,Carrefour ref 32924595,2025-09-02T16:01:57+00:00,0e5779ec-be1a-470f-ad83-a4c869f8d3e4,
014cd941-6f8a-406f-9f2a-8572e330e3e1,51.0,RON,Kaufland ref 94065033,2025-09-02T17:19:57+00:00,5588e5c9-786a-4f09-8721-a8cedc57f9c8,
4ff61385-6c3d-418c-ba01-77c20d08d725,166.02,RON,Carrefour ref 26513789,2025-09-02T18:28:57+00:00,33a2f3d5-7d4c-460f-ba3e-5b7745b7b856,
0aaf7ae7-fea4-4402-970d-3b3892686857,35.11,RON,Mega Image ref 52861321,2025-09-02T18:46:57+00:00,56cc310a-2a4b-4ab3-87df-66009aa0bf74,
0680809e-7623-450e-9f66-b98f097e0cad,55.0,RON,Glovo ref 64012161,2025-09-02T19:02:57+00:00,56cc310a-2a4b-4ab3-87df-66009aa0bf74,
9b67bd94-215d-46f9-a620-77b709aae95c,66.71,RON,Carrefour ref 97103763,2025-09-02T19:49:57+00:00,5588e5c9-786a-4f09-8721-a8cedc57f9c8,
fa519a74-fa3b-4792-bf50-a2a8636c121f,157.69,RON,Kaufland ref 22913709,2025-09-02T19:56:57+00:00,6e36dc96-4f61-48f4-b69f-4ca617af9323,
281f45ff-53bd-4b05-9308-9f8bba345e82,32.74,RON,Lidl ref 39855629,2025-09-02T20:30:57+00:00,aa7898aa-95b2-468b-ac92-275a68599dc4,
ab30f1b1-bb4c-4947-8748-b576fe3a4f96,71.03,RON,Kaufland ref 28363405,2025-09-02T21:10:57+00:00,aa7898aa-95b2-468b-ac92-275a68599dc4,
d02e4ccc-ae03-43a9-8dff-80fc34504da6,50.47,RON,Farmacia Tei ref 65661439,2025-09-02T22:27:57+00:00,02c27ee1-ff57-48d4-82c7-6cf491fd62b9,
adb81a88-ee9d-4a10-a62a-29aefe76a011,91.92,RON,Kaufland ref 11182332,2025-09-02T22:49:57+00:00,12cbffe1-d83b-42c0-8120-8703b8fbd5c6,
aa4946f4-ead1-4758-b319-f18d2ef03a1b,102.01,RON,Lidl ref 62623673,2025-09-02T23:55:57+00:00,0e5779ec-be1a-470f-ad83-a4c869f8d3e4,
765ddb55-e706-4003-8a0b-71f404033c51,69.79,RON,Glovo ref 78043219,2025-09-03T01:29:57+00:00,818e12e2-7146-4ffe-a877-ba23cf63df5b,
3c6de7c4-702e-4a22-ac4a-64b967766e22,100.28,RON,Lidl ref 43873184,2025-09-03T01:35:57+00:00,82112000-16b4-4f2b-9dee-8ec850f886ea,
0945024a-4590-4156-bbf6-d1d6bf108a53,174.14,RON,OMV benzina ref 17933587,2025-09-03T01:58:57+00:00,33a2f3d5-7d4c-460f-ba3e-5b7745b7b856,
4713b5d5-b236-4b7a-be21-776dd92d617e,341.43,RON,OMV benzina ref 27223752,2025-09-03T02:10:57+00:00,82112000-16b4-4f2b-9dee-8ec850f886ea,
e9a1fa6f-81f7-4d1c-adbc-2134c30ff46e,61.46,RON,Glovo ref 77187530,2025-09-03T02:35:57+00:00,bdd640fb-0667-4ad1-9c80-317fa3b1799d,
6a5b43f4-d775-41f9-aa4f-2825ec3679e4,34.03,RON,Farmacia Tei ref 68403720,2025-09-03T02:46:57+00:00,82112000-16b4-4f2b-9dee-8ec850f886ea,
301c1059-7213-45e1-9d15-a56c8dbfe865,34.33,RON,Mega Image ref 32108776,2025-09-03T03:14:57+00:00,6e36dc96-4f61-48f4-b69f-4ca617af9323,
d8eedee8-ec05-46c6-b5c1-aabf8c24ce0e,70.52,RON,Mega Image ref 44261627,2025-09-03T03:18:57+00:00,33a2f3d5-7d4c-460f-ba3e-5b7745b7b856,
e8ce00e1-6ef3-44cf-a5a1-4a80ff3aeb4a,27.85,RON,Mega Image ref 67206963,2025-09-03T04:07:57+00:00,d3228db7-ef32-4e3e-8fa9-f9f8a84cc34d,
875affb8-0101-461a-a9fe-eddf8aff9563,81.07,RON,Mega Image ref 44888312,2025-09-03T04:13:57+00:00,82112000-16b4-4f2b-9dee-8ec850f886ea,
06bb9c52-1a73-4d49-a75f-c829a16dfae6,84.57,RON,Glovo ref 93005212,2025-09-03T04:18:57+00:00,6e36dc96-4f61-48f4-b69f-4ca617af9323,
34eddad4-7907-4353-855d-f0ca3ff89cf7,54.58,RON,Kaufland ref 14428890,2025-09-03T14:57:57+00:00,d3228db7-ef32-4e3e-8fa9-f9f8a84cc34d,
d985084a-5bb4-42ae-bef2-7f33e906705d,62.0,RON,Mega Image ref 32163704,2025-09-03T15:17:57+00:00,5588e5c9-786a-4f09-8721-a8cedc57f9c8,
7f7e2d3b-993b-4d75-b4d6-1a8126413a68,43.47,RON,Mega Image ref 13823075,2025-09-03T19:37:57+00:00,97c83e0a-8a40-4c3e-b8e3-ae37cffa9985,
1ad81d87-c20a-40f1-8a10-75efd8ac9c9d,105.14,RON,Kaufland ref 98456661,2025-09-03T20:18:57+00:00,56cc310a-2a4b-4ab3-87df-66009aa0bf74,
bb381445-4186-4f5a-929e-a41c2170b078,100.49,RON,Carrefour ref 19565232,2025-09-03T20:31:57+00:00,12cbffe1-d83b-42c0-8120-8703b8fbd5c6,
7d27519b-088f-41e1-931a-8fd8450bbc4f,35.82,RON,Mega Image ref 96732269,2025-09-03T21:08:57+00:00,56cc310a-2a4b-4ab3-87df-66009aa0bf74,
dd432264-47b1-4789-ac62-b30e69def29a,60.07,RON,Farmacia Tei ref 87989923,2025-09-03T22:17:57+00:00,2eb300a6-bd34-43d9-94c9-8697b97c5ba7,
c8c862c2-6c39-4343-9ea6-383f425d691d,68.8,RON,Mega Image ref 99139808,2025-09-03T22:44:57+00:00,12cbffe1-d83b-42c0-8120-8703b8fbd5c6,
a5925fc6-9b7e-4eca-b3d2-260674d20c54,54.6,RON,Mega Image ref 55771354,2025-09-03T22:56:57+00:00,82112000-16b4-4f2b-9dee-8ec850f886ea,
3a3ed132-7898-4fb9-a0db-af9fbfbe6c20,103.69,RON,Lidl ref 48153547,2025-09-04T00:03:57+00:00,97c83e0a-8a40-4c3e-b8e3-ae37cffa9985,
d7724ab4-cb7b-4cbe-8e1a-a7e14672193a,277.72,RON,Dedeman ref 57408330,2025-09-04T00:20:57+00:00,5588e5c9-786a-4f09-8721-a8cedc57f9c8,
39568b4c-e6a0-451d-967e-291a3c291bd0,70.81,RON,Kaufland ref 73748044,2025-09-04T01:25:57+00:00,818e12e2-7146-4ffe-a877-ba23cf63df5b,
09fb326a-7011-4af8-94ad-d011735253a2,115.56,RON,Kaufland ref 18110163,2025-09-04T03:11:57+00:00,12cbffe1-d83b-42c0-8120-8703b8fbd5c6,
294cd3e1-bd96-4e99-8628-7169693f6dd8,128.12,RON,Kaufland ref 88425066,2025-09-04T03:17:57+00:00,33a2f3d5-7d4c-460f-ba3e-5b7745b7b856,
d8060ff5-059b-477b-9921-0c645299607c,100.92,RON,Glovo ref 95588023,2025-09-04T03:59:57+00:00,02c27ee1-ff57-48d4-82c7-6cf491fd62b9,
7d9def75-1138-48db-af2f-841100d190bd,71.21,RON,Glovo ref 38747971,2025-09-04T16:12:57+00:00,aa7898aa-95b2-468b-ac92-275a68599dc4,
95240ab3-62da-4559-a7e8-089c7db90373,38.54,RON,Lidl ref 48393437,2025-09-04T16:55:57+00:00,82112000-16b4-4f2b-9dee-8ec850f886ea,
9749d2b0-b1ad-482a-905c-c78d354f184e,32.84,RON,Mega Image ref 55729880,2025-09-04T17:09:57+00:00,0e5779ec-be1a-470f-ad83-a4c869f8d3e4,
724bc957-ad40-4f0f-aa2b-d78ea29455bc,61.4,RON,Lidl ref 97639495,2025-09-04T17:19:57+00:00,12cbffe1-d83b-42c0-8120-8703b8fbd5c6,
ddcb32bb-255e-41b2-9e12-d7940697f23e,110.64,RON,Kaufland ref 31924788,2025-09-04T17:22:57+00:00,5588e5c9-786a-4f09-8721-a8cedc57f9c8,
7f297630-bbca-4210-afe6-1a89d059b594,36.04,RON,Mega Image ref 75029451,2025-09-04T17:55:57+00:00,aa7898aa-95b2-468b-ac92-275a68599dc4,
00c5f59c-6713-4975-9711-ca4a42f2d642,260.89,RON,OMV benzina ref 59403097,2025-09-04T18:20:57+00:00,818e12e2-7146-4ffe-a877-ba23cf63df5b,
bcaf0ee3-1b19-4829-90fc-b577cec75674,50.15,RON,Mega Image ref 82929177,2025-09-04T18:30:57+00:00,7bf7bf91-9958-41e0-bb31-0f54e9f410c9,
b324ffc8-23d9-4acc-881d-7ecff286e414,65.93,RON,Carrefour ref 99161003,2025-09-04T18:47:57+00:00,5588e5c9-786a-4f09-8721-a8cedc57f9c8,
e0c53cb8-3da9-42a9-8ed4-2f1a3d4cbf37,101.62,RON,Lidl ref 51273847,2025-09-04T20:35:57+00:00,bdd640fb-0667-4ad1-9c80-317fa3b1799d,
c3545cd8-66f7-456a-91d9-b407c3359955,48.73,RON,Glovo ref 18213084,2025-09-04T20:52:57+00:00,02c27ee1-ff57-48d4-82c7-6cf491fd62b9,
94ffc632-8e4e-4747-9076-8cda643d7a57,79.48,RON,Glovo ref 97563239,2025-09-04T21:57:57+00:00,97c83e0a-8a40-4c3e-b8e3-ae37cffa9985,
bf182031-0f8e-41f1-908e-955553c7c650,55.5,RON,Carrefour ref 72592504,2025-09-04T22:59:57+00:00,d3228db7-ef32-4e3e-8fa9-f9f8a84cc34d,
00b60e38-74d4-48ee-80c9-d17f69af3d0f,76.15,RON,Lidl ref 54476709,2025-09-04T23:47:57+00:00,2eb300a6-bd34-43d9-94c9-8697b97c5ba7,
4e0627fa-95ad-491b-9e4d-da34ca3e15b1,124.21,RON,Kaufland ref 93879098,2025-09-05T00:36:57+00:00,97c83e0a-8a40-4c3e-b8e3-ae37cffa9985,
93b12aa7-a7a1-4d1d-a3fb-c14bd607cd4a,38.8,RON,Mega Image ref 26196506,2025-09-05T01:16:57+00:00,12cbffe1-d83b-42c0-8120-8703b8fbd5c6,
f17316d5-df42-4abd-a04f-3c8d961a9968,27.1,RON,Lidl ref 28371007,2025-09-05T01:19:57+00:00,aa7898aa-95b2-468b-ac92-275a68599dc4,
aecb9625-66c6-4a9b-9d43-fb548b8961fa,60.16,RON,Mega Image ref 20435361,2025-09-05T01:33:57+00:00,02c27ee1-ff57-48d4-82c7-6cf491fd62b9,
3c817b14-c7d4-49ba-8f77-d5c0940b8668,46.08,RON,Kaufland ref 59011649,2025-09-05T01:48:57+00:00,56cc310a-2a4b-4ab3-87df-66009aa0bf74,
e3d44ecc-6256-4c20-8fb1-0eedda322f3c,52.92,RON,Mega Image ref 97486302,2025-09-05T02:08:57+00:00,d3228db7-ef32-4e3e-8fa9-f9f8a84cc34d,
a8e56e0c-20de-435d-a031-d750c40db9b4,247.22,RON,OMV benzina ref 81498611,2025-09-05T02:10:57+00:00,bdd640fb-0667-4ad1-9c80-317fa3b1799d,
358ae854-49b4-4f17-9e6b-ed7aeb536282,149.37,RON,Kaufland ref 32509513,2025-09-05T04:11:57+00:00,7bf7bf91-9958-41e0-bb31-0f54e9f410c9,
edcd465e-3638-4821-b6e0-7cc06c52c49f,6750.29,RON,Salariu,2025-09-05T06:39:57+00:00,,bdd640fb-0667-4ad1-9c80-317fa3b1799d
b09b2a5c-badc-432a-8159-0f538a0f4efb,24.99,RON,Spotify,2025-09-05T06:39:57+00:00,bdd640fb-0667-4ad1-9c80-317fa3b1799d,
13f0e33f-ab6b-4f08-a9a0-f4ef2c4f5416,12351.06,RON,Salariu,2025-09-05T06:39:57+00:00,,0e5779ec-be1a-470f-ad83-a4c869f8d3e4
92fe00e8-b63f-4809-ae4d-0decbd472885,24.99,RON,Spotify,2025-09-05T06:39:57+00:00,0e5779ec-be1a-470f-ad83-a4c869f8d3e4,
9d065ae8-4358-4e3f-b01f-90e76b0c7da5,5381.4,RON,Salariu,2025-09-05T06:39:57+00:00,,aa7898aa-95b2-468b-ac92-275a68599dc4
3c165571-957a-46e5-a18a-f1fd615ab341,24.99,RON,Spotify,2025-09-05T06:39:57+00:00,aa7898aa-95b2-468b-ac92-275a68599dc4,
4e0bec8f-a07d-4d6c-81d0-468ca528698b,5648.15,RON,Salariu,2025-09-05T06:39:57+00:00,,7bf7bf91-9958-41e0-bb31-0f54e9f410c9
608d5135-0f19-4b92-97b4-e6d09fc2e952,24.99,RON,Spotify,2025-09-05T06:39:57+00:00,7bf7bf91-9958-41e0-bb31-0f54e9f410c9,
31107d36-797d-41c4-83cb-e6bde1316354,5655.08,RON,Salariu,2025-09-05T06:39:57+00:00,,02c27ee1-ff57-48d4-82c7-6cf491fd62b9
94d3a310-9489-433c-8f40-ee1af1899189,24.99,RON,Spotify,2025-09-05T06:39:57+00:00,02c27ee1-ff57-48d4-82c7-6cf491fd62b9,
fff6a3fa-7c9f-42d9-adae-0002ca63e418,6060.09,RON,Salariu,2025-09-05T06:39:57+00:00,,56cc310a-2a4b-4ab3-87df-66009aa0bf74
ac7e9900-e112-4126-9e36-316d3d7aa6a5,24.99,RON,Spotify,2025-09-05T06:39:57+00:00,56cc310a-2a4b-4ab3-87df-66009aa0bf74,
626f3613-dab4-40f9-b15f-c97dff2868c3,8327.13,RON,Salariu,2025-09-05T06:39:57+00:00,,5588e5c9-786a-4f09-8721-a8cedc57f9c8
cec88e0d-2056-40f7-8465-d576eeeb75c7,24.99,RON,Spotify,2025-09-05T06:39:57+00:00,5588e5c9-786a-4f09-8721-a8cedc57f9c8,
eb717d6c-a45f-4080-9a4a-4ecbcc05b7ae,10719.62,RON,Salariu,2025-09-05T06:39:57+00:00,,33a2f3d5-7d4c-460f-ba3e-5b7745b7b856
31e55f23-b08d-40c0-bafe-272998b803b3,24.99,RON,Spotify,2025-09-05T06:39:57+00:00,33a2f3d5-7d4c-460f-ba3e-5b7745b7b856,
2b692471-61e5-4acf-9b08-c649d10c690a,9195.15,RON,Salariu,2025-09-05T06:39:57+00:00,,6e36dc96-4f61-48f4-b69f-4ca617af9323
8e19c314-0c38-47b8-a622-4f6954b575c0,24.99,RON,Spotify,2025-09-05T06:39:57+00:00,6e36dc96-4f61-48f4-b69f-4ca617af9323,
0c0f60cf-8ba3-4189-babf-41eed91ba1aa,4272.19,RON,Salariu,2025-09-05T06:39:57+00:00,,2eb300a6-bd34-43d9-94c9-8697b97c5ba7
b04ad305-4ca5-401b-86d2-d383c90017aa,24.99,RON,Spotify,2025-09-05T06:39:57+00:00,2eb300a6-bd34-43d9-94c9-8697b97c5ba7,
35c9cdcf-f058-49dc-a0ba-46f3feb7bb5e,11834.0,RON,Salariu,2025-09-05T06:39:57+00:00,,818e12e2-7146-4ffe-a877-ba23cf63df5b
37c5540a-3fa0-414a-9113-e35f22a2ea1f,24.99,RON,Spotify,2025-09-05T06:39:57+00:00,818e12e2-7146-4ffe-a877-ba23cf63df5b,
8fe1b6f3-6c78-4a94-8d90-2db3cd942ee2,7310.52,RON,Salariu,2025-09-05T06:39:57+00:00,,97c83e0a-8a40-4c3e-b8e3-ae37cffa9985
d7b2c0ee-4da6-4d8a-93a9-fcc64bbc0706,24.99,RON,Spotify,2025-09-05T06:39:57+00:00,97c83e0a-8a40-4c3e-b8e3-ae37cffa9985,
422e4c77-1975-4625-865f-695bf7016b66,4764.6,RON,Salariu,2025-09-05T06:39:57+00:00,,d3228db7-ef32-4e3e-8fa9-f9f8a84cc34d
3caa9046-4e40-4427-ad2b-93204c94f0d7,24.99,RON,Spotify,2025-09-05T06:39:57+00:00,d3228db7-ef32-4e3e-8fa9-f9f8a84cc34d,
1a86de6a-ade2-4001-91a9-65dcac6743bf,13610.85,RON,Salariu,2025-09-05T06:39:57+00:00,,12cbffe1-d83b-42c0-8120-8703b8fbd5c6
b3136c22-54c5-431f-8814-a10e1e3c1470,24.99,RON,Spotify,2025-09-05T06:39:57+00:00,12cbffe1-d83b-42c0-8120-8703b8fbd5c6,
2b1e8004-51ef-4bd4-8cb3-c6fa1d30d053,11396.61,RON,Salariu,2025-09-05T06:39:57+00:00,,82112000-16b4-4f2b-9dee-8ec850f886ea
716b7101-ede3-4af3-92f3-b9b3eb59fcc0,24.99,RON,Spotify,2025-09-05T06:39:57+00:00,82112000-16b4-4f2b-9dee-8ec850f886ea,
c7727807-4524-48de-b6e2-d60f89d00d69,132.3,RON,OMV benzina ref 81669376,2025-09-05T15:08:57+00:00,56cc310a-2a4b-4ab3-87df-66009aa0bf74,
343e299e-c4fb-4e5f-a231-9899f73d102c,30.78,RON,Mega Image ref 53333288,2025-09-05T16:14:57+00:00,02c27ee1-ff57-48d4-82c7-6cf491fd62b9,
a9008ecd-a51e-41ad-be8a-207853d106cb,262.3,RON,OMV benzina ref 60856575,2025-09-05T16:22:57+00:00,0e5779ec-be1a-470f-ad83-a4c869f8d3e4,
93f3503d-9d96-432d-a3d5-e7504a9ff50e,30.41,RON,Farmacia Tei ref 81303949,2025-09-05T17:21:57+00:00,0e5779ec-be1a-470f-ad83-a4c869f8d3e4,
38602ab6-96a4-42f2-bae8-cc938dcdcd03,68.99,RON,Carrefour ref 88961459,2025-09-05T17:43:57+00:00,bdd640fb-0667-4ad1-9c80-317fa3b1799d,
01de8041-9cb2-4bbd-b1a0-261ec0d70f89,59.35,RON,Glovo ref 24290225,2025-09-05T17:53:57+00:00,56cc310a-2a4b-4ab3-87df-66009aa0bf74,
cf51a203-a2d9-49ba-8146-ed52e73bc913,30.95,RON,Glovo ref 87949346,2025-09-05T18:31:57+00:00,0e5779ec-be1a-470f-ad83-a4c869f8d3e4,
b575008f-49b2-446b-87db-14f34c1d46c4,90.48,RON,Glovo ref 56518542,2025-09-05T18:37:57+00:00,5588e5c9-786a-4f09-8721-a8cedc57f9c8,
a0ecba20-cc85-456c-aade-3fb295731c33,137.78,RON,Kaufland ref 85223447,2025-09-05T20:11:57+00:00,818e12e2-7146-4ffe-a877-ba23cf63df5b,
4edb6dc8-2d19-4d52-b1f9-b0e2d2701a52,53.92,RON,Lidl ref 23106885,2025-09-06T00:08:57+00:00,0e5779ec-be1a-470f-ad83-a4c869f8d3e4,
193576a1-ebda-414b-ac6f-267a30089312,117.22,RON,Lidl ref 46720845,2025-09-06T00:51:57+00:00,82112000-16b4-4f2b-9dee-8ec850f886ea,
19fc7703-2a99-41f4-a568-689ac7c2986e,219.33,RON,OMV benzina ref 94673310,2025-09-06T00:52:57+00:00,12cbffe1-d83b-42c0-8120-8703b8fbd5c6,
5496f63c-dc11-40c1-880a-adfbe7c99b26,84.63,RON,Dedeman ref 19046318,2025-09-06T02:19:57+00:00,bdd640fb-0667-4ad1-9c80-317fa3b1799d,
b74d79e0-081b-4b20-9f0c-3ee58128ed78,54.85,RON,Glovo ref 34634338,2025-09-06T02:29:57+00:00,2eb300a6-bd34-43d9-94c9-8697b97c5ba7,
12a0c03a-30e6-40e6-9067-4809e855dc9b,99.65,RON,Glovo ref 10950721,2025-09-06T04:07:57+00:00,82112000-16b4-4f2b-9dee-8ec850f886ea,
d0ffa971-910f-4f44-bec5-2f69ac436e12,207.68,RON,Kaufland ref 20749781,2025-09-06T04:11:57+00:00,02c27ee1-ff57-48d4-82c7-6cf491fd62b9,
f706e859-d403-48ec-bbf4-84d0cb56e062,357.99,RON,OMV benzina ref 43260942,2025-09-06T04:35:57+00:00,6e36dc96-4f61-48f4-b69f-4ca617af9323,
534d388e-7279-4c9e-b828-1e0b6b6a838e,73.48,RON,Glovo ref 48556908,2025-09-06T16:35:57+00:00,aa7898aa-95b2-468b-ac92-275a68599dc4,
ef7ddc76-b92d-422b-a1df-306f8a0b3c33,115.86,RON,Kaufland ref 38754377,2025-09-06T17:56:57+00:00,bdd640fb-0667-4ad1-9c80-317fa3b1799d,
c3c4087f-55bf-42e2-a0ee-bfe458276868,17.83,RON,Mega Image ref 79923012,2025-09-06T20:46:57+00:00,6e36dc96-4f61-48f4-b69f-4ca617af9323,
9505412d-bb5f-4118-9934-4c81704a85b9,59.38,RON,Carrefour ref 14279213,2025-09-06T23:13:57+00:00,818e12e2-7146-4ffe-a877-ba23cf63df5b,
e524d086-d00f-41c2-b869-7f348ca2b335,47.08,RON,Lidl ref 25058922,2025-09-06T23:48:57+00:00,12cbffe1-d83b-42c0-8120-8703b8fbd5c6,
e1916de6-7b92-4f36-a552-4464788938d0,128.78,RON,Dedeman ref 52865688,2025-09-07T00:12:57+00:00,12cbffe1-d83b-42c0-8120-8703b8fbd5c6,
0dde29a6-baa4-471a-9d24-67ac778eedb3,70.65,RON,Carrefour ref 65177213,2025-09-07T01:06:57+00:00,bdd640fb-0667-4ad1-9c80-317fa3b1799d,
e1934b27-1f6c-4641-bd47-afdc9defcc06,62.61,RON,Mega Image ref 93019383,2025-09-07T02:01:57+00:00,82112000-16b4-4f2b-9dee-8ec850f886ea,
164c0e98-e25f-4355-b8f4-32493c02c906,145.57,RON,Carrefour ref 99237139,2025-09-07T02:23:57+00:00,02c27ee1-ff57-48d4-82c7-6cf491fd62b9,
5c870128-d9db-4878-8e81-ccdb8d7aa77b,133.97,RON,Kaufland ref 55405248,2025-09-07T14:45:57+00:00,12cbffe1-d83b-42c0-8120-8703b8fbd5c6,
483385ec-bdaa-4bdd-9886-067f15467803,240.33,RON,OMV benzina ref 97137968,2025-09-07T16:51:57+00:00,818e12e2-7146-4ffe-a877-ba23cf63df5b,
d537ad9b-565c-488d-a8ce-d275c2e025f1,104.46,RON,Lidl ref 82679492,2025-09-07T17:38:57+00:00,6e36dc96-4f61-48f4-b69f-4ca617af9323,
e495da43-4f6e-42ac-bdf7-e7a8d39e6934,59.17,RON,Glovo ref 85559285,2025-09-07T18:57:57+00:00,818e12e2-7146-4ffe-a877-ba23cf63df5b,
52bcb64d-c594-48c5-8ff0-18450f90cd63,34.72,RON,Farmacia Tei ref 64895832,2025-09-07T19:11:57+00:00,aa7898aa-95b2-468b-ac92-275a68599dc4,
6e9fb017-39ec-4890-9c04-c7f5bce57202,45.06,RON,Mega Image ref 10925970,2025-09-07T19:32:57+00:00,12cbffe1-d83b-42c0-8120-8703b8fbd5c6,
6b36a78b-af80-4f2b-b78f-cc0da5826b3d,148.73,RON,Carrefour ref 59006878,2025-09-07T19:50:57+00:00,5588e5c9-786a-4f09-8721-a8cedc57f9c8,
79b8007e-1b58-423b-a29b-171cc491dc5b,145.63,RON,Carrefour ref 10271452,2025-09-07T19:51:57+00:00,33a2f3d5-7d4c-460f-ba3e-5b7745b7b856,
d49935b8-0222-4aeb-a032-fcfb42c59db7,312.61,RON,OMV benzina ref 53069021,2025-09-07T20:06:57+00:00,12cbffe1-d83b-42c0-8120-8703b8fbd5c6,
a08a93ba-ca2c-4be2-bd31-b02d2007b338,60.76,RON,Carrefour ref 12863700,2025-09-07T20:44:57+00:00,97c83e0a-8a40-4c3e-b8e3-ae37cffa9985,
894a05e4-30b1-47ef-b10c-0c003fa7f104,51.83,RON,Lidl ref 24665841,2025-09-07T21:25:57+00:00,bdd640fb-0667-4ad1-9c80-317fa3b1799d,
3c1fc9aa-afed-46c3-a979-05ea99defd20,68.2,RON,Glovo ref 75655873,2025-09-07T22:32:57+00:00,aa7898aa-95b2-468b-ac92-275a68599dc4,
1c153057-5bf7-44cf-ba8b-d601d21ce315,36.47,RON,Carrefour ref 85165988,2025-09-07T22:42:57+00:00,0e5779ec-be1a-470f-ad83-a4c869f8d3e4,
5ae3a07a-963d-4e79-a1aa-4132da1983a0,34.97,RON,Glovo ref 46841130,2025-09-07T23:34:57+00:00,5588e5c9-786a-4f09-8721-a8cedc57f9c8,
b408ec62-1c9f-45fd-9fc1-74fe7cecf071,66.96,RON,Carrefour ref 63284476,2025-09-07T23:35:57+00:00,818e12e2-7146-4ffe-a877-ba23cf63df5b,
5ac77958-2493-4816-b223-bf38beaee313,81.42,RON,Kaufland ref 88781672,2025-09-08T01:59:57+00:00,33a2f3d5-7d4c-460f-ba3e-5b7745b7b856,
3224f8f3-5798-40c4-9053-9e55520824a6,186.99,RON,Kaufland ref 33886625,2025-09-08T02:44:57+00:00,82112000-16b4-4f2b-9dee-8ec850f886ea,
2534faaa-7c6b-4671-a824-f71e892925f6,36.65,RON,Mega Image ref 21360955,2025-09-08T03:45:57+00:00,5588e5c9-786a-4f09-8721-a8cedc57f9c8,
0bf73e36-0f12-430b-8b13-99d0f43f5088,51.18,RON,Lidl ref 60602853,2025-09-08T15:38:57+00:00,33a2f3d5-7d4c-460f-ba3e-5b7745b7b856,
e962ba27-fca7-475e-b7d5-8eddd26f8ad2,90.64,RON,Dedeman ref 42547950,2025-09-08T15:52:57+00:00,d3228db7-ef32-4e3e-8fa9-f9f8a84cc34d,
1ef540d6-f5d9-4936-b085-770fb7e1cb21,15.04,RON,Mega Image ref 34380986,2025-09-08T16:04:57+00:00,7bf7bf91-9958-41e0-bb31-0f54e9f410c9,
7b0b5c3d-6980-4be9-89d5-19f7bf3d5c75,49.09,RON,Glovo ref 48004681,2025-09-08T17:16:57+00:00,12cbffe1-d83b-42c0-8120-8703b8fbd5c6,
e64f8ec0-61e5-4dd9-b41d-60f6bded3f17,48.0,RON,Kaufland ref 99896917,2025-09-08T17:18:57+00:00,7bf7bf91-9958-41e0-bb31-0f54e9f410c9,
ffe9156a-c578-4b38-9acf-936dcf2fb030,134.5,RON,Kaufland ref 37535807,2025-09-08T19:50:57+00:00,6e36dc96-4f61-48f4-b69f-4ca617af9323,
933f7d2f-1fba-4b1b-8367-c2d1efd612b9,17.76,RON,Mega Image ref 17199117,2025-09-08T20:16:57+00:00,5588e5c9-786a-4f09-8721-a8cedc57f9c8,
ff09338c-422a-4aa7-9e2c-5cf900828826,78.73,RON,Glovo ref 35481359,2025-09-08T20:31:57+00:00,02c27ee1-ff57-48d4-82c7-6cf491fd62b9,
39984dc3-8a90-4312-abb5-e3f7bbe44aab,45.3,RON,Glovo ref 12009221,2025-09-08T21:10:57+00:00,6e36dc96-4f61-48f4-b69f-4ca617af9323,
82f154da-4b2c-46db-9f0b-e051e3096893,19.91,RON,Mega Image ref 22874700,2025-09-08T22:03:57+00:00,2eb300a6-bd34-43d9-94c9-8697b97c5ba7,
888c5190-5e98-4853-b0b1-c5c716c98b8a,95.45,RON,Lidl ref 70916608,2025-09-08T22:09:57+00:00,d3228db7-ef32-4e3e-8fa9-f9f8a84cc34d,
379f0075-ba72-486e-b79a-0c86c986b3e4,32.72,RON,Glovo ref 69444804,2025-09-08T22:22:57+00:00,7bf7bf91-9958-41e0-bb31-0f54e9f410c9,
64f04f7d-171c-4636-a523-e63c9846e30a,170.06,RON,Kaufland ref 38939284,2025-09-08T22:34:57+00:00,97c83e0a-8a40-4c3e-b8e3-ae37cffa9985,
3c835dc0-d944-4fa5-80e9-ab30ed2662e9,13.54,RON,Mega Image ref 22517517,2025-09-08T23:32:57+00:00,bdd640fb-0667-4ad1-9c80-317fa3b1799d,
5ea4d9b3-469a-4b47-942c-a399f2a5e387,39.11,RON,Carrefour ref 90178016,2025-09-09T00:45:57+00:00,2eb300a6-bd34-43d9-94c9-8697b97c5ba7,
c6c2df28-7af4-4b7d-a5cd-028a5a24b53f,92.68,RON,Glovo ref 72390872,2025-09-09T01:04:57+00:00,33a2f3d5-7d4c-460f-ba3e-5b7745b7b856,
fd7ee75c-f997-4697-afcd-df50a86de251,23.67,RON,Glovo ref 75323947,2025-09-09T16:20:57+00:00,0e5779ec-be1a-470f-ad83-a4c869f8d3e4,
c4196c8a-c44f-42a8-9a4a-96aee987cfb2,290.89,RON,Dedeman ref 54733168,2025-09-09T20:44:57+00:00,aa7898aa-95b2-468b-ac92-275a68599dc4,
cbf84759-df93-498b-a912-41d1025f8ed3,84.74,RON,Glovo ref 53727499,2025-09-09T20:52:57+00:00,33a2f3d5-7d4c-460f-ba3e-5b7745b7b856,
b04a1851-b230-42d8-a46f-1c5397ac2965,83.92,RON,Lidl ref 63935119,2025-09-09T21:19:57+00:00,6e36dc96-4f61-48f4-b69f-4ca617af9323,
df6b9b3f-ff59-4778-89d9-3a08277e0fbc,59.89,RON,Mega Image ref 66000400,2025-09-09T21:32:57+00:00,0e5779ec-be1a-470f-ad83-a4c869f8d3e4,
a41c6ed4-8644-4478-b556-f426aa7af008,209.35,RON,OMV benzina ref 71903340,2025-09-09T23:09:57+00:00,d3228db7-ef32-4e3e-8fa9-f9f8a84cc34d,
7f481216-2b4a-4be5-bd86-1422e9d9e3b5,66.79,RON,Carrefour ref 16174382,2025-09-09T23:38:57+00:00,82112000-16b4-4f2b-9dee-8ec850f886ea,
b1b14337-c783-4efe-b228-bf49a1926889,18.71,RON,Mega Image ref 28961762,2025-09-09T23:55:57+00:00,818e12e2-7146-4ffe-a877-ba23cf63df5b,
e3f1c6a1-1557-423a-8e8a-ddd97e1356bd,53.83,RON,Carrefour ref 99218413,2025-09-10T00:03:57+00:00,818e12e2-7146-4ffe-a877-ba23cf63df5b,
9adebcc2-2114-4198-9466-2ea99c5a342e,76.41,RON,Glovo ref 92316265,2025-09-10T00:46:57+00:00,aa7898aa-95b2-468b-ac92-275a68599dc4,
fcd7228a-5a3a-441c-a7c3-33c6b728c96d,251.49,RON,Dedeman ref 47145681,2025-09-10T00:54:57+00:00,82112000-16b4-4f2b-9dee-8ec850f886ea,
95cfe765-481f-4fdc-8ded-95e683331e4d,16.28,RON,Mega Image ref 49482988,2025-09-10T03:00:57+00:00,5588e5c9-786a-4f09-8721-a8cedc57f9c8,
fed4057d-bb02-4576-b512-c4c3b253d218,34.27,RON,Mega Image ref 66775103,2025-09-10T03:29:57+00:00,bdd640fb-0667-4ad1-9c80-317fa3b1799d,
4cc73036-b6d6-4766-afa4-3c36b848e593,27.11,RON,Mega Image ref 79671135,2025-09-10T14:39:57+00:00,12cbffe1-d83b-42c0-8120-8703b8fbd5c6,
cd56c641-9280-446a-9c30-cd8fb73f765a,38.25,RON,Glovo ref 54776626,2025-09-10T15:39:57+00:00,818e12e2-7146-4ffe-a877-ba23cf63df5b,
2048ca3e-7b84-4c2e-a2c3-240a45d04448,67.36,RON,Glovo ref 66506705,2025-09-10T15:59:57+00:00,33a2f3d5-7d4c-460f-ba3e-5b7745b7b856,
10225784-0fd6-4b4c-b2e5-f33b6c812f87,147.08,RON,Kaufland ref 63436653,2025-09-10T16:02:57+00:00,818e12e2-7146-4ffe-a877-ba23cf63df5b,
e9209b3a-2951-48a7-8d21-0a344a49ba1b,52.77,RON,Glovo ref 40780751,2025-09-10T17:32:57+00:00,aa7898aa-95b2-468b-ac92-275a68599dc4,
551a8995-eade-4163-bcc1-77cc0a83a23a,102.91,RON,Kaufland ref 48987676,2025-09-10T18:57:57+00:00,5588e5c9-786a-4f09-8721-a8cedc57f9c8,
0b7838e4-a743-4d59-bb28-3cf72856d926,158.44,RON,Carrefour ref 78769519,2025-09-10T19:03:57+00:00,33a2f3d5-7d4c-460f-ba3e-5b7745b7b856,
47002e89-b4e7-47dd-afab-3ee6592d7261,35.92,RON,Mega Image ref 51142480,2025-09-10T20:10:57+00:00,6e36dc96-4f61-48f4-b69f-4ca617af9323,
82848720-3f4a-44fc-8f35-302ae3be9f35,358.19,RON,OMV benzina ref 25617165,2025-09-10T21:16:57+00:00,6e36dc96-4f61-48f4-b69f-4ca617af9323,
1b935362-6ea8-4de0-94b8-e6b609f95893,113.95,RON,Lidl ref 45729728,2025-09-10T22:01:57+00:00,97c83e0a-8a40-4c3e-b8e3-ae37cffa9985,
fdc6ddd7-fbe8-4c52-a3ed-f3b36571bc7f,235.11,RON,OMV benzina ref 19645233,2025-09-11T02:01:57+00:00,33a2f3d5-7d4c-460f-ba3e-5b7745b7b856,
d922ba02-2afe-4565-9d57-065beed4035b,82.87,RON,Lidl ref 28185616,2025-09-11T02:05:57+00:00,33a2f3d5-7d4c-460f-ba3e-5b7745b7b856,
7a0ecfea-958c-49ba-8cd6-20c20ea2622b,45.58,RON,Kaufland ref 52091325,2025-09-11T02:13:57+00:00,bdd640fb-0667-4ad1-9c80-317fa3b1799d,
016db752-ed6b-4872-9c2b-15378082efd4,27.73,RON,Mega Image ref 73280434,2025-09-11T02:13:57+00:00,02c27ee1-ff57-48d4-82c7-6cf491fd62b9,
a10b0752-8c39-4ec5-8300-22d135edc34d,195.42,RON,Kaufland ref 49474697,2025-09-11T02:17:57+00:00,33a2f3d5-7d4c-460f-ba3e-5b7745b7b856,
2fddcb84-f1b7-4a0a-aa26-2309db2f42ba,67.58,RON,Lidl ref 10717515,2025-09-11T02:42:57+00:00,d3228db7-ef32-4e3e-8fa9-f9f8a84cc34d,
55934c5f-00f5-4497-a513-8c0eaaa9c59c,175.36,RON,OMV benzina ref 61564119,2025-09-11T02:56:57+00:00,d3228db7-ef32-4e3e-8fa9-f9f8a84cc34d,
4c7e1b16-8de1-470b-91ce-05f1d1b56c9a,138.66,RON,Kaufland ref 28894329,2025-09-11T03:07:57+00:00,d3228db7-ef32-4e3e-8fa9-f9f8a84cc34d,
c1b2a715-81fe-4fe9-8fdf-6e69dbda8188,59.74,RON,Glovo ref 20442542,2025-09-11T04:00:57+00:00,5588e5c9-786a-4f09-8721-a8cedc57f9c8,
99f10cd8-5a30-4f02-88aa-accf58bf597c,86.06,RON,Lidl ref 58467615,2025-09-11T04:05:57+00:00,5588e5c9-786a-4f09-8721-a8cedc57f9c8,
f63471f8-7b45-4d9c-948c-7eb41cf8570b,57.75,RON,Farmacia Tei ref 59469782,2025-09-11T15:15:57+00:00,0e5779ec-be1a-470f-ad83-a4c869f8d3e4,
9ee25f9b-6a52-4045-9d6b-86b96eecef4e,48.44,RON,Glovo ref 34507867,2025-09-11T16:35:57+00:00,97c83e0a-8a40-4c3e-b8e3-ae37cffa9985,
084873e7-65c8-4c8c-a5d9-55ce9526be4f,37.71,RON,Farmacia Tei ref 84525023,2025-09-11T16:44:57+00:00,818e12e2-7146-4ffe-a877-ba23cf63df5b,
1357d2fe-2a8f-49ce-8d61-647ccbf8b7e9,132.35,RON,OMV benzina ref 36323326,2025-09-11T17:22:57+00:00,56cc310a-2a4b-4ab3-87df-66009aa0bf74,
a6e4d53e-f8bd-4f02-a090-d3f828223984,327.9,RON,Dedeman ref 47274432,2025-09-11T18:26:57+00:00,33a2f3d5-7d4c-460f-ba3e-5b7745b7b856,
2293b089-dd79-4641-97f5-f3a139f7a642,311.8,RON,OMV benzina ref 73252068,2025-09-11T18:40:57+00:00,33a2f3d5-7d4c-460f-ba3e-5b7745b7b856,
2454a9f6-a87d-4098-b903-b981ebc72f45,126.71,RON,Farmacia Tei ref 87969595,2025-09-11T21:20:57+00:00,02c27ee1-ff57-48d4-82c7-6cf491fd62b9,
d22faeab-487c-4044-8cf8-8429d25e434c,98.64,RON,Kaufland ref 39279904,2025-09-11T21:59:57+00:00,97c83e0a-8a40-4c3e-b8e3-ae37cffa9985,
8bd18d4b-ed33-43fc-a92c-aaae44ed98e2,249.45,RON,OMV benzina ref 77340900,2025-09-11T22:33:57+00:00,0e5779ec-be1a-470f-ad83-a4c869f8d3e4,
1a8b2e45-9551-4152-b060-9f3e6dddb4ed,43.9,RON,Mega Image ref 62390577,2025-09-11T23:34:57+00:00,56cc310a-2a4b-4ab3-87df-66009aa0bf74,
a8499b92-6b52-42e3-94fc-dd549e8fc965,40.11,RON,Mega Image ref 15334035,2025-09-11T23:54:57+00:00,bdd640fb-0667-4ad1-9c80-317fa3b1799d,
e4ff5eec-db0f-4685-93dd-ee65ca12f3d9,45.02,RON,Mega Image ref 42819076,2025-09-12T01:02:57+00:00,7bf7bf91-9958-41e0-bb31-0f54e9f410c9,
2f4df410-d02a-471b-a9c2-778108668820,45.94,RON,Lidl ref 57099837,2025-09-12T02:37:57+00:00,33a2f3d5-7d4c-460f-ba3e-5b7745b7b856,
67ec013b-6f78-4265-b065-c0106245d3c9,33.12,RON,Glovo ref 67976641,2025-09-12T03:22:57+00:00,33a2f3d5-7d4c-460f-ba3e-5b7745b7b856,
ca957c2e-65df-49cb-8062-42771a3ecc71,86.42,RON,Lidl ref 80673067,2025-09-12T03:40:57+00:00,aa7898aa-95b2-468b-ac92-275a68599dc4,
21813d25-6552-48a6-83ff-50113d1a85dd,55.99,RON,Netflix,2025-09-12T06:39:57+00:00,bdd640fb-0667-4ad1-9c80-317fa3b1799d,
dbfe679a-fbcb-46ec-86c2-ad8fbb3607b0,55.99,RON,Netflix,2025-09-12T06:39:57+00:00,0e5779ec-be1a-470f-ad83-a4c869f8d3e4,
d0207ede-1fa7-4e6b-bffa-749e45bfd2c3,55.99,RON,Netflix,2025-09-12T06:39:57+00:00,aa7898aa-95b2-468b-ac92-275a68599dc4,
bcb39076-7688-476e-a504-ee5ab98b9459,55.99,RON,Netflix,2025-09-12T06:39:57+00:00,7bf7bf91-9958-41e0-bb31-0f54e9f410c9,
332066bf-0060-43dd-941d-013617d8ea64,55.99,RON,Netflix,2025-09-12T06:39:57+00:00,02c27ee1-ff57-48d4-82c7-6cf491fd62b9,
1bb359e4-ec5b-4ce6-9525-d26e60ab19d9,55.99,RON,Netflix,2025-09-12T06:39:57+00:00,56cc310a-2a4b-4ab3-87df-66009aa0bf74,
b54211a4-e11f-4efd-88ab-d32e5eb4360a,55.99,RON,Netflix,2025-09-12T06:39:57+00:00,5588e5c9-786a-4f09-8721-a8cedc57f9c8,
69708c43-dcc8-4aac-b10d-18b01d29d101,55.99,RON,Netflix,2025-09-12T06:39:57+00:00,33a2f3d5-7d4c-460f-ba3e-5b7745b7b856,
29db1298-9ffb-46a2-b63b-43b7ea298975,55.99,RON,Netflix,2025-09-12T06:39:57+00:00,6e36dc96-4f61-48f4-b69f-4ca617af9323,
fdce4653-2137-4392-9444-56d6525a7d2d,55.99,RON,Netflix,2025-09-12T06:39:57+00:00,2eb300a6-bd34-43d9-94c9-8697b97c5ba7,
de3821b8-1be6-4de9-a281-84b84ffc5a1c,55.99,RON,Netflix,2025-09-12T06:39:57+00:00,818e12e2-7146-4ffe-a877-ba23cf63df5b,
fd7a44e1-c9c4-4d1d-b476-c2a3c69055a8,55.99,RON,Netflix,2025-09-12T06:39:57+00:00,97c83e0a-8a40-4c3e-b8e3-ae37cffa9985,
a3618e1a-75c6-43c5-b296-8e1874846fbc,55.99,RON,Netflix,2025-09-12T06:39:57+00:00,d3228db7-ef32-4e3e-8fa9-f9f8a84cc34d,
fddf383f-8ccd-409e-8dae-d99bd8797020,55.99,RON,Netflix,2025-09-12T06:39:57+00:00,12cbffe1-d83b-42c0-8120-8703b8fbd5c6,
6e5a00d9-2c0e-41ac-91b7-34371e77a367,55.99,RON,Netflix,2025-09-12T06:39:57+00:00,82112000-16b4-4f2b-9dee-8ec850f886ea,
ddbd3afb-e5f3-4cb9-a3ff-cbbd848036ad,86.44,RON,Glovo ref 14220539,2025-09-12T15:11:57+00:00,02c27ee1-ff57-48d4-82c7-6cf491fd62b9,
fbb7c395-998f-4818-9d3b-6e50e4887756,44.8,RON,Glovo ref 54417200,2025-09-12T15:24:57+00:00,5588e5c9-786a-4f09-8721-a8cedc57f9c8,
0ae35494-4c60-429b-a17c-d064698a4888,62.9,RON,Mega Image ref 30948155,2025-09-12T15:38:57+00:00,02c27ee1-ff57-48d4-82c7-6cf491fd62b9,
6c730e30-35bf-4d56-bd23-14986c5b92fb,13.58,RON,Mega Image ref 91501980,2025-09-12T15:46:57+00:00,2eb300a6-bd34-43d9-94c9-8697b97c5ba7,
8cde5998-6a24-4a0c-b224-7b8d99c36e15,76.13,RON,Carrefour ref 32227046,2025-09-12T17:04:57+00:00,02c27ee1-ff57-48d4-82c7-6cf491fd62b9,
e94a3e49-41bb-46a7-b4ec-e5dce62d3bb3,34.36,RON,Lidl ref 74756695,2025-09-12T17:57:57+00:00,818e12e2-7146-4ffe-a877-ba23cf63df5b,
cfb93e61-cfee-4fff-9638-2c45bc95cd43,108.49,RON,Kaufland ref 48716185,2025-09-12T18:11:57+00:00,5588e5c9-786a-4f09-8721-a8cedc57f9c8,
e9504c9a-83a2-48d2-963f-0eb53744bc3e,78.5,RON,Lidl ref 93348490,2025-09-12T19:13:57+00:00,82112000-16b4-4f2b-9dee-8ec850f886ea,
c23f58aa-c21a-4b93-ba0c-01ac64f1ca6b,50.23,RON,Glovo ref 51088605,2025-09-12T20:30:57+00:00,56cc310a-2a4b-4ab3-87df-66009aa0bf74,
dd8d0747-42d3-41aa-9526-db8e922febcf,24.0,RON,Mega Image ref 12625340,2025-09-12T20:57:57+00:00,7bf7bf91-9958-41e0-bb31-0f54e9f410c9,
ce7b4f7d-15fc-44e9-93e1-a9fc4cceed50,60.36,RON,Mega Image ref 58884010,2025-09-12T21:32:57+00:00,818e12e2-7146-4ffe-a877-ba23cf63df5b,
c2e0143b-70bf-414e-a213-495691f10c5f,50.27,RON,Carrefour ref 76892183,2025-09-12T21:47:57+00:00,d3228db7-ef32-4e3e-8fa9-f9f8a84cc34d,
5a589b67-6bc7-4635-94de-19cdbbdb4536,135.27,RON,Carrefour ref 87036318,2025-09-12T22:11:57+00:00,0e5779ec-be1a-470f-ad83-a4c869f8d3e4,
8181a8cc-3691-47eb-89a2-688b12c136e0,76.98,RON,Glovo ref 23419256,2025-09-12T22:18:57+00:00,bdd640fb-0667-4ad1-9c80-317fa3b1799d,
ab310bfe-f5dd-4f92-a9ea-a9ffbddf2416,174.35,RON,OMV benzina ref 94646134,2025-09-12T23:44:57+00:00,0e5779ec-be1a-470f-ad83-a4c869f8d3e4,
ffef3349-2c61-4bfc-86dd-b46494dd71ed,42.9,RON,Lidl ref 25440739,2025-09-13T00:39:57+00:00,d3228db7-ef32-4e3e-8fa9-f9f8a84cc34d,
743f5fe4-c2f2-4aa6-8c3f-567eafae9b7d,65.93,RON,Glovo ref 34752686,2025-09-13T01:01:57+00:00,12cbffe1-d83b-42c0-8120-8703b8fbd5c6,
57f2a45f-e751-4d4b-8d82-9d529cf021b8,69.92,RON,Glovo ref 51943002,2025-09-13T01:13:57+00:00,0e5779ec-be1a-470f-ad83-a4c869f8d3e4,
4a789eee-d71a-4a00-a0fb-cc79ce5d5fba,134.89,RON,Carrefour ref 19440089,2025-09-13T01:29:57+00:00,12cbffe1-d83b-42c0-8120-8703b8fbd5c6,
c10a59d2-4d4b-4d64-aad8-94147f1d37aa,37.77,RON,Kaufland ref 22054727,2025-09-13T01:41:57+00:00,2eb300a6-bd34-43d9-94c9-8697b97c5ba7,
cae9250b-9693-4fd8-bc62-32e3187666ec,60.65,RON,Farmacia Tei ref 30380634,2025-09-13T02:32:57+00:00,aa7898aa-95b2-468b-ac92-275a68599dc4,
b8dc6390-8127-4b86-92ea-789013974770,26.33,RON,Mega Image ref 21397317,2025-09-13T02:35:57+00:00,aa7898aa-95b2-468b-ac92-275a68599dc4,
c058a27d-fecb-40a6-ac2c-ae6a4826449f,54.51,RON,Carrefour ref 10392359,2025-09-13T03:42:57+00:00,2eb300a6-bd34-43d9-94c9-8697b97c5ba7,
e9213dfa-86e9-49fe-827e-b09a77f05674,23.97,RON,Mega Image ref 89979778,2025-09-13T15:00:57+00:00,7bf7bf91-9958-41e0-bb31-0f54e9f410c9,
ef749a92-c1d8-4237-8ed3-fd0cdb753d0e,41.45,RON,Mega Image ref 69536531,2025-09-13T15:53:57+00:00,33a2f3d5-7d4c-460f-ba3e-5b7745b7b856,
9d7ad2e4-b039-494d-8e6b-dbec79048f01,17.03,RON,Mega Image ref 67784773,2025-09-13T17:35:57+00:00,97c83e0a-8a40-4c3e-b8e3-ae37cffa9985,
2902a38c-9747-432f-acda-df811dab372e,84.44,RON,Lidl ref 17524594,2025-09-13T18:30:57+00:00,d3228db7-ef32-4e3e-8fa9-f9f8a84cc34d,
0f5a3700-613d-4a2d-afe4-0b5685e735fd,145.24,RON,Lidl ref 96279804,2025-09-13T19:24:57+00:00,12cbffe1-d83b-42c0-8120-8703b8fbd5c6,
deb54902-c705-430b-960a-2599743b869c,33.03,RON,Farmacia Tei ref 87569865,2025-09-13T21:59:57+00:00,12cbffe1-d83b-42c0-8120-8703b8fbd5c6,
922fe35d-2fd1-4775-80b0-2a827054ef5f,131.25,RON,Kaufland ref 88150391,2025-09-13T22:17:57+00:00,7bf7bf91-9958-41e0-bb31-0f54e9f410c9,
8eed8d34-f384-4346-945f-4281236603b4,69.84,RON,Glovo ref 53872657,2025-09-13T22:24:57+00:00,7bf7bf91-9958-41e0-bb31-0f54e9f410c9,
73fd507c-553a-4caf-b41d-401108329b86,41.8,RON,Lidl ref 79698443,2025-09-13T23:35:57+00:00,33a2f3d5-7d4c-460f-ba3e-5b7745b7b856,
94e29c1d-6ba0-467d-b186-a7194df911df,148.12,RON,Kaufland ref 33396954,2025-09-14T00:05:57+00:00,97c83e0a-8a40-4c3e-b8e3-ae37cffa9985,
79210c7c-a119-4eee-8fb9-130742ac66dc,28.85,RON,Mega Image ref 85659375,2025-09-14T00:26:57+00:00,0e5779ec-be1a-470f-ad83-a4c869f8d3e4,
b4710b31-d8ce-4005-872a-ead40fc4c5aa,45.22,RON,Mega Image ref 46130187,2025-09-14T01:07:57+00:00,2eb300a6-bd34-43d9-94c9-8697b97c5ba7,
f785dcc1-38e5-41c4-97d2-efe76df5fa4a,85.19,RON,Carrefour ref 49089390,2025-09-14T01:15:57+00:00,aa7898aa-95b2-468b-ac92-275a68599dc4,
ad80a85c-328d-4ab9-a1f0-3a416d26af9a,65.97,RON,Mega Image ref 68569514,2025-09-14T02:33:57+00:00,5588e5c9-786a-4f09-8721-a8cedc57f9c8,
f747e5cd-9457-4290-a8e6-c1fb81f4d97b,80.27,RON,Farmacia Tei ref 79302000,2025-09-14T03:40:57+00:00,02c27ee1-ff57-48d4-82c7-6cf491fd62b9,
a76afde6-ce9e-4a11-bcbb-4e59fbddcf7c,45.98,RON,Mega Image ref 92097999,2025-09-14T04:13:57+00:00,bdd640fb-0667-4ad1-9c80-317fa3b1799d,
af9ea625-f091-40f9-8f92-bd959b48d302,62.51,RON,Glovo ref 75625144,2025-09-14T14:55:57+00:00,7bf7bf91-9958-41e0-bb31-0f54e9f410c9,
5d3a4089-0226-4c30-bf6a-f7e5fb55c310,39.52,RON,Mega Image ref 59042691,2025-09-14T15:26:57+00:00,33a2f3d5-7d4c-460f-ba3e-5b7745b7b856,
c58cd7b2-c11c-45e0-aa37-966bf861a05e,22.91,RON,Mega Image ref 70371521,2025-09-14T17:44:57+00:00,d3228db7-ef32-4e3e-8fa9-f9f8a84cc34d,
f7a20168-d9d2-42c1-965d-f34a952145b7,175.32,RON,Carrefour ref 88742725,2025-09-14T18:00:57+00:00,33a2f3d5-7d4c-460f-ba3e-5b7745b7b856,
72c5d55a-e48d-4e56-8564-014330f20ae6,60.79,RON,Mega Image ref 51364717,2025-09-14T18:43:57+00:00,6e36dc96-4f61-48f4-b69f-4ca617af9323,
16fd6f59-d04a-49e7-8b5e-5448e7a3b530,18.29,RON,Glovo ref 78306683,2025-09-14T18:49:57+00:00,2eb300a6-bd34-43d9-94c9-8697b97c5ba7,
2cb37e23-9a94-4c6c-9c8e-806bbdce4d4d,97.51,RON,Lidl ref 11906295,2025-09-14T18:56:57+00:00,0e5779ec-be1a-470f-ad83-a4c869f8d3e4,
da587e8a-a25d-4b29-afff-cfd2341ef40b,33.13,RON,Glovo ref 56020613,2025-09-14T19:17:57+00:00,bdd640fb-0667-4ad1-9c80-317fa3b1799d,
d39ca202-9e60-4f73-a85d-c4a812a9d9cf,137.23,RON,Kaufland ref 11995363,2025-09-14T19:25:57+00:00,97c83e0a-8a40-4c3e-b8e3-ae37cffa9985,
4455f3bd-cc3f-47bb-a3b5-33267e225f21,71.26,RON,Glovo ref 81350495,2025-09-14T19:41:57+00:00,33a2f3d5-7d4c-460f-ba3e-5b7745b7b856,
195de8fc-7932-432d-9227-748e37def057,68.26,RON,Carrefour ref 16949478,2025-09-14T20:37:57+00:00,d3228db7-ef32-4e3e-8fa9-f9f8a84cc34d,
724ae0df-0df4-43ed-84e2-2d045530abe7,28.8,RON,Mega Image ref 63635635,2025-09-14T21:24:57+00:00,818e12e2-7146-4ffe-a877-ba23cf63df5b,
568f84d5-afe9-46ad-84ae-ac4df764190b,72.41,RON,Carrefour ref 78613363,2025-09-14T21:37:57+00:00,56cc310a-2a4b-4ab3-87df-66009aa0bf74,
408669bb-4721-494b-88a4-ae21d9f850e9,56.5,RON,Kaufland ref 20316277,2025-09-14T21:44:57+00:00,0e5779ec-be1a-470f-ad83-a4c869f8d3e4,
998f2a87-b81f-4c64-9cc1-df92af77e124,291.12,RON,OMV benzina ref 89502034,2025-09-14T22:39:57+00:00,02c27ee1-ff57-48d4-82c7-6cf491fd62b9,
d9d50f7e-4de6-4d55-93e0-8fd771a2cc06,133.35,RON,Kaufland ref 76280027,2025-09-14T22:39:57+00:00,12cbffe1-d83b-42c0-8120-8703b8fbd5c6,
dbfb2e3c-ce2c-4f7d-8908-529cfd5b8237,67.42,RON,Glovo ref 99786824,2025-09-15T00:43:57+00:00,12cbffe1-d83b-42c0-8120-8703b8fbd5c6,
baad0da4-65aa-4c06-9d43-3dc2cb115be6,147.93,RON,Kaufland ref 28081314,2025-09-15T01:27:57+00:00,7bf7bf91-9958-41e0-bb31-0f54e9f410c9,
141e4387-4aec-44d5-9b55-3bcfaf8d743e,45.91,RON,Mega Image ref 44297542,2025-09-15T01:28:57+00:00,97c83e0a-8a40-4c3e-b8e3-ae37cffa9985,
87c73b31-0878-42bd-8eb6-4f1d03fb7a22,116.41,RON,Carrefour ref 27774682,2025-09-15T03:09:57+00:00,02c27ee1-ff57-48d4-82c7-6cf491fd62b9,
24ae0c1d-ce9e-40bd-9196-dfc0e90be69f,57.25,RON,Glovo ref 24432795,2025-09-15T14:48:57+00:00,d3228db7-ef32-4e3e-8fa9-f9f8a84cc34d,
e25290a4-825b-493d-a751-3494b1e6c36d,32.07,RON,Mega Image ref 73007026,2025-09-15T14:55:57+00:00,97c83e0a-8a40-4c3e-b8e3-ae37cffa9985,
fe5b9fc9-c0b4-46d6-bef6-775bd66de2a1,228.52,RON,OMV benzina ref 30689702,2025-09-15T15:48:57+00:00,0e5779ec-be1a-470f-ad83-a4c869f8d3e4,
46bbed34-33b3-4963-a0ab-61c0b184add3,61.69,RON,Mega Image ref 25190188,2025-09-15T15:57:57+00:00,5588e5c9-786a-4f09-8721-a8cedc57f9c8,
7b909e8f-adf6-4518-a5c4-37d47da65190,155.02,RON,Kaufland ref 30541150,2025-09-15T18:46:57+00:00,5588e5c9-786a-4f09-8721-a8cedc57f9c8,
a155b585-61a9-4374-9848-e22ecd95e7a8,39.11,RON,Mega Image ref 53763511,2025-09-15T18:56:57+00:00,02c27ee1-ff57-48d4-82c7-6cf491fd62b9,
250d59d1-89b4-4bc0-afaa-298326227180,34.62,RON,Mega Image ref 78537571,2025-09-15T19:14:57+00:00,d3228db7-ef32-4e3e-8fa9-f9f8a84cc34d,
4a2fae54-ca51-4a1f-bd9b-dea58e4154cc,159.8,RON,Carrefour ref 55149499,2025-09-15T19:57:57+00:00,5588e5c9-786a-4f09-8721-a8cedc57f9c8,
cadd5626-7885-468f-9a70-300195405966,97.95,RON,Farmacia Tei ref 21643196,2025-09-15T20:30:57+00:00,6e36dc96-4f61-48f4-b69f-4ca617af9323,
8c744f88-2a75-471e-a9db-387d58e5d0c5,134.82,RON,Kaufland ref 62791055,2025-09-15T21:19:57+00:00,97c83e0a-8a40-4c3e-b8e3-ae37cffa9985,
a319dcb4-217d-45a0-8568-11cd5563f616,47.01,RON,Lidl ref 10475894,2025-09-15T21:32:57+00:00,bdd640fb-0667-4ad1-9c80-317fa3b1799d,
0509c467-7606-4c0a-8278-583f65ca4e3b,60.6,RON,Lidl ref 41004674,2025-09-15T23:44:57+00:00,818e12e2-7146-4ffe-a877-ba23cf63df5b,
fe882d51-2cdb-43ec-8df1-6565c1e59ebb,139.85,RON,Kaufland ref 95309140,2025-09-15T23:46:57+00:00,02c27ee1-ff57-48d4-82c7-6cf491fd62b9,
7101fcfc-3d85-48cf-bfd5-940a6d81adbb,71.92,RON,Carrefour ref 41909375,2025-09-16T00:56:57+00:00,6e36dc96-4f61-48f4-b69f-4ca617af9323,
6147c2e3-99f9-41b7-890c-1de25c207d89,70.26,RON,Glovo ref 23805340,2025-09-16T01:00:57+00:00,82112000-16b4-4f2b-9dee-8ec850f886ea,
2f45a112-5b7c-4988-83ab-6df5aad74fe0,45.14,RON,Mega Image ref 59954883,2025-09-16T02:25:57+00:00,7bf7bf91-9958-41e0-bb31-0f54e9f410c9,
4f842010-a48f-41f1-9be4-0ba9902ad019,47.69,RON,Glovo ref 73995860,2025-09-16T02:53:57+00:00,aa7898aa-95b2-468b-ac92-275a68599dc4,
14fe9960-a539-4212-a34a-35ebec2be308,57.74,RON,Mega Image ref 41713949,2025-09-16T14:56:57+00:00,7bf7bf91-9958-41e0-bb31-0f54e9f410c9,
0ab54bde-20a0-4502-ae06-809725e97977,30.23,RON,Mega Image ref 84158663,2025-09-16T15:32:57+00:00,bdd640fb-0667-4ad1-9c80-317fa3b1799d,
ba5b70e7-df3b-435c-b5c5-edf0f43f847a,117.7,RON,Carrefour ref 31878126,2025-09-16T16:01:57+00:00,7bf7bf91-9958-41e0-bb31-0f54e9f410c9,
582e69f7-303d-4fc8-9337-d89a4988be04,368.32,RON,OMV benzina ref 35874262,2025-09-16T16:12:57+00:00,6e36dc96-4f61-48f4-b69f-4ca617af9323,
a8624894-ee31-4c55-a973-d8f7cf7d59dc,126.23,RON,Lidl ref 49625783,2025-09-16T16:39:57+00:00,02c27ee1-ff57-48d4-82c7-6cf491fd62b9,
242e3d71-1579-4c24-bffd-f8f197e9afe2,142.7,RON,Kaufland ref 75741381,2025-09-16T16:52:57+00:00,aa7898aa-95b2-468b-ac92-275a68599dc4,
e8d333b1-8d23-49a4-aec1-783f024adee9,299.05,RON,OMV benzina ref 43372435,2025-09-16T16:53:57+00:00,02c27ee1-ff57-48d4-82c7-6cf491fd62b9,
c09f1c91-f2c0-40cf-bf03-b8c279ec958b,59.93,RON,Lidl ref 50448811,2025-09-16T17:08:57+00:00,0e5779ec-be1a-470f-ad83-a4c869f8d3e4,
95e7b610-04c0-448a-98bf-6a3e6867035e,82.95,RON,Mega Image ref 38850050,2025-09-16T17:21:57+00:00,02c27ee1-ff57-48d4-82c7-6cf491fd62b9,
165f5ad9-5dbf-43ba-901a-c7525888dee6,81.35,RON,Kaufland ref 99323518,2025-09-16T21:20:57+00:00,33a2f3d5-7d4c-460f-ba3e-5b7745b7b856,
bd8de700-1bd0-4d87-90bc-b6b81fd46e8e,123.91,RON,Carrefour ref 65573433,2025-09-16T21:26:57+00:00,6e36dc96-4f61-48f4-b69f-4ca617af9323,
6fa40207-1d49-48ea-8214-dd3605fffac9,129.87,RON,Kaufland ref 34761639,2025-09-16T21:52:57+00:00,82112000-16b4-4f2b-9dee-8ec850f886ea,
524a1652-0958-4354-a68e-81b4d5963842,78.89,RON,Carrefour ref 55347939,2025-09-16T21:55:57+00:00,aa7898aa-95b2-468b-ac92-275a68599dc4,
d1ccc8d3-c167-4505-83af-6c46a46b3932,144.3,RON,Kaufland ref 17291483,2025-09-17T00:25:57+00:00,0e5779ec-be1a-470f-ad83-a4c869f8d3e4,
b896894e-58b1-40fd-8b5c-b78bed461810,46.11,RON,Kaufland ref 61655909,2025-09-17T01:42:57+00:00,97c83e0a-8a40-4c3e-b8e3-ae37cffa9985,
465322c7-6ee6-4b65-afbe-b0f58c2cb7a5,31.33,RON,Glovo ref 46972135,2025-09-17T03:00:57+00:00,818e12e2-7146-4ffe-a877-ba23cf63df5b,
61cadf6b-429a-4d6f-948c-a70bf068d554,42.48,RON,Lidl ref 76659916,2025-09-17T03:36:57+00:00,56cc310a-2a4b-4ab3-87df-66009aa0bf74,
43f6f5f7-ab2c-45f6-846e-74ff921c0d64,59.47,RON,Carrefour ref 13289151,2025-09-17T03:59:57+00:00,818e12e2-7146-4ffe-a877-ba23cf63df5b,
e86e99ec-77fd-4050-8a84-35edeb8deb4e,180.34,RON,Dedeman ref 63001598,2025-09-17T15:11:57+00:00,56cc310a-2a4b-4ab3-87df-66009aa0bf74,
32862a8c-1cab-4f17-a8d5-3a79b00e454a,460.8,RON,Dedeman ref 66788918,2025-09-17T16:18:57+00:00,33a2f3d5-7d4c-460f-ba3e-5b7745b7b856,
315eb39f-82e9-4d36-bc23-db22de2bdf8c,47.06,RON,Glovo ref 97745470,2025-09-17T18:51:57+00:00,7bf7bf91-9958-41e0-bb31-0f54e9f410c9,
4461db61-32a8-401c-8d78-327c744fc942,21.63,RON,Mega Image ref 33173799,2025-09-17T19:52:57+00:00,33a2f3d5-7d4c-460f-ba3e-5b7745b7b856,
1443c6c9-c0ff-4a48-8050-c038417edfa0,162.42,RON,Carrefour ref 67031028,2025-09-17T19:53:57+00:00,02c27ee1-ff57-48d4-82c7-6cf491fd62b9,
c00759af-ca88-482c-a2c5-7f3e7b42019d,33.51,RON,Mega Image ref 82300095,2025-09-17T21:52:57+00:00,6e36dc96-4f61-48f4-b69f-4ca617af9323,
7e01e51d-6501-4e86-8515-d8d763369f49,196.71,RON,Kaufland ref 11534155,2025-09-17T23:16:57+00:00,82112000-16b4-4f2b-9dee-8ec850f886ea,
07e79ef8-449e-48d3-a050-bd45fab1c659,90.46,RON,Lidl ref 63517013,2025-09-17T23:24:57+00:00,82112000-16b4-4f2b-9dee-8ec850f886ea,
c1143151-eb15-4b3a-a1c1-85b500326863,173.98,RON,Kaufland ref 70244877,2025-09-18T00:03:57+00:00,02c27ee1-ff57-48d4-82c7-6cf491fd62b9,
b7a7ab99-0053-4695-a4d8-35a3f200ff0a,71.34,RON,Kaufland ref 48282892,2025-09-18T00:39:57+00:00,97c83e0a-8a40-4c3e-b8e3-ae37cffa9985,
f11b9c1b-bad1-4fe7-ad46-d087c77afed5,73.75,RON,Lidl ref 32478794,2025-09-18T02:48:57+00:00,7bf7bf91-9958-41e0-bb31-0f54e9f410c9,
2790cebd-bfdd-43d9-9ee3-ac2af94d6204,54.48,RON,Mega Image ref 64543049,2025-09-18T03:14:57+00:00,bdd640fb-0667-4ad1-9c80-317fa3b1799d,
15286855-7858-406c-bdff-67de6a63bd5b,85.66,RON,Farmacia Tei ref 87383120,2025-09-18T03:51:57+00:00,7bf7bf91-9958-41e0-bb31-0f54e9f410c9,
2ec59bf4-93f7-4f7d-ac7b-613407ea96d6,80.31,RON,Glovo ref 17033848,2025-09-18T03:52:57+00:00,82112000-16b4-4f2b-9dee-8ec850f886ea,
ca8cba2a-a45b-4e2d-b8fc-8716fe8ce2e2,210.99,RON,Dedeman ref 80454870,2025-09-18T04:25:57+00:00,97c83e0a-8a40-4c3e-b8e3-ae37cffa9985,
1d955056-26db-49dc-bb54-52fd26a3761b,82.85,RON,Kaufland ref 94998837,2025-09-18T15:48:57+00:00,7bf7bf91-9958-41e0-bb31-0f54e9f410c9,
63bb3cfa-43e5-4ee5-8a6c-a4e73c36d8ff,40.38,RON,Mega Image ref 29708256,2025-09-18T16:06:57+00:00,97c83e0a-8a40-4c3e-b8e3-ae37cffa9985,
7dbec8f0-73d6-4c0d-9c24-f19bcce29702,69.0,RON,Glovo ref 20113072,2025-09-18T17:01:57+00:00,82112000-16b4-4f2b-9dee-8ec850f886ea,
78b7720f-ae34-424e-9462-9075e924cb6b,64.46,RON,Farmacia Tei ref 59735290,2025-09-18T17:44:57+00:00,5588e5c9-786a-4f09-8721-a8cedc57f9c8,
9e447824-4c9a-4332-88d7-83cf0c961ab4,276.0,RON,OMV benzina ref 21515366,2025-09-18T17:48:57+00:00,818e12e2-7146-4ffe-a877-ba23cf63df5b,
8290b913-e61b-4863-a08e-f0a0d72476da,66.92,RON,Glovo ref 46504170,2025-09-18T18:34:57+00:00,02c27ee1-ff57-48d4-82c7-6cf491fd62b9,
cdf5d2c0-b32d-488a-b042-166b2611019a,41.36,RON,Mega Image ref 52928684,2025-09-18T19:22:57+00:00,33a2f3d5-7d4c-460f-ba3e-5b7745b7b856,
ad799754-6674-4ea7-b377-8343b69355e4,19.87,RON,Mega Image ref 29089440,2025-09-18T20:10:57+00:00,82112000-16b4-4f2b-9dee-8ec850f886ea,
3cbba6ad-8b20-458e-b8a8-b40f1bc095f0,39.72,RON,Mega Image ref 68450558,2025-09-18T21:21:57+00:00,56cc310a-2a4b-4ab3-87df-66009aa0bf74,
89fd6fb2-71dd-4272-9bde-03883a131706,83.65,RON,Carrefour ref 64491575,2025-09-18T22:00:57+00:00,82112000-16b4-4f2b-9dee-8ec850f886ea,
d0f755c9-5d73-402d-82ac-25713614c5b7,58.07,RON,Lidl ref 25132415,2025-09-19T01:06:57+00:00,2eb300a6-bd34-43d9-94c9-8697b97c5ba7,
7d2b6167-cca6-4bad-9ef0-2da58edb5fe1,137.75,RON,Kaufland ref 99999952,2025-09-19T01:30:57+00:00,97c83e0a-8a40-4c3e-b8e3-ae37cffa9985,
a901bdb8-c0ae-40f3-b770-014d68fd1179,44.93,RON,Mega Image ref 71786427,2025-09-19T01:38:57+00:00,7bf7bf91-9958-41e0-bb31-0f54e9f410c9,
1ac0dff3-6717-4ab7-a1f0-e5c51cda8918,57.73,RON,Glovo ref 25560384,2025-09-19T03:26:57+00:00,7bf7bf91-9958-41e0-bb31-0f54e9f410c9,
b7b0a8e4-c256-4f37-aad9-197580b3b454,64.57,RON,Glovo ref 14022410,2025-09-19T03:26:57+00:00,5588e5c9-786a-4f09-8721-a8cedc57f9c8,
99d7a574-d90b-4d03-a13f-a3c634798c45,20.64,RON,Mega Image ref 84705995,2025-09-19T04:13:57+00:00,2eb300a6-bd34-43d9-94c9-8697b97c5ba7,
46c51d5a-5e93-4891-848c-9fe63faf5eac,142.2,RON,Carrefour ref 76895856,2025-09-19T04:24:57+00:00,02c27ee1-ff57-48d4-82c7-6cf491fd62b9,
8ea383bc-11d6-4432-a83d-76824a168f8c,75.12,RON,Glovo ref 89758513,2025-09-19T04:27:57+00:00,12cbffe1-d83b-42c0-8120-8703b8fbd5c6,
3286af00-2a8b-4289-9f19-297ebf86ad63,41.32,RON,Kaufland ref 79785033,2025-09-19T17:27:57+00:00,aa7898aa-95b2-468b-ac92-275a68599dc4,
76ae0304-ce8a-4293-a73a-38f76193ab08,66.61,RON,Lidl ref 15159379,2025-09-19T17:47:57+00:00,02c27ee1-ff57-48d4-82c7-6cf491fd62b9,
59e4b671-4774-4c58-85f8-bc16f7860b50,67.98,RON,Carrefour ref 19317495,2025-09-19T18:04:57+00:00,bdd640fb-0667-4ad1-9c80-317fa3b1799d,
12825d71-7156-47c8-b875-640495363cd4,348.68,RON,Dedeman ref 32524924,2025-09-19T19:12:57+00:00,33a2f3d5-7d4c-460f-ba3e-5b7745b7b856,
e2ec459b-6f59-498e-8753-dd5b991890e4,43.2,RON,Glovo ref 43799705,2025-09-19T20:03:57+00:00,2eb300a6-bd34-43d9-94c9-8697b97c5ba7,
e330ed6a-daf6-4750-a94f-9c81f7c12030,101.34,RON,Carrefour ref 75042161,2025-09-19T20:16:57+00:00,02c27ee1-ff57-48d4-82c7-6cf491fd62b9,
9d20a464-3d62-419e-87f3-6c33dfd3c6e6,125.24,RON,Lidl ref 80660553,2025-09-19T20:46:57+00:00,82112000-16b4-4f2b-9dee-8ec850f886ea,
8bac739c-482d-4649-8ab3-2f5625b441ff,52.16,RON,Mega Image ref 76972989,2025-09-19T20:50:57+00:00,56cc310a-2a4b-4ab3-87df-66009aa0bf74,
a5a9d847-de40-4968-8ba1-c9e303880452,47.35,RON,Mega Image ref 12527833,2025-09-19T20:53:57+00:00,6e36dc96-4f61-48f4-b69f-4ca617af9323,
dfcc8eb4-bfbe-4892-a3ce-37db7cb8b49d,157.93,RON,OMV benzina ref 80409156,2025-09-19T21:10:57+00:00,aa7898aa-95b2-468b-ac92-275a68599dc4,
21a36b6b-d8b6-4e78-9e8f-cbcf954134c7,37.38,RON,Kaufland ref 64925616,2025-09-19T22:26:57+00:00,2eb300a6-bd34-43d9-94c9-8697b97c5ba7,
610154c4-5e39-4413-a107-97230736d293,50.07,RON,Carrefour ref 36057681,2025-09-19T22:52:57+00:00,82112000-16b4-4f2b-9dee-8ec850f886ea,
2b721350-02c1-4619-84f9-d43e1fd9dfaf,25.26,RON,Farmacia Tei ref 67004600,2025-09-19T23:20:57+00:00,2eb300a6-bd34-43d9-94c9-8697b97c5ba7,
96197b57-12eb-4b26-9555-404f6966af11,82.06,RON,Glovo ref 37856880,2025-09-20T00:11:57+00:00,82112000-16b4-4f2b-9dee-8ec850f886ea,
33173470-38f1-4a81-b87f-2425dbccc477,82.75,RON,Kaufland ref 15197528,2025-09-20T01:45:57+00:00,bdd640fb-0667-4ad1-9c80-317fa3b1799d,
623b2e73-8e55-4ae7-a416-8c11391af421,109.79,RON,Kaufland ref 41073228,2025-09-20T02:16:57+00:00,5588e5c9-786a-4f09-8721-a8cedc57f9c8,
5ba39db3-6a45-4f77-ab8d-dbbc6807f6fd,84.38,RON,Lidl ref 22891805,2025-09-20T02:22:57+00:00,97c83e0a-8a40-4c3e-b8e3-ae37cffa9985,
d7fa2d8d-fb2c-4025-adf4-e62d6651529e,45.0,RON,Digi internet,2025-09-20T06:39:57+00:00,bdd640fb-0667-4ad1-9c80-317fa3b1799d,
2e0f0484-fe43-441a-b0b6-148cad7eeff7,45.0,RON,Digi internet,2025-09-20T06:39:57+00:00,0e5779ec-be1a-470f-ad83-a4c869f8d3e4,
e15680e9-ec06-4d73-b84e-2f114b523dc2,45.0,RON,Digi internet,2025-09-20T06:39:57+00:00,aa7898aa-95b2-468b-ac92-275a68599dc4,
36ce8d27-bacc-4ea6-bf2c-857e9f7b3992,45.0,RON,Digi internet,2025-09-20T06:39:57+00:00,7bf7bf91-9958-41e0-bb31-0f54e9f410c9,
0ced6b07-bf9d-4992-a288-0c892c9708a2,45.0,RON,Digi internet,2025-09-20T06:39:57+00:00,02c27ee1-ff57-48d4-82c7-6cf491fd62b9,
38ed4351-9305-4303-905d-380263d2848e,45.0,RON,Digi internet,2025-09-20T06:39:57+00:00,56cc310a-2a4b-4ab3-87df-66009aa0bf74,
f6a918dd-f4a6-4aae-9364-98958604e4a9,45.0,RON,Digi internet,2025-09-20T06:39:57+00:00,5588e5c9-786a-4f09-8721-a8cedc57f9c8,
45c090e9-8905-4183-8ef1-56c19d8c65d1,45.0,RON,Digi internet,2025-09-20T06:39:57+00:00,33a2f3d5-7d4c-460f-ba3e-5b7745b7b856,
7952fc0f-5dac-4b2c-aafb-375d8c08b527,45.0,RON,Digi internet,2025-09-20T06:39:57+00:00,6e36dc96-4f61-48f4-b69f-4ca617af9323,
06f1af34-2333-48e5-a874-1a3f13b37d74,45.0,RON,Digi internet,2025-09-20T06:39:57+00:00,2eb300a6-bd34-43d9-94c9-8697b97c5ba7,
cd03cc95-936b-46fe-9917-244e8f98249c,45.0,RON,Digi internet,2025-09-20T06:39:57+00:00,818e12e2-7146-4ffe-a877-ba23cf63df5b,
f59b0b89-2732-4c54-b5b6-9341c2f04e50,45.0,RON,Digi internet,2025-09-20T06:39:57+00:00,97c83e0a-8a40-4c3e-b8e3-ae37cffa9985,
7e54e719-ce75-4f10-9413-9aa88ec84514,45.0,RON,Digi internet,2025-09-20T06:39:57+00:00,d3228db7-ef32-4e3e-8fa9-f9f8a84cc34d,
26bfa115-1648-4502-9420-b8859377847b,45.0,RON,Digi internet,2025-09-20T06:39:57+00:00,12cbffe1-d83b-42c0-8120-8703b8fbd5c6,
98306218-8da1-4825-9255-3cd214deab85,45.0,RON,Digi internet,2025-09-20T06:39:57+00:00,82112000-16b4-4f2b-9dee-8ec850f886ea,
dbdbe234-6218-4fef-be6a-fc1418562b85,46.52,RON,Kaufland ref 91292721,2025-09-20T15:02:57+00:00,818e12e2-7146-4ffe-a877-ba23cf63df5b,
af7ce609-1a99-4ae0-8677-b81d1902c93b,32.85,RON,Lidl ref 65196875,2025-09-20T15:32:57+00:00,0e5779ec-be1a-470f-ad83-a4c869f8d3e4,
17c402b1-140a-45e9-98e3-3b1532684535,50.39,RON,Glovo ref 84070461,2025-09-20T15:41:57+00:00,5588e5c9-786a-4f09-8721-a8cedc57f9c8,
f3533e8a-3781-4306-95e0-a664e4db04c8,138.81,RON,Carrefour ref 98128100,2025-09-20T15:42:57+00:00,0e5779ec-be1a-470f-ad83-a4c869f8d3e4,
974d2610-0f0c-403d-9e68-8afce80a8bff,84.81,RON,Lidl ref 19520606,2025-09-20T18:00:57+00:00,d3228db7-ef32-4e3e-8fa9-f9f8a84cc34d,
ff2a8337-9520-464b-915d-5f3820880b1f,78.27,RON,Glovo ref 62483644,2025-09-20T18:31:57+00:00,818e12e2-7146-4ffe-a877-ba23cf63df5b,
6f3f920c-98b8-44cc-9bc0-44fc09cb3942,40.19,RON,Mega Image ref 45630292,2025-09-20T18:50:57+00:00,bdd640fb-0667-4ad1-9c80-317fa3b1799d,
e3d97cc0-0c17-438a-b7cd-70ec878e4c54,44.82,RON,Mega Image ref 79670047,2025-09-20T20:36:57+00:00,6e36dc96-4f61-48f4-b69f-4ca617af9323,
955a2740-91b6-4376-ae71-4b0cf2d94421,115.16,RON,Carrefour ref 70895240,2025-09-20T21:05:57+00:00,02c27ee1-ff57-48d4-82c7-6cf491fd62b9,
99d6cf4b-72ab-4591-9b54-0fe72ad52396,110.4,RON,Glovo ref 98787915,2025-09-20T22:40:57+00:00,12cbffe1-d83b-42c0-8120-8703b8fbd5c6,
a90bdc3a-036e-46cb-8941-069b3559d3c6,86.66,RON,Kaufland ref 55273409,2025-09-20T23:51:57+00:00,7bf7bf91-9958-41e0-bb31-0f54e9f410c9,
c7f73e19-f394-4619-9596-806c1c13dc8a,40.51,RON,Mega Image ref 88321078,2025-09-21T00:24:57+00:00,2eb300a6-bd34-43d9-94c9-8697b97c5ba7,
3c791636-d491-444d-a186-07f8ed37664d,85.29,RON,Dedeman ref 86620217,2025-09-21T02:02:57+00:00,97c83e0a-8a40-4c3e-b8e3-ae37cffa9985,
630c1e84-053b-4b94-ae85-e8619bf63df3,94.09,RON,Carrefour ref 40962820,2025-09-21T02:36:57+00:00,56cc310a-2a4b-4ab3-87df-66009aa0bf74,
d3a940ac-bf5d-4d34-a6a0-00b47c5be352,86.72,RON,Carrefour ref 49906935,2025-09-21T03:43:57+00:00,12cbffe1-d83b-42c0-8120-8703b8fbd5c6,
c49f318d-728b-4f9e-bf0a-ccd54046249a,146.07,RON,Kaufland ref 98354989,2025-09-21T04:14:57+00:00,33a2f3d5-7d4c-460f-ba3e-5b7745b7b856,
668e180e-cbbc-440a-9419-0014a782e9d2,51.49,RON,Kaufland ref 49912731,2025-09-21T04:21:57+00:00,56cc310a-2a4b-4ab3-87df-66009aa0bf74,
729263c7-a2e3-4859-8f7d-fe908b188a3d,82.57,RON,Farmacia Tei ref 41702781,2025-09-21T15:21:57+00:00,5588e5c9-786a-4f09-8721-a8cedc57f9c8,
e65fa9fa-c38c-4eaf-a809-7a77603ecfef,146.09,RON,Kaufland ref 27435856,2025-09-21T15:44:57+00:00,0e5779ec-be1a-470f-ad83-a4c869f8d3e4,
865a5dcd-a016-450a-a510-8b6faedbd272,40.35,RON,Kaufland ref 84945381,2025-09-21T15:57:57+00:00,7bf7bf91-9958-41e0-bb31-0f54e9f410c9,
7414e3e1-a387-4e92-9362-0119efa9a0a3,40.15,RON,Glovo ref 98647835,2025-09-21T16:55:57+00:00,0e5779ec-be1a-470f-ad83-a4c869f8d3e4,
3cc3ea34-bbcb-4820-ad88-9dc9af9be361,50.9,RON,Kaufland ref 35482497,2025-09-21T18:42:57+00:00,5588e5c9-786a-4f09-8721-a8cedc57f9c8,
99cf3419-f2af-4414-a3c2-8fe1e89f53ad,167.12,RON,Kaufland ref 89189605,2025-09-21T20:03:57+00:00,02c27ee1-ff57-48d4-82c7-6cf491fd62b9,
266ecb23-2277-43f8-bb63-4b0b539ea196,25.84,RON,Lidl ref 99244519,2025-09-21T20:34:57+00:00,7bf7bf91-9958-41e0-bb31-0f54e9f410c9,
bdf070aa-f0b5-456b-b82c-9074afd5dea5,37.33,RON,Mega Image ref 82269803,2025-09-21T20:39:57+00:00,bdd640fb-0667-4ad1-9c80-317fa3b1799d,
d9178793-a9d3-42e6-905c-c6869f871ce7,74.22,RON,Glovo ref 54318698,2025-09-21T20:43:57+00:00,bdd640fb-0667-4ad1-9c80-317fa3b1799d,
979e23ce-44c1-4aad-b89d-30aab1eae126,32.39,RON,Mega Image ref 78708114,2025-09-21T22:01:57+00:00,2eb300a6-bd34-43d9-94c9-8697b97c5ba7,
4c61d505-3abe-4b28-83f5-9143a52a0d8d,41.62,RON,Mega Image ref 75302659,2025-09-22T00:25:57+00:00,56cc310a-2a4b-4ab3-87df-66009aa0bf74,
03f7ee36-4d4f-40fd-b1a4-cf22b23d8430,251.22,RON,Dedeman ref 44905944,2025-09-22T01:27:57+00:00,97c83e0a-8a40-4c3e-b8e3-ae37cffa9985,
c06204a2-5213-4852-b720-46a83f798afb,76.76,RON,Mega Image ref 83573004,2025-09-22T02:17:57+00:00,02c27ee1-ff57-48d4-82c7-6cf491fd62b9,
92ea8e36-fa86-4159-8b07-2bd1b5522d7c,58.73,RON,Mega Image ref 32660251,2025-09-22T02:34:57+00:00,818e12e2-7146-4ffe-a877-ba23cf63df5b,
6e5c4f05-9faa-4194-9148-91fd5848619a,50.59,RON,Mega Image ref 74802325,2025-09-22T02:38:57+00:00,12cbffe1-d83b-42c0-8120-8703b8fbd5c6,
6d77c389-06ce-4465-a240-c79b00aa6144,75.91,RON,Glovo ref 38442248,2025-09-22T03:26:57+00:00,818e12e2-7146-4ffe-a877-ba23cf63df5b,
b8b91656-5997-4bb0-b7b9-a2e2fe9bf2d5,31.55,RON,Glovo ref 59221290,2025-09-22T04:16:57+00:00,7bf7bf91-9958-41e0-bb31-0f54e9f410c9,
f48c1a70-9eee-405e-8d3b-f36d7b21022e,473.32,RON,Dedeman ref 33231291,2025-09-22T04:18:57+00:00,12cbffe1-d83b-42c0-8120-8703b8fbd5c6,
ddef5b92-f291-4318-85f4-30f20c81cf24,54.53,RON,Glovo ref 33174916,2025-09-22T15:54:57+00:00,02c27ee1-ff57-48d4-82c7-6cf491fd62b9,
0671074b-d6df-4ca5-b65f-bd574859c2fb,176.86,RON,OMV benzina ref 39075638,2025-09-22T15:56:57+00:00,33a2f3d5-7d4c-460f-ba3e-5b7745b7b856,
7132317a-e7bd-49d2-a126-d75d14dfa6cc,28.24,RON,Glovo ref 46975007,2025-09-22T15:56:57+00:00,2eb300a6-bd34-43d9-94c9-8697b97c5ba7,
575fee90-5af9-43bc-b3ba-37a521db6de0,111.76,RON,Kaufland ref 20384600,2025-09-22T16:20:57+00:00,d3228db7-ef32-4e3e-8fa9-f9f8a84cc34d,
65a8bdc1-3015-4278-998f-2ed192e90654,82.96,RON,Lidl ref 84981169,2025-09-22T16:26:57+00:00,56cc310a-2a4b-4ab3-87df-66009aa0bf74,
8b8c2dc0-cfc0-4be8-b078-ef64ed70fb8d,159.79,RON,Kaufland ref 14561293,2025-09-22T17:55:57+00:00,6e36dc96-4f61-48f4-b69f-4ca617af9323,
5e05b8b1-4e45-4736-bab4-eb77959fb841,150.8,RON,Dedeman ref 67198985,2025-09-22T17:56:57+00:00,aa7898aa-95b2-468b-ac92-275a68599dc4,
b1ceb8e6-c77a-43b1-a0d1-eef15861919d,75.57,RON,Lidl ref 90020978,2025-09-22T18:24:57+00:00,7bf7bf91-9958-41e0-bb31-0f54e9f410c9,
77097749-527e-4cfa-a79a-c9aa9b4e2c24,78.42,RON,Carrefour ref 87844239,2025-09-22T18:52:57+00:00,bdd640fb-0667-4ad1-9c80-317fa3b1799d,
6de2ea64-606a-4105-9e74-87e6d29c5edb,74.65,RON,Glovo ref 72692641,2025-09-22T18:57:57+00:00,97c83e0a-8a40-4c3e-b8e3-ae37cffa9985,
73907696-30a2-4eff-95db-bf19842ae334,43.48,RON,Glovo ref 22574690,2025-09-22T19:15:57+00:00,6e36dc96-4f61-48f4-b69f-4ca617af9323,
39dd11e1-e222-4775-8f24-da7ea2e768d7,30.07,RON,Farmacia Tei ref 57036977,2025-09-22T22:17:57+00:00,aa7898aa-95b2-468b-ac92-275a68599dc4,
7c3374ae-80d3-487a-bd5b-26232501533f,61.88,RON,Farmacia Tei ref 23191602,2025-09-22T22:35:57+00:00,2eb300a6-bd34-43d9-94c9-8697b97c5ba7,
ae46ce15-b47b-4924-9ae5-d0b5b0427df1,26.62,RON,Lidl ref 98894342,2025-09-22T23:12:57+00:00,2eb300a6-bd34-43d9-94c9-8697b97c5ba7,
da4eb8b0-5467-4fcb-830d-1e86df643d30,178.17,RON,Kaufland ref 91607781,2025-09-22T23:13:57+00:00,33a2f3d5-7d4c-460f-ba3e-5b7745b7b856,
7325be9f-f06a-46ea-b3dd-0af04888171c,50.45,RON,Lidl ref 49883361,2025-09-22T23:18:57+00:00,5588e5c9-786a-4f09-8721-a8cedc57f9c8,
267d46e7-2de1-4da4-aa92-d47b515400a6,92.32,RON,Lidl ref 11318177,2025-09-22T23:24:57+00:00,aa7898aa-95b2-468b-ac92-275a68599dc4,
3c5f3e7d-fa3a-47d4-bce4-59b22b95426e,60.49,RON,Carrefour ref 39865811,2025-09-23T00:04:57+00:00,97c83e0a-8a40-4c3e-b8e3-ae37cffa9985,
67f48ad5-4d0b-4d1a-91b0-e1d99d9262af,59.1,RON,Glovo ref 33357554,2025-09-23T01:03:57+00:00,bdd640fb-0667-4ad1-9c80-317fa3b1799d,
6b444e2e-e469-4e4e-963e-a949d603ed0b,123.72,RON,Carrefour ref 31416700,2025-09-23T01:09:57+00:00,d3228db7-ef32-4e3e-8fa9-f9f8a84cc34d,
183f36db-54be-47e0-b566-639489a8c57d,33.48,RON,Glovo ref 22596044,2025-09-23T01:51:57+00:00,aa7898aa-95b2-468b-ac92-275a68599dc4,
ab22eb19-e09e-4c8e-9367-a1e99c2fd5a5,19.53,RON,Mega Image ref 73518894,2025-09-23T01:53:57+00:00,2eb300a6-bd34-43d9-94c9-8697b97c5ba7,
f4a29332-421b-4cca-8f60-00f3fef72410,45.37,RON,Glovo ref 54648162,2025-09-23T02:42:57+00:00,0e5779ec-be1a-470f-ad83-a4c869f8d3e4,
f2e943a9-fb1e-4f84-a06c-74d156cf7658,34.86,RON,Farmacia Tei ref 16472606,2025-09-23T04:26:57+00:00,33a2f3d5-7d4c-460f-ba3e-5b7745b7b856,
4b400e8d-2f83-49f8-97bb-849eb3093956,28.61,RON,Mega Image ref 78787071,2025-09-23T15:13:57+00:00,5588e5c9-786a-4f09-8721-a8cedc57f9c8,
e581d601-04cd-44e8-b225-539dc6f903cf,98.74,RON,Carrefour ref 43634472,2025-09-23T15:43:57+00:00,0e5779ec-be1a-470f-ad83-a4c869f8d3e4,
6a330766-b39f-4f31-a932-d92a18e2f947,104.23,RON,Farmacia Tei ref 19192196,2025-09-23T16:45:57+00:00,33a2f3d5-7d4c-460f-ba3e-5b7745b7b856,
4c285c29-4a22-421e-9106-0c0de5950021,40.52,RON,Lidl ref 10593111,2025-09-23T17:04:57+00:00,02c27ee1-ff57-48d4-82c7-6cf491fd62b9,
e6afcce9-f1f5-4294-a66c-93f287f2b581,46.32,RON,Carrefour ref 47768705,2025-09-23T17:47:57+00:00,7bf7bf91-9958-41e0-bb31-0f54e9f410c9,
809589f0-ce17-464d-99ea-987d56f4fdf9,99.3,RON,Lidl ref 62622836,2025-09-23T17:47:57+00:00,97c83e0a-8a40-4c3e-b8e3-ae37cffa9985,
15aad29d-9978-46f3-83b2-10def9de4c5b,152.53,RON,Kaufland ref 35447599,2025-09-23T18:17:57+00:00,02c27ee1-ff57-48d4-82c7-6cf491fd62b9,
f3dda144-5747-4072-9fe7-b319c7eceb5e,49.74,RON,Mega Image ref 28595489,2025-09-23T18:19:57+00:00,56cc310a-2a4b-4ab3-87df-66009aa0bf74,
b3e6e615-60a3-4d40-b848-63ffdabd4d19,45.63,RON,Mega Image ref 23387608,2025-09-23T18:23:57+00:00,82112000-16b4-4f2b-9dee-8ec850f886ea,
864fefd9-a466-4636-a5e9-d9e9c6b7169f,58.55,RON,Mega Image ref 10440936,2025-09-23T19:39:57+00:00,6e36dc96-4f61-48f4-b69f-4ca617af9323,
15051363-6273-446e-8f59-d6f47bb867e6,58.71,RON,Kaufland ref 88821687,2025-09-23T19:39:57+00:00,97c83e0a-8a40-4c3e-b8e3-ae37cffa9985,
ec8c93eb-c337-4d45-8e93-f53a632a992b,74.79,RON,Kaufland ref 59216380,2025-09-23T20:14:57+00:00,7bf7bf91-9958-41e0-bb31-0f54e9f410c9,
ba4ec9ad-60be-40d3-afcc-4bd6d44cceb3,16.75,RON,Mega Image ref 52118748,2025-09-23T22:07:57+00:00,d3228db7-ef32-4e3e-8fa9-f9f8a84cc34d,
7ab417d6-2975-4ef7-9d3f-904a5ca0678b,15.08,RON,Mega Image ref 26523927,2025-09-23T22:38:57+00:00,7bf7bf91-9958-41e0-bb31-0f54e9f410c9,
464b1fb8-3506-4c47-8e8f-a24145f07409,65.07,RON,Kaufland ref 98779246,2025-09-23T22:51:57+00:00,d3228db7-ef32-4e3e-8fa9-f9f8a84cc34d,
15bc3f2d-f5c4-47b2-9828-1f9c97f51447,48.07,RON,Lidl ref 51981711,2025-09-23T23:12:57+00:00,d3228db7-ef32-4e3e-8fa9-f9f8a84cc34d,
bb0c686a-1a5c-4752-a705-1d9697b732b3,45.23,RON,Mega Image ref 20398669,2025-09-23T23:20:57+00:00,aa7898aa-95b2-468b-ac92-275a68599dc4,
d49e13cb-0cee-45c6-bc82-3ba02c348fbf,20.65,RON,Glovo ref 33108436,2025-09-23T23:25:57+00:00,2eb300a6-bd34-43d9-94c9-8697b97c5ba7,
710b7fa9-e9a0-420d-9b33-2e43a4b1cf6a,48.23,RON,Glovo ref 92405160,2025-09-23T23:28:57+00:00,0e5779ec-be1a-470f-ad83-a4c869f8d3e4,
6208c875-c41c-433d-a513-964e965a693e,29.32,RON,Glovo ref 80104308,2025-09-23T23:45:57+00:00,aa7898aa-95b2-468b-ac92-275a68599dc4,
414c61dd-6994-4d00-bd76-17eb49464397,77.94,RON,Glovo ref 63934190,2025-09-23T23:46:57+00:00,6e36dc96-4f61-48f4-b69f-4ca617af9323,
973f7fd5-dca9-410a-ad1b-5e966e648ec8,21.44,RON,Farmacia Tei ref 21458649,2025-09-24T00:18:57+00:00,7bf7bf91-9958-41e0-bb31-0f54e9f410c9,
749b5bee-8292-4f7f-b534-efc58ce73502,116.69,RON,Carrefour ref 13366707,2025-09-24T00:26:57+00:00,56cc310a-2a4b-4ab3-87df-66009aa0bf74,
b970c05d-9def-4281-970f-34bb25944c4e,53.33,RON,Mega Image ref 63538936,2025-09-24T01:23:57+00:00,02c27ee1-ff57-48d4-82c7-6cf491fd62b9,
184a812a-15db-45d7-8f4a-e7ff9ec37588,62.51,RON,Lidl ref 75961815,2025-09-24T02:15:57+00:00,818e12e2-7146-4ffe-a877-ba23cf63df5b,
dee730eb-08a4-46d9-9a58-1e293a1174d3,96.0,RON,Glovo ref 98762878,2025-09-24T02:58:57+00:00,02c27ee1-ff57-48d4-82c7-6cf491fd62b9,
27facb5d-c74d-4800-be1e-0254e35aac0c,44.78,RON,Lidl ref 20059485,2025-09-24T03:40:57+00:00,7bf7bf91-9958-41e0-bb31-0f54e9f410c9,
f4e30570-67d1-4836-a7b4-638be871690e,128.32,RON,OMV benzina ref 58746103,2025-09-24T14:46:57+00:00,7bf7bf91-9958-41e0-bb31-0f54e9f410c9,
642e3a16-e795-43fb-946f-cba3b336d143,59.25,RON,Lidl ref 30348410,2025-09-24T15:21:57+00:00,0e5779ec-be1a-470f-ad83-a4c869f8d3e4,
7582bcb0-9bf5-497c-8668-db072dc0c33c,109.89,RON,Carrefour ref 88532495,2025-09-24T17:04:57+00:00,d3228db7-ef32-4e3e-8fa9-f9f8a84cc34d,
3ff67eb1-3067-4423-9045-f24c186a39e2,95.89,RON,Glovo ref 64549156,2025-09-24T19:12:57+00:00,82112000-16b4-4f2b-9dee-8ec850f886ea,
421e8ebf-c699-4fc4-ac09-db7cd4577e83,44.76,RON,Mega Image ref 70131841,2025-09-24T19:36:57+00:00,33a2f3d5-7d4c-460f-ba3e-5b7745b7b856,
a1384ddc-e2d9-4e5d-aa18-ce4c74962764,52.86,RON,Mega Image ref 19774839,2025-09-24T22:18:57+00:00,bdd640fb-0667-4ad1-9c80-317fa3b1799d,
3bbbd9f3-4a34-4a5b-a353-afe654352af4,30.57,RON,Glovo ref 62723273,2025-09-24T22:25:57+00:00,d3228db7-ef32-4e3e-8fa9-f9f8a84cc34d,
d7f74004-a2b4-41ff-a6b0-aca026fd8253,107.24,RON,Lidl ref 53137197,2025-09-24T23:30:57+00:00,02c27ee1-ff57-48d4-82c7-6cf491fd62b9,
4913a18b-ddcf-4347-b5d8-4caeb381e8b0,42.23,RON,Mega Image ref 39774445,2025-09-25T01:19:57+00:00,7bf7bf91-9958-41e0-bb31-0f54e9f410c9,
5a2b65ab-3f4a-4d38-9f93-4b0fe7df694b,56.4,RON,Lidl ref 21048554,2025-09-25T01:52:57+00:00,818e12e2-7146-4ffe-a877-ba23cf63df5b,
30ad67d0-dd2b-4468-8610-3f8c90e43299,83.45,RON,Glovo ref 56535485,2025-09-25T02:22:57+00:00,33a2f3d5-7d4c-460f-ba3e-5b7745b7b856,
0640be0f-25b8-4d4b-b2fa-2de8ce7ae7f6,77.53,RON,Lidl ref 40150759,2025-09-25T02:54:57+00:00,bdd640fb-0667-4ad1-9c80-317fa3b1799d,
5e38ff70-fe60-4765-85cf-d69632f0cc06,87.44,RON,Lidl ref 41125764,2025-09-25T04:32:57+00:00,56cc310a-2a4b-4ab3-87df-66009aa0bf74,
53bc20e0-78c0-4d8b-aa33-19bc6ce763e1,67.09,RON,Lidl ref 69014061,2025-09-25T14:47:57+00:00,aa7898aa-95b2-468b-ac92-275a68599dc4,
42d56a06-21b2-44e7-ad80-056fec359559,100.41,RON,Carrefour ref 81569760,2025-09-25T15:40:57+00:00,d3228db7-ef32-4e3e-8fa9-f9f8a84cc34d,
cd1c6add-08cd-4aea-8246-4175cd998628,43.33,RON,Lidl ref 24953096,2025-09-25T19:16:57+00:00,2eb300a6-bd34-43d9-94c9-8697b97c5ba7,
4436a379-1a80-444e-80f1-8e4e93132cf1,59.64,RON,Mega Image ref 13763817,2025-09-25T19:24:57+00:00,818e12e2-7146-4ffe-a877-ba23cf63df5b,
4fbe5bf9-7ae2-455c-959f-3cf1d9edaf6a,59.54,RON,Kaufland ref 53791408,2025-09-25T20:07:57+00:00,56cc310a-2a4b-4ab3-87df-66009aa0bf74,
d66e98f7-7859-4aa4-a4ff-619eaa57e57e,110.62,RON,Kaufland ref 62969681,2025-09-25T20:19:57+00:00,97c83e0a-8a40-4c3e-b8e3-ae37cffa9985,
5e81cfe9-5825-438a-8489-96df72fb51cb,267.4,RON,OMV benzina ref 36209209,2025-09-25T20:41:57+00:00,12cbffe1-d83b-42c0-8120-8703b8fbd5c6,
9cb200e3-8177-451c-b8d6-e9044bf21606,37.4,RON,Mega Image ref 32780855,2025-09-25T21:42:57+00:00,12cbffe1-d83b-42c0-8120-8703b8fbd5c6,
4f97b356-80ef-486d-be8d-ca0e3d0fc4c0,59.45,RON,Glovo ref 97464799,2025-09-25T21:43:57+00:00,6e36dc96-4f61-48f4-b69f-4ca617af9323,
d7eff6da-6cd7-42a3-88f8-9e305f3969ad,43.85,RON,Mega Image ref 56712081,2025-09-25T22:16:57+00:00,7bf7bf91-9958-41e0-bb31-0f54e9f410c9,
5d2099de-133f-448e-8eea-815a1a6f9482,160.28,RON,Kaufland ref 84946680,2025-09-25T22:30:57+00:00,6e36dc96-4f61-48f4-b69f-4ca617af9323,
7c06d533-eeb7-4981-91fa-714407ee522e,52.71,RON,Glovo ref 41155626,2025-09-25T22:50:57+00:00,02c27ee1-ff57-48d4-82c7-6cf491fd62b9,
1c6e3139-3a2e-4141-ba66-a94928fadf8d,259.67,RON,Dedeman ref 56949663,2025-09-25T23:02:57+00:00,97c83e0a-8a40-4c3e-b8e3-ae37cffa9985,
6a6aa486-91b9-4631-9ba8-90ff78f0fdfd,99.98,RON,Glovo ref 64704172,2025-09-25T23:26:57+00:00,82112000-16b4-4f2b-9dee-8ec850f886ea,
eeb9e33d-08bf-48ad-bfc3-131188f11964,40.47,RON,Mega Image ref 77626018,2025-09-25T23:50:57+00:00,6e36dc96-4f61-48f4-b69f-4ca617af9323,
29b56963-e046-45c8-86a7-d3051f431bd3,44.24,RON,Mega Image ref 56326746,2025-09-25T23:52:57+00:00,56cc310a-2a4b-4ab3-87df-66009aa0bf74,
addc3496-c78b-40c2-9c5e-2c2bf403fe63,83.99,RON,Kaufland ref 22091444,2025-09-26T00:37:57+00:00,d3228db7-ef32-4e3e-8fa9-f9f8a84cc34d,
2b342a75-9104-4951-9c00-95bb45cad3e9,99.77,RON,Carrefour ref 50581094,2025-09-26T02:14:57+00:00,5588e5c9-786a-4f09-8721-a8cedc57f9c8,
fdd99681-ef5e-4ca5-8909-b0039136e530,257.01,RON,OMV benzina ref 26267678,2025-09-26T02:31:57+00:00,0e5779ec-be1a-470f-ad83-a4c869f8d3e4,
52c64562-0010-4dc0-9fe6-b58979b8023d,57.15,RON,Kaufland ref 32121549,2025-09-26T03:18:57+00:00,aa7898aa-95b2-468b-ac92-275a68599dc4,
545a8a02-02e8-42e9-a899-66a54bfe753b,150.32,RON,Lidl ref 28177418,2025-09-26T03:21:57+00:00,02c27ee1-ff57-48d4-82c7-6cf491fd62b9,
4665f861-2213-42d9-aa00-003e4b6e9454,197.89,RON,Dedeman ref 78613503,2025-09-26T03:34:57+00:00,2eb300a6-bd34-43d9-94c9-8697b97c5ba7,
8e10a3c7-0b4b-4f23-9c4d-acfd00b30bda,58.87,RON,Carrefour ref 68275307,2025-09-26T04:30:57+00:00,7bf7bf91-9958-41e0-bb31-0f54e9f410c9,
c94a99dd-81c5-4bd8-bcca-526054e02dac,90.08,RON,Mega Image ref 76678206,2025-09-26T16:15:57+00:00,12cbffe1-d83b-42c0-8120-8703b8fbd5c6,
23aa1a48-f1d8-472a-8b84-4ffe1b312cfb,69.85,RON,Kaufland ref 76094650,2025-09-26T16:37:57+00:00,d3228db7-ef32-4e3e-8fa9-f9f8a84cc34d,
cff54357-18f1-401e-8450-6864035c6c48,85.58,RON,Carrefour ref 83064458,2025-09-26T17:06:57+00:00,7bf7bf91-9958-41e0-bb31-0f54e9f410c9,
ad3de6f6-f073-4ff7-988f-409a0dfaf6a0,99.0,RON,Carrefour ref 26758376,2025-09-26T18:33:57+00:00,97c83e0a-8a40-4c3e-b8e3-ae37cffa9985,
9181ae73-f00c-4f5f-aa55-ee322006b538,219.45,RON,Kaufland ref 63778194,2025-09-26T19:14:57+00:00,02c27ee1-ff57-48d4-82c7-6cf491fd62b9,
c1581092-f335-4ba3-913a-7052986f9025,50.97,RON,Glovo ref 85017682,2025-09-26T22:21:57+00:00,bdd640fb-0667-4ad1-9c80-317fa3b1799d,
f5f011c9-b248-44cf-9dd8-ceb6a4d3d2e3,318.45,RON,Dedeman ref 48230801,2025-09-26T23:06:57+00:00,818e12e2-7146-4ffe-a877-ba23cf63df5b,
ec34a5ba-7dc4-4573-a93f-f665de760cf4,158.69,RON,Kaufland ref 57120828,2025-09-26T23:07:57+00:00,97c83e0a-8a40-4c3e-b8e3-ae37cffa9985,
e9d18a02-69e4-4251-a8ec-dbfa78da0864,66.79,RON,Lidl ref 11928873,2025-09-26T23:10:57+00:00,6e36dc96-4f61-48f4-b69f-4ca617af9323,
d0113c6a-293a-4949-8c22-6a2662dbc108,19.91,RON,Mega Image ref 48310271,2025-09-26T23:20:57+00:00,818e12e2-7146-4ffe-a877-ba23cf63df5b,
c439dfcf-c2ad-4d97-b5aa-ecb0d757ad38,105.95,RON,Lidl ref 20798726,2025-09-26T23:33:57+00:00,0e5779ec-be1a-470f-ad83-a4c869f8d3e4,
4719c1a8-d567-4214-a23e-be36f20ba0c9,164.41,RON,OMV benzina ref 32295753,2025-09-27T00:32:57+00:00,aa7898aa-95b2-468b-ac92-275a68599dc4,
ed41b2da-bb80-43b5-bec3-4a0a901fd9a7,47.82,RON,Mega Image ref 38075504,2025-09-27T01:22:57+00:00,82112000-16b4-4f2b-9dee-8ec850f886ea,
ca9d56e4-0bdf-4a3c-8686-432b9d4dd0e4,80.86,RON,Lidl ref 66486006,2025-09-27T01:32:57+00:00,82112000-16b4-4f2b-9dee-8ec850f886ea,
1314e0eb-897a-46e6-bb13-e1366added37,48.85,RON,Farmacia Tei ref 21821384,2025-09-27T01:40:57+00:00,6e36dc96-4f61-48f4-b69f-4ca617af9323,
bc9742d3-e955-4593-8e5c-5b2006d23bde,51.67,RON,Kaufland ref 37812524,2025-09-27T03:11:57+00:00,7bf7bf91-9958-41e0-bb31-0f54e9f410c9,
00b611a2-ef6c-4067-a0c1-2b8a3efa2d4e,95.31,RON,Lidl ref 58921737,2025-09-27T14:44:57+00:00,02c27ee1-ff57-48d4-82c7-6cf491fd62b9,
caf0f442-1020-48e6-a386-44e07d3e5830,63.49,RON,Mega Image ref 42008932,2025-09-27T15:25:57+00:00,0e5779ec-be1a-470f-ad83-a4c869f8d3e4,
a81fc504-124b-483c-aef9-06d4ecaf7098,71.23,RON,Mega Image ref 88732133,2025-09-27T17:13:57+00:00,82112000-16b4-4f2b-9dee-8ec850f886ea,
437f1763-db61-4b4f-8aa3-4bcd413aaec6,35.52,RON,Glovo ref 46419627,2025-09-27T19:16:57+00:00,97c83e0a-8a40-4c3e-b8e3-ae37cffa9985,
36ba4892-6c90-4f13-ba7e-6b515892e71a,54.65,RON,Farmacia Tei ref 99931125,2025-09-27T20:33:57+00:00,aa7898aa-95b2-468b-ac92-275a68599dc4,
692a8cc2-586c-4d23-885c-4bf0313701b4,62.16,RON,Glovo ref 13600484,2025-09-27T21:44:57+00:00,56cc310a-2a4b-4ab3-87df-66009aa0bf74,
1467b73a-5507-44a7-baac-2179b66e58a8,34.43,RON,Glovo ref 72001364,2025-09-27T21:45:57+00:00,7bf7bf91-9958-41e0-bb31-0f54e9f410c9,
a6d1b539-c3b5-4b86-81f8-57c42726c2c3,81.56,RON,Glovo ref 74463687,2025-09-27T23:06:57+00:00,02c27ee1-ff57-48d4-82c7-6cf491fd62b9,
0f90bfaa-b44d-4088-97bc-6e8af9653f72,90.79,RON,Lidl ref 24519890,2025-09-27T23:40:57+00:00,7bf7bf91-9958-41e0-bb31-0f54e9f410c9,
508dcfbe-9cbd-457f-9ae2-3112769b917d,93.46,RON,Carrefour ref 60383426,2025-09-27T23:48:57+00:00,12cbffe1-d83b-42c0-8120-8703b8fbd5c6,
c1bfcce4-f117-40d1-b929-b2ac913c2eec,38.18,RON,Mega Image ref 95121244,2025-09-28T01:13:57+00:00,6e36dc96-4f61-48f4-b69f-4ca617af9323,
28a1b392-4090-4884-a35f-1935f53fa0dd,35.31,RON,Glovo ref 28663467,2025-09-28T01:49:57+00:00,818e12e2-7146-4ffe-a877-ba23cf63df5b,
23d34d22-3080-4ed6-bc3e-34af701fb3ea,67.11,RON,Lidl ref 94931806,2025-09-28T02:01:57+00:00,0e5779ec-be1a-470f-ad83-a4c869f8d3e4,
a12a2031-92da-4b36-9879-27a2da212725,57.18,RON,Farmacia Tei ref 21506268,2025-09-28T02:04:57+00:00,97c83e0a-8a40-4c3e-b8e3-ae37cffa9985,
4d9eee45-0ead-4bb3-996f-f6425869bf9d,79.78,RON,Mega Image ref 93701086,2025-09-28T14:57:57+00:00,33a2f3d5-7d4c-460f-ba3e-5b7745b7b856,
ce9e5929-3630-4a60-9e41-82bb67cf5ce0,91.77,RON,Lidl ref 15746469,2025-09-28T15:00:57+00:00,0e5779ec-be1a-470f-ad83-a4c869f8d3e4,
1e47d322-51b5-4a83-b36a-87ad99c43a54,88.78,RON,Mega Image ref 19580526,2025-09-28T16:38:57+00:00,12cbffe1-d83b-42c0-8120-8703b8fbd5c6,
f5ecc8ec-4797-4382-b249-f515d92e9348,75.81,RON,Glovo ref 13714837,2025-09-28T16:55:57+00:00,82112000-16b4-4f2b-9dee-8ec850f886ea,
8e36839c-d8cd-41ea-82d8-0d4cc24e1ca5,98.96,RON,Kaufland ref 88294032,2025-09-28T17:19:57+00:00,5588e5c9-786a-4f09-8721-a8cedc57f9c8,
29d2680a-b5f8-41b0-9eda-228c41f3e01c,150.27,RON,Lidl ref 75867688,2025-09-28T18:29:57+00:00,02c27ee1-ff57-48d4-82c7-6cf491fd62b9,
857f72e7-ef11-4a6c-a2e9-2d43ffcc2903,151.25,RON,OMV benzina ref 55950194,2025-09-28T19:55:57+00:00,818e12e2-7146-4ffe-a877-ba23cf63df5b,
6d085507-7262-48cb-9af7-233aad2654a4,160.88,RON,Dedeman ref 80883378,2025-09-28T20:50:57+00:00,7bf7bf91-9958-41e0-bb31-0f54e9f410c9,
7e6fdf05-4638-4ea7-b733-8cffd7a2dda9,76.02,RON,Kaufland ref 11331041,2025-09-28T22:50:57+00:00,82112000-16b4-4f2b-9dee-8ec850f886ea,
ce6f3b4d-873e-4bfe-8d88-75a250350f85,111.36,RON,Glovo ref 65876327,2025-09-28T23:08:57+00:00,12cbffe1-d83b-42c0-8120-8703b8fbd5c6,
10dc8951-62fb-4b48-8a56-974ed1b580e6,152.09,RON,Kaufland ref 47238134,2025-09-29T00:10:57+00:00,97c83e0a-8a40-4c3e-b8e3-ae37cffa9985,
8a767f56-40dc-4ba4-a464-9fe2f692b9be,23.44,RON,Lidl ref 22512134,2025-09-29T02:03:57+00:00,56cc310a-2a4b-4ab3-87df-66009aa0bf74,
7f0f6ba8-12c2-4f8a-ab68-2bb2a471f0a6,145.85,RON,Kaufland ref 36366977,2025-09-29T15:10:57+00:00,02c27ee1-ff57-48d4-82c7-6cf491fd62b9,
54b4a482-6858-4eba-aa34-c85410714d51,45.52,RON,Mega Image ref 38716269,2025-09-29T18:03:57+00:00,bdd640fb-0667-4ad1-9c80-317fa3b1799d,
fee8acf1-0b3e-4b6e-a5f6-98977a8e5e5c,69.03,RON,Farmacia Tei ref 96124034,2025-09-29T18:41:57+00:00,aa7898aa-95b2-468b-ac92-275a68599dc4,
948f18d5-6d92-4fb9-9a56-b7a2f7d35ee3,40.82,RON,Mega Image ref 83962111,2025-09-29T19:49:57+00:00,12cbffe1-d83b-42c0-8120-8703b8fbd5c6,
0e323e12-2cc4-47e2-8301-c91713baf019,70.73,RON,Glovo ref 56180341,2025-09-29T20:03:57+00:00,97c83e0a-8a40-4c3e-b8e3-ae37cffa9985,
86ba4d5c-0089-4ab2-8368-f3d5f093e044,132.96,RON,Carrefour ref 70650671,2025-09-29T20:46:57+00:00,97c83e0a-8a40-4c3e-b8e3-ae37cffa9985,
d7c13092-a7f3-498f-b444-67eff1160667,144.92,RON,OMV benzina ref 53566725,2025-09-29T20:56:57+00:00,56cc310a-2a4b-4ab3-87df-66009aa0bf74,
e0ea92ef-a0cf-4ae2-94ea-22a20c00207a,31.34,RON,Lidl ref 31777281,2025-09-29T21:11:57+00:00,2eb300a6-bd34-43d9-94c9-8697b97c5ba7,
3e34cde1-2559-406f-8a69-6526c81088d8,62.98,RON,Mega Image ref 87381687,2025-09-29T22:50:57+00:00,5588e5c9-786a-4f09-8721-a8cedc57f9c8,
aacfa947-dd9c-429a-b6fc-5c77751f0dda,76.06,RON,Lidl ref 64185284,2025-09-29T23:08:57+00:00,56cc310a-2a4b-4ab3-87df-66009aa0bf74,
1d3ae131-1b38-4581-9145-bd7fd15b5a37,72.12,RON,Glovo ref 18584245,2025-09-29T23:49:57+00:00,0e5779ec-be1a-470f-ad83-a4c869f8d3e4,
d554da12-5561-44a4-b1ec-2961258869d9,89.35,RON,Glovo ref 16038255,2025-09-30T00:27:57+00:00,02c27ee1-ff57-48d4-82c7-6cf491fd62b9,
9e4da214-eb03-4c4e-a83c-dff978a1d988,67.31,RON,Lidl ref 12558593,2025-09-30T01:48:57+00:00,0e5779ec-be1a-470f-ad83-a4c869f8d3e4,
4eada8d3-e797-43ae-8cca-0c05a1f619ed,20.17,RON,Mega Image ref 33118870,2025-09-30T02:20:57+00:00,0e5779ec-be1a-470f-ad83-a4c869f8d3e4,
82fd6ccf-d070-41dd-8cee-5c04a1e0fd51,20.02,RON,Mega Image ref 32467144,2025-09-30T02:50:57+00:00,6e36dc96-4f61-48f4-b69f-4ca617af9323,
d9bb17b5-ba90-494d-8d62-16ae9bb10c30,42.88,RON,Mega Image ref 50184383,2025-09-30T03:44:57+00:00,d3228db7-ef32-4e3e-8fa9-f9f8a84cc34d,
c60694c1-8ed8-46b6-b4fe-1eb87c688e1d,74.21,RON,Lidl ref 40924274,2025-09-30T14:53:57+00:00,5588e5c9-786a-4f09-8721-a8cedc57f9c8,
adde3e12-1084-4e0a-8784-0aba8d734c8b,61.42,RON,Mega Image ref 76880359,2025-09-30T15:31:57+00:00,6e36dc96-4f61-48f4-b69f-4ca617af9323,
39288a6b-bf2e-47ff-8f26-4fec76dabfd2,62.15,RON,Mega Image ref 58047080,2025-09-30T15:35:57+00:00,97c83e0a-8a40-4c3e-b8e3-ae37cffa9985,
e32b138f-8fb5-4575-a681-a62dd9486fd8,96.16,RON,Farmacia Tei ref 20396516,2025-09-30T15:56:57+00:00,6e36dc96-4f61-48f4-b69f-4ca617af9323,
41324262-62b3-4855-bd3c-0b88eade9a61,349.55,RON,OMV benzina ref 84166566,2025-09-30T16:56:57+00:00,33a2f3d5-7d4c-460f-ba3e-5b7745b7b856,
b812a199-48d3-415f-aec5-ee8c60a34c4b,17.98,RON,Glovo ref 98103583,2025-09-30T16:56:57+00:00,2eb300a6-bd34-43d9-94c9-8697b97c5ba7,
5d33fc9f-9189-463d-9dcc-dad0ab646f50,36.38,RON,Glovo ref 39201777,2025-09-30T17:05:57+00:00,33a2f3d5-7d4c-460f-ba3e-5b7745b7b856,
4c5b6bf4-309b-4c9a-8a52-11cf75a9c71f,144.8,RON,Kaufland ref 38181320,2025-09-30T18:12:57+00:00,02c27ee1-ff57-48d4-82c7-6cf491fd62b9,
a0786e8f-5490-4f0a-b70f-8b814f8390da,75.36,RON,Carrefour ref 23444210,2025-09-30T19:04:57+00:00,7bf7bf91-9958-41e0-bb31-0f54e9f410c9,
26493fa9-323d-4dd7-9cb1-e223713d3cf5,169.71,RON,Kaufland ref 51194655,2025-09-30T19:53:57+00:00,97c83e0a-8a40-4c3e-b8e3-ae37cffa9985,
8bcf53a1-bc10-4a52-bf5d-2fdf89c8d2ab,75.19,RON,Farmacia Tei ref 66240084,2025-09-30T19:58:57+00:00,bdd640fb-0667-4ad1-9c80-317fa3b1799d,
da8f55c4-b310-40ed-a362-84b8d4a84c96,24.48,RON,Glovo ref 42285783,2025-09-30T20:16:57+00:00,7bf7bf91-9958-41e0-bb31-0f54e9f410c9,
839fc54a-0b26-4728-aa04-56776ac494c2,10.85,RON,Mega Image ref 17186365,2025-09-30T21:07:57+00:00,2eb300a6-bd34-43d9-94c9-8697b97c5ba7,
8554e472-fd46-4c7e-a21c-b77fb4f3bc13,66.16,RON,Farmacia Tei ref 50372913,2025-09-30T23:05:57+00:00,5588e5c9-786a-4f09-8721-a8cedc57f9c8,
cd7c207e-3de2-4efd-aae3-0f4b86854b28,55.71,RON,Carrefour ref 60801563,2025-09-30T23:44:57+00:00,d3228db7-ef32-4e3e-8fa9-f9f8a84cc34d,
bb9d56a6-3925-4538-bbd8-b679b58a4796,57.68,RON,Kaufland ref 46319550,2025-10-01T01:16:57+00:00,82112000-16b4-4f2b-9dee-8ec850f886ea,
dda4b594-a3ba-4c62-85aa-f4ca47404e59,116.61,RON,Lidl ref 27921779,2025-10-01T01:30:57+00:00,12cbffe1-d83b-42c0-8120-8703b8fbd5c6,
3f293e0c-943b-4745-ad35-3a8c3788881c,163.28,RON,OMV benzina ref 56948436,2025-10-01T01:59:57+00:00,818e12e2-7146-4ffe-a877-ba23cf63df5b,
43a2647c-2d52-4504-b9cd-ea833a470c64,43.76,RON,Mega Image ref 15987077,2025-10-01T03:09:57+00:00,56cc310a-2a4b-4ab3-87df-66009aa0bf74,
64c48c04-e3bf-47c2-affe-5a67d69cd777,55.93,RON,Mega Image ref 44120982,2025-10-01T03:37:57+00:00,7bf7bf91-9958-41e0-bb31-0f54e9f410c9,
def42b39-2d49-4235-bc77-5a20b4a4cb80,73.33,RON,Glovo ref 30561048,2025-10-01T15:18:57+00:00,aa7898aa-95b2-468b-ac92-275a68599dc4,
a98b0a03-4890-477b-9746-ed6e76b8eea2,47.94,RON,Lidl ref 20042419,2025-10-01T15:21:57+00:00,82112000-16b4-4f2b-9dee-8ec850f886ea,
c1ce653a-c703-4c2d-9382-e9e652442cd5,383.44,RON,OMV benzina ref 65504245,2025-10-01T15:23:57+00:00,02c27ee1-ff57-48d4-82c7-6cf491fd62b9,
cad04982-ceb2-4a32-b189-727f6a8d8a70,107.52,RON,Carrefour ref 48081803,2025-10-01T16:24:57+00:00,0e5779ec-be1a-470f-ad83-a4c869f8d3e4,
04005940-2862-4b4e-8714-d549604a1fe2,267.45,RON,OMV benzina ref 92200507,2025-10-01T16:29:57+00:00,0e5779ec-be1a-470f-ad83-a4c869f8d3e4,
3e5f7e23-704c-49e2-aa3d-d7698dac210d,61.27,RON,Lidl ref 59650807,2025-10-01T17:27:57+00:00,0e5779ec-be1a-470f-ad83-a4c869f8d3e4,
a399dc47-ace2-4aec-a408-b9ffd72467f0,49.37,RON,Glovo ref 47480785,2025-10-01T18:02:57+00:00,33a2f3d5-7d4c-460f-ba3e-5b7745b7b856,
89befdfc-9d85-45b3-bebf-bd0df3ffe0c8,89.0,RON,Carrefour ref 87321236,2025-10-01T19:24:57+00:00,97c83e0a-8a40-4c3e-b8e3-ae37cffa9985,
46519c1e-ff0f-4dfe-a8fc-bc573e9faf23,186.43,RON,Carrefour ref 74505463,2025-10-01T21:13:57+00:00,82112000-16b4-4f2b-9dee-8ec850f886ea,
7bb3a0cf-f70a-47e6-b2e9-550e2afcbdbb,422.76,RON,OMV benzina ref 92128329,2025-10-01T22:48:57+00:00,12cbffe1-d83b-42c0-8120-8703b8fbd5c6,
cf21789c-ec0e-4657-9171-41f87b9a3f72,111.56,RON,Carrefour ref 70339806,2025-10-01T23:20:57+00:00,818e12e2-7146-4ffe-a877-ba23cf63df5b,
0507a453-098f-417b-8097-d297e9f746e7,43.36,RON,Mega Image ref 26686406,2025-10-02T00:10:57+00:00,7bf7bf91-9958-41e0-bb31-0f54e9f410c9,
4ff25f79-3ed2-4bad-939c-a12e33384921,61.17,RON,Mega Image ref 77645639,2025-10-02T01:39:57+00:00,33a2f3d5-7d4c-460f-ba3e-5b7745b7b856,
fc87aa39-50b1-409f-b9b9-e307c64375ed,49.69,RON,Mega Image ref 27269901,2025-10-02T02:13:57+00:00,02c27ee1-ff57-48d4-82c7-6cf491fd62b9,
13a60486-a4a3-4744-abd5-9d18c526199b,33.76,RON,Mega Image ref 21307344,2025-10-02T02:40:57+00:00,d3228db7-ef32-4e3e-8fa9-f9f8a84cc34d,
19b487d7-da8a-4382-a20b-61700b3843fb,19.97,RON,Mega Image ref 54653615,2025-10-02T03:23:57+00:00,2eb300a6-bd34-43d9-94c9-8697b97c5ba7,
b9928653-7c59-4f03-aeda-748e7381912a,60.07,RON,Lidl ref 87411217,2025-10-02T03:30:57+00:00,d3228db7-ef32-4e3e-8fa9-f9f8a84cc34d,
102f4f5c-55e3-4295-ac67-10bd97d46f61,67.11,RON,Kaufland ref 16118522,2025-10-02T04:29:57+00:00,0e5779ec-be1a-470f-ad83-a4c869f8d3e4,
5071ce94-0ff4-4fe8-b5e9-489ca331c4b0,47.93,RON,Carrefour ref 69509188,2025-10-02T04:33:57+00:00,aa7898aa-95b2-468b-ac92-275a68599dc4,
62e05cc1-17a4-4b83-bd39-f6526206a6b5,52.07,RON,Mega Image ref 19573523,2025-10-02T14:50:57+00:00,97c83e0a-8a40-4c3e-b8e3-ae37cffa9985,
7bd06794-2985-4dd3-8a1d-5528d85a254f,27.95,RON,Mega Image ref 55755518,2025-10-02T16:01:57+00:00,56cc310a-2a4b-4ab3-87df-66009aa0bf74,
3236873f-9cfc-4b98-a182-09e95f75b5a1,79.9,RON,Lidl ref 61415291,2025-10-02T16:39:57+00:00,33a2f3d5-7d4c-460f-ba3e-5b7745b7b856,
9cef01ef-34b3-4319-884c-e5441f6d9530,93.63,RON,Carrefour ref 44133828,2025-10-02T17:09:57+00:00,33a2f3d5-7d4c-460f-ba3e-5b7745b7b856,
297a7a8c-6af6-45b1-aa66-883bc927f6f2,72.92,RON,Carrefour ref 15081300,2025-10-02T17:25:57+00:00,97c83e0a-8a40-4c3e-b8e3-ae37cffa9985,
95e0686b-f0c4-40c1-823c-69a2490987c9,172.32,RON,OMV benzina ref 80684582,2025-10-02T17:31:57+00:00,2eb300a6-bd34-43d9-94c9-8697b97c5ba7,
d7fc8bd6-379b-4119-8d4f-66acb9b14f6d,83.64,RON,Lidl ref 68893279,2025-10-02T19:23:57+00:00,56cc310a-2a4b-4ab3-87df-66009aa0bf74,
12c8acc2-d05e-4278-9ae2-7ece097b6a0a,49.22,RON,Glovo ref 44331985,2025-10-02T20:03:57+00:00,02c27ee1-ff57-48d4-82c7-6cf491fd62b9,
73af2d34-d5cd-4ed2-a52b-aa7c522a7f0e,416.45,RON,Dedeman ref 22809228,2025-10-02T20:13:57+00:00,02c27ee1-ff57-48d4-82c7-6cf491fd62b9,
86ade6a1-5635-489d-986a-852e66eaf779,40.86,RON,Farmacia Tei ref 21495769,2025-10-02T20:40:57+00:00,12cbffe1-d83b-42c0-8120-8703b8fbd5c6,
53cd6268-610c-4373-8299-9aa40cdf742b,123.32,RON,Carrefour ref 34391257,2025-10-02T20:47:57+00:00,bdd640fb-0667-4ad1-9c80-317fa3b1799d,
e95fa478-0710-4092-b351-fdb2ab36ce20,55.31,RON,Kaufland ref 53250882,2025-10-02T23:29:57+00:00,818e12e2-7146-4ffe-a877-ba23cf63df5b,
e7dd93a5-2b51-4424-b595-459de5d20eae,14.04,RON,Mega Image ref 52477264,2025-10-03T00:26:57+00:00,aa7898aa-95b2-468b-ac92-275a68599dc4,
e3c80e02-b7d6-462f-9468-9f11d150190b,226.66,RON,OMV benzina ref 58302092,2025-10-03T00:28:57+00:00,56cc310a-2a4b-4ab3-87df-66009aa0bf74,
316482fe-10a0-4260-8fbd-6062ab6d9aa8,79.37,RON,Carrefour ref 99620191,2025-10-03T01:04:57+00:00,aa7898aa-95b2-468b-ac92-275a68599dc4,
b0370294-6f82-4582-b55f-34f4f3adea7d,55.45,RON,Mega Image ref 29068535,2025-10-03T01:37:57+00:00,33a2f3d5-7d4c-460f-ba3e-5b7745b7b856,
58dc6a99-97d4-46bd-89c8-521edd271b92,411.11,RON,OMV benzina ref 32341708,2025-10-03T01:54:57+00:00,02c27ee1-ff57-48d4-82c7-6cf491fd62b9,
06ba1d8b-2fec-407f-ac5c-a8b8f0593ff0,13.56,RON,Mega Image ref 67552584,2025-10-03T03:24:57+00:00,818e12e2-7146-4ffe-a877-ba23cf63df5b,
fd135421-a640-4e13-95fe-e15bea0744f7,92.79,RON,Lidl ref 29246209,2025-10-03T03:43:57+00:00,97c83e0a-8a40-4c3e-b8e3-ae37cffa9985,
c7fee39f-1190-4938-a66f-d7f739669fa7,89.68,RON,Carrefour ref 56970882,2025-10-03T15:26:57+00:00,bdd640fb-0667-4ad1-9c80-317fa3b1799d,
c1ab72b6-c177-4a6e-bdc8-6eadf78bbdae,51.1,RON,Glovo ref 69193747,2025-10-03T16:08:57+00:00,82112000-16b4-4f2b-9dee-8ec850f886ea,
b72bf20f-64e7-4df4-bde8-970211f1ebde,98.92,RON,Lidl ref 15612150,2025-10-03T17:33:57+00:00,82112000-16b4-4f2b-9dee-8ec850f886ea,
39f33af7-b59d-4b87-8dc8-4796162f1473,45.44,RON,Lidl ref 87671698,2025-10-03T18:32:57+00:00,97c83e0a-8a40-4c3e-b8e3-ae37cffa9985,
dbebc54e-f3c5-45cd-9488-71aee8695c25,31.84,RON,Mega Image ref 86811437,2025-10-03T19:00:57+00:00,d3228db7-ef32-4e3e-8fa9-f9f8a84cc34d,
a5868874-4c31-47b6-96f3-05d7cece12fc,40.7,RON,Mega Image ref 15086557,2025-10-03T19:18:57+00:00,7bf7bf91-9958-41e0-bb31-0f54e9f410c9,
bfa4f6c8-a31f-40a2-a545-fa87eaa3f025,37.1,RON,Lidl ref 27685156,2025-10-03T20:00:57+00:00,5588e5c9-786a-4f09-8721-a8cedc57f9c8,
1a58df44-8d70-43f2-9eb6-4b265d3be080,64.78,RON,Kaufland ref 53482264,2025-10-03T20:37:57+00:00,12cbffe1-d83b-42c0-8120-8703b8fbd5c6,
2c47a51f-68c4-451a-8166-356cb04fbce9,26.6,RON,Mega Image ref 36666834,2025-10-03T21:41:57+00:00,aa7898aa-95b2-468b-ac92-275a68599dc4,
590cee67-4d1b-4d80-8857-5c8ad3946dc7,157.61,RON,Kaufland ref 94180238,2025-10-03T22:18:57+00:00,0e5779ec-be1a-470f-ad83-a4c869f8d3e4,
be4106d0-ac71-43d1-8a38-da425cafca04,75.44,RON,Kaufland ref 70340934,2025-10-04T00:09:57+00:00,56cc310a-2a4b-4ab3-87df-66009aa0bf74,
5b01cc71-079c-41eb-a784-4e6e665ee416,367.47,RON,OMV benzina ref 65834646,2025-10-04T01:22:57+00:00,12cbffe1-d83b-42c0-8120-8703b8fbd5c6,
e9570a2a-f7f4-4477-9802-13baaf6c2278,29.4,RON,Glovo ref 30027622,2025-10-04T14:51:57+00:00,0e5779ec-be1a-470f-ad83-a4c869f8d3e4,
20500494-3d11-4802-a702-878b9f0fda8d,61.58,RON,Kaufland ref 12735359,2025-10-04T14:54:57+00:00,bdd640fb-0667-4ad1-9c80-317fa3b1799d,
74b6b87b-4003-4eac-b16d-7b796e6944d3,35.83,RON,Glovo ref 78464673,2025-10-04T14:57:57+00:00,5588e5c9-786a-4f09-8721-a8cedc57f9c8,
3160c612-5ae9-48bb-af34-623bf64e12e2,68.96,RON,Lidl ref 44273845,2025-10-04T15:02:57+00:00,5588e5c9-786a-4f09-8721-a8cedc57f9c8,
e48dc8b9-51a5-4b65-8fbd-4f39b781cf4c,37.42,RON,Mega Image ref 11691339,2025-10-04T15:16:57+00:00,02c27ee1-ff57-48d4-82c7-6cf491fd62b9,
f73c6a1f-a06a-4de4-9755-828f5147c3ba,84.39,RON,Lidl ref 34918714,2025-10-04T15:50:57+00:00,aa7898aa-95b2-468b-ac92-275a68599dc4,
0dbf81bd-3ad2-4e78-aae1-c6939816a9dd,18.22,RON,Mega Image ref 79274896,2025-10-04T16:22:57+00:00,97c83e0a-8a40-4c3e-b8e3-ae37cffa9985,
1c415135-7ffa-46b6-ba68-741317bfc78e,44.12,RON,Mega Image ref 82941326,2025-10-04T16:37:57+00:00,d3228db7-ef32-4e3e-8fa9-f9f8a84cc34d,
980e5bf7-011a-41b2-9a8b-c4b4809205b7,76.86,RON,Farmacia Tei ref 96082970,2025-10-04T16:40:57+00:00,818e12e2-7146-4ffe-a877-ba23cf63df5b,
a91929b2-62f6-4e6e-bfb7-ee77222e5640,51.24,RON,Glovo ref 12379696,2025-10-04T17:15:57+00:00,33a2f3d5-7d4c-460f-ba3e-5b7745b7b856,
e09012d7-14ce-4f0f-b5d9-704d5fe12b57,13.74,RON,Mega Image ref 95623611,2025-10-04T17:29:57+00:00,aa7898aa-95b2-468b-ac92-275a68599dc4,
f6b751f7-9b74-4245-9b1b-c8952af43ab7,45.78,RON,Mega Image ref 59512272,2025-10-04T18:08:57+00:00,bdd640fb-0667-4ad1-9c80-317fa3b1799d,
615676b3-af6e-45c8-b4e6-3ead420090a1,19.78,RON,Glovo ref 78111555,2025-10-04T18:16:57+00:00,56cc310a-2a4b-4ab3-87df-66009aa0bf74,
d1021964-78cc-4ce7-84fc-c3908a7ca0ef,53.47,RON,Glovo ref 86214162,2025-10-04T18:16:57+00:00,97c83e0a-8a40-4c3e-b8e3-ae37cffa9985,
36bd2174-db4f-4573-b86c-b67ebbbfc2de,22.78,RON,Mega Image ref 46692509,2025-10-04T20:40:57+00:00,12cbffe1-d83b-42c0-8120-8703b8fbd5c6,
1691c83a-7687-453e-ae26-5c9590f1c7ee,139.28,RON,Kaufland ref 21555506,2025-10-04T22:15:57+00:00,aa7898aa-95b2-468b-ac92-275a68599dc4,
8ead4b89-685b-489e-bd7c-5be5b4b5b777,103.61,RON,Kaufland ref 18894259,2025-10-05T01:22:57+00:00,6e36dc96-4f61-48f4-b69f-4ca617af9323,
daf72151-8f46-4d7f-bb3c-e126dc2cf537,54.77,RON,Glovo ref 16889727,2025-10-05T03:06:57+00:00,818e12e2-7146-4ffe-a877-ba23cf63df5b,
16829d05-048b-40a2-8390-6265e4de4cb0,180.59,RON,Kaufland ref 28012202,2025-10-05T03:38:57+00:00,33a2f3d5-7d4c-460f-ba3e-5b7745b7b856,
4fdc6e1b-edcb-4cb6-8692-dc639424aed5,75.1,RON,Glovo ref 24508768,2025-10-05T03:49:57+00:00,bdd640fb-0667-4ad1-9c80-317fa3b1799d,
f0fa56e3-007c-482b-9638-8dec41d35270,36.3,RON,Glovo ref 86370881,2025-10-05T04:02:57+00:00,2eb300a6-bd34-43d9-94c9-8697b97c5ba7,
13748146-32c5-4d89-b70b-3420f1043785,6750.29,RON,Salariu,2025-10-05T06:39:57+00:00,,bdd640fb-0667-4ad1-9c80-317fa3b1799d
a092f52a-d4a0-47a7-b0cc-1b3b9793b9b4,24.99,RON,Spotify,2025-10-05T06:39:57+00:00,bdd640fb-0667-4ad1-9c80-317fa3b1799d,
5d3bc1d3-a515-4982-8dd4-c0e60b099fcc,12351.06,RON,Salariu,2025-10-05T06:39:57+00:00,,0e5779ec-be1a-470f-ad83-a4c869f8d3e4
405a8e7e-6f46-441f-b5a7-ac9b48f9fd0d,24.99,RON,Spotify,2025-10-05T06:39:57+00:00,0e5779ec-be1a-470f-ad83-a4c869f8d3e4,
bcf4ced1-c17e-4dc0-bf56-28b930eb0400,5381.4,RON,Salariu,2025-10-05T06:39:57+00:00,,aa7898aa-95b2-468b-ac92-275a68599dc4
611a7d79-0da7-41fd-8f7c-149121fae8a0,24.99,RON,Spotify,2025-10-05T06:39:57+00:00,aa7898aa-95b2-468b-ac92-275a68599dc4,
1a204dcc-4ae8-4236-bff9-e3b28e798982,5648.15,RON,Salariu,2025-10-05T06:39:57+00:00,,7bf7bf91-9958-41e0-bb31-0f54e9f410c9
f498816e-61cb-43f3-a877-a70d692fe76c,24.99,RON,Spotify,2025-10-05T06:39:57+00:00,7bf7bf91-9958-41e0-bb31-0f54e9f410c9,
8bc22e17-b63b-4c5f-89d8-a701ec518d97,5655.08,RON,Salariu,2025-10-05T06:39:57+00:00,,02c27ee1-ff57-48d4-82c7-6cf491fd62b9
cde4c36f-14d8-4ae0-ad9f-3daf264ced70,24.99,RON,Spotify,2025-10-05T06:39:57+00:00,02c27ee1-ff57-48d4-82c7-6cf491fd62b9,
b93b8ca7-6103-4446-af12-5159d7c514e9,6060.09,RON,Salariu,2025-10-05T06:39:57+00:00,,56cc310a-2a4b-4ab3-87df-66009aa0bf74
2e974f7a-98f3-44cb-ba9a-19989712f0a3,24.99,RON,Spotify,2025-10-05T06:39:57+00:00,56cc310a-2a4b-4ab3-87df-66009aa0bf74,
a1aeb6d0-1533-43e2-9367-70dd3fe32f1f,8327.13,RON,Salariu,2025-10-05T06:39:57+00:00,,5588e5c9-786a-4f09-8721-a8cedc57f9c8
f894331b-9257-4965-97ba-6b22930e6d05,24.99,RON,Spotify,2025-10-05T06:39:57+00:00,5588e5c9-786a-4f09-8721-a8cedc57f9c8,
36ab058a-aabc-4909-9d60-89eac6e5de42,10719.62,RON,Salariu,2025-10-05T06:39:57+00:00,,33a2f3d5-7d4c-460f-ba3e-5b7745b7b856
e155d338-fe75-4605-9871-891f470f0572,24.99,RON,Spotify,2025-10-05T06:39:57+00:00,33a2f3d5-7d4c-460f-ba3e-5b7745b7b856,
f542469c-3824-4275-a4f8-73ca40420c58,9195.15,RON,Salariu,2025-10-05T06:39:57+00:00,,6e36dc96-4f61-48f4-b69f-4ca617af9323
ee7616d1-6798-4256-aa4b-1a88e3411579,24.99,RON,Spotify,2025-10-05T06:39:57+00:00,6e36dc96-4f61-48f4-b69f-4ca617af9323,
4e1f10b7-4233-4f91-8d12-0d03489391d9,4272.19,RON,Salariu,2025-10-05T06:39:57+00:00,,2eb300a6-bd34-43d9-94c9-8697b97c5ba7
5cf46fb8-cd0b-430f-b19a-9cbc6baf5c17,24.99,RON,Spotify,2025-10-05T06:39:57+00:00,2eb300a6-bd34-43d9-94c9-8697b97c5ba7,
948cbadd-0937-43d8-bf88-9a792bc9ba8f,11834.0,RON,Salariu,2025-10-05T06:39:57+00:00,,818e12e2-7146-4ffe-a877-ba23cf63df5b
2d4bad25-5b3e-4fe5-a11e-ba57d3c25e47,24.99,RON,Spotify,2025-10-05T06:39:57+00:00,818e12e2-7146-4ffe-a877-ba23cf63df5b,
f91f546c-f142-41ca-aa1c-4acc35db7bf0,7310.52,RON,Salariu,2025-10-05T06:39:57+00:00,,97c83e0a-8a40-4c3e-b8e3-ae37cffa9985
240533d4-4d7a-49be-8a74-9973bf89762c,24.99,RON,Spotify,2025-10-05T06:39:57+00:00,97c83e0a-8a40-4c3e-b8e3-ae37cffa9985,
a56d1c5f-2f6e-4aa8-8f5a-671b458d5042,4764.6,RON,Salariu,2025-10-05T06:39:57+00:00,,d3228db7-ef32-4e3e-8fa9-f9f8a84cc34d
9522fc4a-302b-4fe6-8f9d-2bd9f20f428d,24.99,RON,Spotify,2025-10-05T06:39:57+00:00,d3228db7-ef32-4e3e-8fa9-f9f8a84cc34d,
3be58b64-e538-4dab-9a44-efd29be13647,13610.85,RON,Salariu,2025-10-05T06:39:57+00:00,,12cbffe1-d83b-42c0-8120-8703b8fbd5c6
c74e05e0-2350-4845-8794-ea2c7e799bfb,24.99,RON,Spotify,2025-10-05T06:39:57+00:00,12cbffe1-d83b-42c0-8120-8703b8fbd5c6,
01fda627-a6ed-433f-8c7c-649a55eb9040,11396.61,RON,Salariu,2025-10-05T06:39:57+00:00,,82112000-16b4-4f2b-9dee-8ec850f886ea
04e51b61-5bb0-417c-bd86-fbd937a353ff,24.99,RON,Spotify,2025-10-05T06:39:57+00:00,82112000-16b4-4f2b-9dee-8ec850f886ea,
b341b98d-bc67-4ccb-bd03-6a63f324d128,64.69,RON,Mega Image ref 35001978,2025-10-05T15:40:57+00:00,33a2f3d5-7d4c-460f-ba3e-5b7745b7b856,
c280801f-a904-48b5-b028-c6f701b2d1ec,113.87,RON,Carrefour ref 99902859,2025-10-05T16:30:57+00:00,12cbffe1-d83b-42c0-8120-8703b8fbd5c6,
64d6df9e-cc16-4118-aa95-59cf88bd7fb0,57.97,RON,Glovo ref 78559393,2025-10-05T17:24:57+00:00,2eb300a6-bd34-43d9-94c9-8697b97c5ba7,
c47cd413-9ff2-4cff-88a5-26c679f29626,39.77,RON,Glovo ref 83532711,2025-10-05T17:38:57+00:00,56cc310a-2a4b-4ab3-87df-66009aa0bf74,
4423fcd5-922e-4abc-bada-31a67c2a5ca2,70.26,RON,Kaufland ref 16590650,2025-10-05T18:10:57+00:00,7bf7bf91-9958-41e0-bb31-0f54e9f410c9,
2d5737a0-3300-42f1-a231-8ce645d62ecd,24.2,RON,Mega Image ref 35265855,2025-10-05T20:05:57+00:00,aa7898aa-95b2-468b-ac92-275a68599dc4,
a18af249-d45a-4de3-b31d-c76f85e620fe,73.78,RON,Carrefour ref 96144415,2025-10-05T20:16:57+00:00,aa7898aa-95b2-468b-ac92-275a68599dc4,
a8701dd1-ae7f-47a0-95bd-9eac2ae41c9b,51.68,RON,Mega Image ref 51644856,2025-10-05T21:41:57+00:00,d3228db7-ef32-4e3e-8fa9-f9f8a84cc34d,
150bff58-fb30-4623-bcfc-a8cd40002588,107.55,RON,Dedeman ref 13340342,2025-10-05T23:18:57+00:00,2eb300a6-bd34-43d9-94c9-8697b97c5ba7,
757a5d0a-bd03-4398-ac8e-c9aed03a83c0,25.16,RON,Glovo ref 74979962,2025-10-05T23:39:57+00:00,97c83e0a-8a40-4c3e-b8e3-ae37cffa9985,
94bf5c97-c74e-4c21-9d85-9e977d69d95b,24.03,RON,Mega Image ref 31047600,2025-10-05T23:44:57+00:00,818e12e2-7146-4ffe-a877-ba23cf63df5b,
2b3c2cca-73f1-4e9e-86fe-3e04a99a1a3c,95.52,RON,Glovo ref 77039987,2025-10-06T01:18:57+00:00,12cbffe1-d83b-42c0-8120-8703b8fbd5c6,
7c2cfbcf-0770-418f-8916-01472875ad5d,279.43,RON,OMV benzina ref 33607235,2025-10-06T01:42:57+00:00,0e5779ec-be1a-470f-ad83-a4c869f8d3e4,
8b42cee7-d21d-4567-aa53-a09d5f2acb16,36.2,RON,Glovo ref 78953219,2025-10-06T02:25:57+00:00,02c27ee1-ff57-48d4-82c7-6cf491fd62b9,
adc1a68c-5872-4528-a29d-56f5320e431b,75.23,RON,Lidl ref 29353616,2025-10-06T02:30:57+00:00,818e12e2-7146-4ffe-a877-ba23cf63df5b,
896a075f-0ae8-4fed-8e3a-41136203af07,22.18,RON,Mega Image ref 21836434,2025-10-06T15:07:57+00:00,d3228db7-ef32-4e3e-8fa9-f9f8a84cc34d,
33304e33-deb0-4e7d-a99f-db02bcdd0b48,36.21,RON,Glovo ref 41825487,2025-10-06T15:59:57+00:00,0e5779ec-be1a-470f-ad83-a4c869f8d3e4,
a9105748-f0e8-40f7-93dd-c8c8f0463fb2,61.32,RON,Carrefour ref 57157466,2025-10-06T16:39:57+00:00,12cbffe1-d83b-42c0-8120-8703b8fbd5c6,
a617a820-db0d-4112-8123-02788d0b0c01,32.56,RON,Glovo ref 16598884,2025-10-06T17:32:57+00:00,818e12e2-7146-4ffe-a877-ba23cf63df5b,
f2cc49e4-9e11-4949-9bff-4a6ab3f194f2,14.29,RON,Mega Image ref 68635179,2025-10-06T18:17:57+00:00,2eb300a6-bd34-43d9-94c9-8697b97c5ba7,
7b41cd99-d345-40bb-8511-b92907fcf70e,134.47,RON,Kaufland ref 15635589,2025-10-06T19:44:57+00:00,12cbffe1-d83b-42c0-8120-8703b8fbd5c6,
86829f2e-e677-464b-8333-cc74d4081ae9,64.7,RON,Lidl ref 86588301,2025-10-06T20:32:57+00:00,818e12e2-7146-4ffe-a877-ba23cf63df5b,
61d3b32d-e6bb-4d53-b888-0fc3172dd3ce,46.22,RON,Glovo ref 55358363,2025-10-06T20:59:57+00:00,02c27ee1-ff57-48d4-82c7-6cf491fd62b9,
98d9d65a-8dcc-4d11-a148-c1f41f8a3673,31.93,RON,Farmacia Tei ref 57994970,2025-10-06T22:27:57+00:00,56cc310a-2a4b-4ab3-87df-66009aa0bf74,
0c99e14a-58df-4bc5-8976-f1711b15c8a3,226.34,RON,Dedeman ref 75863181,2025-10-06T22:28:57+00:00,818e12e2-7146-4ffe-a877-ba23cf63df5b,
e7f57b18-7c1c-4764-9496-2658e05ae21f,65.84,RON,Farmacia Tei ref 70391566,2025-10-06T23:52:57+00:00,12cbffe1-d83b-42c0-8120-8703b8fbd5c6,
7f3b8cbb-390a-4e15-a051-d2a324f1d56e,35.68,RON,Mega Image ref 64528354,2025-10-07T00:52:57+00:00,56cc310a-2a4b-4ab3-87df-66009aa0bf74,
6efb63b1-1b04-4863-bd7d-dbedd284476c,13.44,RON,Mega Image ref 66379329,2025-10-07T01:00:57+00:00,bdd640fb-0667-4ad1-9c80-317fa3b1799d,
cc476eaa-ecab-45b9-8fb9-f8b39901e22d,61.03,RON,Kaufland ref 74316214,2025-10-07T01:37:57+00:00,818e12e2-7146-4ffe-a877-ba23cf63df5b,
15dcb535-c90b-47d5-ab8a-5c0611dbbb3f,57.24,RON,Glovo ref 69597939,2025-10-07T02:30:57+00:00,56cc310a-2a4b-4ab3-87df-66009aa0bf74,
5c9adfda-d5a5-4662-9355-3244745ce974,40.1,RON,Lidl ref 14958343,2025-10-07T03:04:57+00:00,82112000-16b4-4f2b-9dee-8ec850f886ea,
99afa0f9-a26b-4199-9e61-56a13ec7ffff,144.52,RON,OMV benzina ref 28926998,2025-10-07T03:14:57+00:00,d3228db7-ef32-4e3e-8fa9-f9f8a84cc34d,
2b38f7f4-3630-4905-ada9-4f40402a5b40,47.82,RON,Mega Image ref 99584820,2025-10-07T03:18:57+00:00,818e12e2-7146-4ffe-a877-ba23cf63df5b,
b3c28ec5-fe66-44fa-b5ed-ff389197107c,85.63,RON,Kaufland ref 82202263,2025-10-07T04:16:57+00:00,aa7898aa-95b2-468b-ac92-275a68599dc4,
a90ae1cd-f4ac-41f0-bcf0-86c5d91e7e1a,60.18,RON,Carrefour ref 67819252,2025-10-07T04:37:57+00:00,7bf7bf91-9958-41e0-bb31-0f54e9f410c9,
4b972bc7-0fbf-42fe-9f5b-06eda97025f7,196.97,RON,Kaufland ref 20666693,2025-10-07T15:24:57+00:00,33a2f3d5-7d4c-460f-ba3e-5b7745b7b856,
9ef181cc-c92d-4726-b9c6-078db62973fc,52.16,RON,Mega Image ref 72917984,2025-10-07T16:20:57+00:00,33a2f3d5-7d4c-460f-ba3e-5b7745b7b856,
86ed18f2-da10-4739-b41c-aa81b771abff,47.95,RON,Mega Image ref 10201327,2025-10-07T16:59:57+00:00,2eb300a6-bd34-43d9-94c9-8697b97c5ba7,
37367c37-24a2-4a3a-89ac-d6350d486241,30.86,RON,Glovo ref 42461414,2025-10-07T17:49:57+00:00,56cc310a-2a4b-4ab3-87df-66009aa0bf74,
64ef936d-2c65-4e65-8ecc-93dad89f8a4f,60.83,RON,Lidl ref 72850820,2025-10-07T18:11:57+00:00,33a2f3d5-7d4c-460f-ba3e-5b7745b7b856,
80cd9f52-054a-4d99-9999-e026437e6068,116.83,RON,Glovo ref 50262775,2025-10-07T18:17:57+00:00,02c27ee1-ff57-48d4-82c7-6cf491fd62b9,
79a759de-2fb9-450b-a190-aa44a8887521,74.92,RON,Glovo ref 79394567,2025-10-07T18:41:57+00:00,aa7898aa-95b2-468b-ac92-275a68599dc4,
a567e50f-23ea-49f4-afd1-4136c7ddc86a,94.84,RON,Farmacia Tei ref 21309633,2025-10-07T19:46:57+00:00,818e12e2-7146-4ffe-a877-ba23cf63df5b,
d2640c78-5e82-4a61-95e5-7b3dcbd3b5f0,38.64,RON,Mega Image ref 85435990,2025-10-07T20:39:57+00:00,818e12e2-7146-4ffe-a877-ba23cf63df5b,
0e0f6619-6926-41f5-96ca-331c1b0e93e1,93.48,RON,Lidl ref 33022123,2025-10-07T22:31:57+00:00,7bf7bf91-9958-41e0-bb31-0f54e9f410c9,
b70cf147-dc93-45d0-9f5e-bfa639cd0278,60.04,RON,Mega Image ref 19140575,2025-10-07T22:59:57+00:00,97c83e0a-8a40-4c3e-b8e3-ae37cffa9985,
0e953e25-fed2-4c02-a854-84820306a789,152.05,RON,Lidl ref 87701308,2025-10-07T23:07:57+00:00,12cbffe1-d83b-42c0-8120-8703b8fbd5c6,
31b42308-b846-4413-b52e-761322eb69b1,22.55,RON,Mega Image ref 60128319,2025-10-08T00:08:57+00:00,0e5779ec-be1a-470f-ad83-a4c869f8d3e4,
7afcceb2-8d0d-40c7-99e3-e57993d94562,97.09,RON,Kaufland ref 39799483,2025-10-08T00:15:57+00:00,d3228db7-ef32-4e3e-8fa9-f9f8a84cc34d,
75656daf-772d-416d-9a05-d2fc1c71a821,42.89,RON,Carrefour ref 28320921,2025-10-08T02:15:57+00:00,0e5779ec-be1a-470f-ad83-a4c869f8d3e4,
29c96736-26cf-465a-95fa-4e8b405913ab,67.59,RON,Lidl ref 58593435,2025-10-08T03:07:57+00:00,2eb300a6-bd34-43d9-94c9-8697b97c5ba7,
bb082d5e-aab5-4bee-9832-f191b7184680,48.01,RON,Glovo ref 69709477,2025-10-08T16:17:57+00:00,82112000-16b4-4f2b-9dee-8ec850f886ea,
17b854c9-9d79-4635-b304-c4db9977dcb1,206.61,RON,Carrefour ref 25768498,2025-10-08T16:41:57+00:00,02c27ee1-ff57-48d4-82c7-6cf491fd62b9,
8e70d8bd-b7b9-41a7-9f7d-402a2cda5c45,40.7,RON,Glovo ref 15563206,2025-10-08T17:52:57+00:00,97c83e0a-8a40-4c3e-b8e3-ae37cffa9985,
be75cae2-fb50-4c22-ab8b-33000a61f617,20.86,RON,Mega Image ref 63983945,2025-10-08T18:14:57+00:00,5588e5c9-786a-4f09-8721-a8cedc57f9c8,
69f79a31-3ea4-40b6-ac82-be2c11c2e148,57.07,RON,Mega Image ref 76807402,2025-10-08T18:17:57+00:00,82112000-16b4-4f2b-9dee-8ec850f886ea,
a6044d34-3c53-4c8f-a06b-100be68973d2,158.67,RON,Kaufland ref 75096846,2025-10-08T19:25:57+00:00,82112000-16b4-4f2b-9dee-8ec850f886ea,
20ce5ad0-4380-41a5-a249-655d21322b90,144.57,RON,Kaufland ref 92673460,2025-10-08T19:52:57+00:00,33a2f3d5-7d4c-460f-ba3e-5b7745b7b856,
81241407-9870-4afa-8351-08d89251eafe,59.28,RON,Glovo ref 92572018,2025-10-08T20:22:57+00:00,7bf7bf91-9958-41e0-bb31-0f54e9f410c9,
561e16d1-6105-416b-ab0e-664e9c3eb2d5,237.68,RON,OMV benzina ref 86483924,2025-10-08T21:54:57+00:00,bdd640fb-0667-4ad1-9c80-317fa3b1799d,
93edd23f-4a2d-498c-b08b-0bd4f779f122,77.65,RON,Lidl ref 71299469,2025-10-09T00:16:57+00:00,818e12e2-7146-4ffe-a877-ba23cf63df5b,
55afb783-79ba-49db-abe1-610b28a3df6e,43.78,RON,Mega Image ref 11060092,2025-10-09T01:45:57+00:00,aa7898aa-95b2-468b-ac92-275a68599dc4,
57207246-4223-423b-8c3e-bdde5ad5cf06,31.53,RON,Glovo ref 38470244,2025-10-09T03:59:57+00:00,bdd640fb-0667-4ad1-9c80-317fa3b1799d,
cb22dd32-8a36-4253-b6f9-31569a199bd0,23.69,RON,Farmacia Tei ref 66711726,2025-10-09T15:06:57+00:00,d3228db7-ef32-4e3e-8fa9-f9f8a84cc34d,
80ef2ccf-8999-4812-9616-76fcbb1ffaf4,148.37,RON,Kaufland ref 13008243,2025-10-09T15:44:57+00:00,7bf7bf91-9958-41e0-bb31-0f54e9f410c9,
19aaa356-60ea-4d9e-a3c9-c6fecf8dc32d,90.85,RON,Glovo ref 29496391,2025-10-09T15:51:57+00:00,02c27ee1-ff57-48d4-82c7-6cf491fd62b9,
c74c3c93-a781-4cde-96ae-03b4e6723a7f,55.64,RON,Lidl ref 71623125,2025-10-09T16:12:57+00:00,5588e5c9-786a-4f09-8721-a8cedc57f9c8,
17de36d7-2fcb-4817-9822-6701e09460cb,118.58,RON,Lidl ref 80536818,2025-10-09T16:21:57+00:00,33a2f3d5-7d4c-460f-ba3e-5b7745b7b856,
e40de640-03c1-4007-9463-1f4abbe7d16e,208.97,RON,Carrefour ref 66713684,2025-10-09T16:47:57+00:00,12cbffe1-d83b-42c0-8120-8703b8fbd5c6,
79279973-5e78-4fd7-94e0-d3baa9f948b2,105.33,RON,Carrefour ref 51098277,2025-10-09T18:04:57+00:00,bdd640fb-0667-4ad1-9c80-317fa3b1799d,
79e13cea-b0cb-461f-bd85-de89c2171429,31.98,RON,Mega Image ref 84514489,2025-10-09T18:25:57+00:00,bdd640fb-0667-4ad1-9c80-317fa3b1799d,
3089e9a9-60e2-4f18-b602-7ca63a2ea5c7,37.05,RON,Mega Image ref 14676869,2025-10-09T19:12:57+00:00,33a2f3d5-7d4c-460f-ba3e-5b7745b7b856,
37d192e1-043f-444a-b13f-ebf93f03a933,89.69,RON,Glovo ref 37222779,2025-10-09T20:11:57+00:00,12cbffe1-d83b-42c0-8120-8703b8fbd5c6,
005b620c-ff23-4e65-9893-c05c7197f8d3,42.43,RON,Lidl ref 23881945,2025-10-09T23:17:57+00:00,97c83e0a-8a40-4c3e-b8e3-ae37cffa9985,
d2ed817d-ac99-4e81-8994-3c816ef04ffd,112.36,RON,Carrefour ref 89909432,2025-10-10T00:32:57+00:00,97c83e0a-8a40-4c3e-b8e3-ae37cffa9985,
eac2bf6c-9883-4611-bc17-fa07294412af,75.04,RON,Lidl ref 41703306,2025-10-10T00:42:57+00:00,2eb300a6-bd34-43d9-94c9-8697b97c5ba7,
6de10032-9ed4-4f56-9dcd-c9f059f1e37c,238.17,RON,Dedeman ref 34184736,2025-10-10T03:47:57+00:00,5588e5c9-786a-4f09-8721-a8cedc57f9c8,
fc70adf9-1edb-4c2c-a7c8-aba00feedbb2,42.05,RON,Mega Image ref 95957290,2025-10-10T04:33:57+00:00,6e36dc96-4f61-48f4-b69f-4ca617af9323,
64f22a7c-87f7-47fa-acfa-855f089b5b49,99.34,RON,Farmacia Tei ref 77674770,2025-10-10T14:41:57+00:00,0e5779ec-be1a-470f-ad83-a4c869f8d3e4,
75c52940-a3e1-4b99-b7b8-beb7306ebc01,42.58,RON,Lidl ref 81060691,2025-10-10T15:12:57+00:00,2eb300a6-bd34-43d9-94c9-8697b97c5ba7,
85695015-477f-4c7f-8192-60476d1323db,52.72,RON,Lidl ref 87283661,2025-10-10T15:48:57+00:00,818e12e2-7146-4ffe-a877-ba23cf63df5b,
d25669ed-80f9-4ca0-bae8-9e86e750184f,86.61,RON,Kaufland ref 52483939,2025-10-10T16:30:57+00:00,5588e5c9-786a-4f09-8721-a8cedc57f9c8,
bb2cb72d-8333-40fe-8275-9ce1f0149c6e,130.75,RON,Carrefour ref 83675199,2025-10-10T17:06:57+00:00,6e36dc96-4f61-48f4-b69f-4ca617af9323,
6d27c872-a90d-4b97-abcc-db5e8a7d9452,77.15,RON,Glovo ref 69268805,2025-10-10T17:15:57+00:00,818e12e2-7146-4ffe-a877-ba23cf63df5b,
c6299ca6-6d07-4774-abc5-bcd41b9c67e0,91.86,RON,Farmacia Tei ref 78043121,2025-10-10T18:27:57+00:00,aa7898aa-95b2-468b-ac92-275a68599dc4,
56fae4bc-e5b7-4f5d-833c-ae64b09c4a0b,129.21,RON,Carrefour ref 86099387,2025-10-10T19:21:57+00:00,818e12e2-7146-4ffe-a877-ba23cf63df5b,
3f87cb22-664f-4d9f-909b-9d8364af7bf1,36.65,RON,Mega Image ref 28371125,2025-10-10T19:41:57+00:00,d3228db7-ef32-4e3e-8fa9-f9f8a84cc34d,
2a2621c1-ad50-463f-83b9-2ddf7cc8d65e,136.63,RON,Lidl ref 61251714,2025-10-10T20:33:57+00:00,82112000-16b4-4f2b-9dee-8ec850f886ea,
a65d737f-4458-4db3-b35a-fa81f660fae7,150.63,RON,Kaufland ref 86520022,2025-10-10T21:20:57+00:00,82112000-16b4-4f2b-9dee-8ec850f886ea,
38efa3bc-9457-4388-af2a-ec8a53c9aacb,148.07,RON,Kaufland ref 43263373,2025-10-10T21:26:57+00:00,0e5779ec-be1a-470f-ad83-a4c869f8d3e4,
b884487d-702b-468b-bbf1-1578f668a568,45.88,RON,Lidl ref 10452009,2025-10-10T21:27:57+00:00,6e36dc96-4f61-48f4-b69f-4ca617af9323,
39d3f232-5044-4f15-84a1-82cf2590c1ab,391.99,RON,Dedeman ref 31331521,2025-10-10T22:30:57+00:00,02c27ee1-ff57-48d4-82c7-6cf491fd62b9,
715dce5e-a67e-4172-a3df-cd73efb8dea2,36.5,RON,Mega Image ref 14668852,2025-10-10T22:30:57+00:00,82112000-16b4-4f2b-9dee-8ec850f886ea,
dc8a56ad-61ee-470f-8914-8dc108731942,147.28,RON,OMV benzina ref 16517633,2025-10-10T23:00:57+00:00,56cc310a-2a4b-4ab3-87df-66009aa0bf74,
7ef381a3-dd38-47eb-bfd9-e280403a730c,132.89,RON,Kaufland ref 55460754,2025-10-11T02:07:57+00:00,97c83e0a-8a40-4c3e-b8e3-ae37cffa9985,
e6748671-54cb-43d0-b64d-95ed490d7c1c,65.65,RON,Mega Image ref 99543733,2025-10-11T02:40:57+00:00,33a2f3d5-7d4c-460f-ba3e-5b7745b7b856,
af4a1353-ee27-456a-8127-7f82d97f4923,78.73,RON,Kaufland ref 76876012,2025-10-11T03:23:57+00:00,d3228db7-ef32-4e3e-8fa9-f9f8a84cc34d,
4165e9f7-7da8-41f0-b6c0-3db94dd444f7,75.82,RON,Farmacia Tei ref 14153978,2025-10-11T04:29:57+00:00,6e36dc96-4f61-48f4-b69f-4ca617af9323,
aa4d15b3-9791-43a9-8afb-4e6a064aaec9,75.54,RON,Carrefour ref 58609538,2025-10-11T14:43:57+00:00,d3228db7-ef32-4e3e-8fa9-f9f8a84cc34d,
e3b2a723-e5a9-449d-a734-5c84c04cb7bf,56.99,RON,Kaufland ref 89904984,2025-10-11T15:06:57+00:00,5588e5c9-786a-4f09-8721-a8cedc57f9c8,
796c39ad-6b35-49b9-8bfc-8c458a43aa23,115.35,RON,Carrefour ref 44829591,2025-10-11T16:42:57+00:00,7bf7bf91-9958-41e0-bb31-0f54e9f410c9,
862a76f2-f15e-409c-b297-fa7ff719ae43,50.33,RON,Lidl ref 90108005,2025-10-11T17:38:57+00:00,aa7898aa-95b2-468b-ac92-275a68599dc4,
88bd13d1-b540-430e-839f-3a254d6168bd,57.62,RON,Carrefour ref 34084236,2025-10-11T17:57:57+00:00,bdd640fb-0667-4ad1-9c80-317fa3b1799d,
ad9d43f4-59c3-4f1f-be0e-6e35baa80014,88.0,RON,Glovo ref 35660323,2025-10-11T17:57:57+00:00,12cbffe1-d83b-42c0-8120-8703b8fbd5c6,
b2becd65-b9f5-4903-baf1-834d4bd814a2,45.9,RON,Mega Image ref 47381773,2025-10-11T21:56:57+00:00,02c27ee1-ff57-48d4-82c7-6cf491fd62b9,
a9e3cf79-eba8-43bd-98de-490002f56cdd,18.82,RON,Mega Image ref 25028385,2025-10-11T22:12:57+00:00,97c83e0a-8a40-4c3e-b8e3-ae37cffa9985,
34e55d9c-ca6b-402b-9fe8-c45534fc8696,315.37,RON,OMV benzina ref 77436131,2025-10-11T22:33:57+00:00,6e36dc96-4f61-48f4-b69f-4ca617af9323,
e1762b11-57c0-4aa0-9817-99e2706bb7d5,164.48,RON,Kaufland ref 35788007,2025-10-11T22:38:57+00:00,82112000-16b4-4f2b-9dee-8ec850f886ea,
76679374-97f5-433b-9355-83b89d5e3549,115.27,RON,Lidl ref 23646357,2025-10-11T23:05:57+00:00,6e36dc96-4f61-48f4-b69f-4ca617af9323,
d2b71492-337f-422c-af94-aed8cdb72cd6,41.24,RON,Mega Image ref 55520240,2025-10-11T23:16:57+00:00,5588e5c9-786a-4f09-8721-a8cedc57f9c8,
325a08ff-e538-4f54-a3fc-8e0deb250927,108.84,RON,Glovo ref 28466565,2025-10-11T23:22:57+00:00,02c27ee1-ff57-48d4-82c7-6cf491fd62b9,
5bc07988-21f9-49e9-b7cf-45f6f32ede3c,14.26,RON,Mega Image ref 64575354,2025-10-11T23:27:57+00:00,0e5779ec-be1a-470f-ad83-a4c869f8d3e4,
77bd26ea-0b62-424b-8d36-84317f26919f,48.31,RON,Glovo ref 97915786,2025-10-11T23:58:57+00:00,818e12e2-7146-4ffe-a877-ba23cf63df5b,
2aae11d3-4184-4e37-8282-a0c6c886878d,56.98,RON,Glovo ref 79831087,2025-10-12T00:19:57+00:00,56cc310a-2a4b-4ab3-87df-66009aa0bf74,
0dc5d7d9-f5bc-40c0-89df-af7c55492107,20.0,RON,Mega Image ref 99040902,2025-10-12T00:27:57+00:00,aa7898aa-95b2-468b-ac92-275a68599dc4,
e6dafdd2-5be5-4d53-ae7e-0c264a7a7932,385.61,RON,Dedeman ref 88927122,2025-10-12T01:09:57+00:00,6e36dc96-4f61-48f4-b69f-4ca617af9323,
98c7472a-864e-4a13-829c-fc0cfa02eaec,36.8,RON,Glovo ref 89133014,2025-10-12T02:09:57+00:00,bdd640fb-0667-4ad1-9c80-317fa3b1799d,
8714b335-7b01-4887-a17f-a0d8d32de00c,60.52,RON,Mega Image ref 66264979,2025-10-12T02:32:57+00:00,12cbffe1-d83b-42c0-8120-8703b8fbd5c6,
8e68169c-b89e-404b-a3e4-b737e8ce0cbb,139.78,RON,Lidl ref 69711873,2025-10-12T03:40:57+00:00,12cbffe1-d83b-42c0-8120-8703b8fbd5c6,
8da8eee4-0df5-4ac6-b96b-648a0ba6eab9,55.99,RON,Netflix,2025-10-12T06:39:57+00:00,bdd640fb-0667-4ad1-9c80-317fa3b1799d,
920479ce-dba0-489e-b593-8f5ab40bc353,55.99,RON,Netflix,2025-10-12T06:39:57+00:00,0e5779ec-be1a-470f-ad83-a4c869f8d3e4,
a89a92c5-0037-42ae-b5e9-13d82a53dbd6,55.99,RON,Netflix,2025-10-12T06:39:57+00:00,aa7898aa-95b2-468b-ac92-275a68599dc4,
d7b42669-d42c-4f05-97fc-87fdaaa54056,55.99,RON,Netflix,2025-10-12T06:39:57+00:00,7bf7bf91-9958-41e0-bb31-0f54e9f410c9,
9e1a27b0-d2a7-434e-92cc-39c8bef32948,55.99,RON,Netflix,2025-10-12T06:39:57+00:00,02c27ee1-ff57-48d4-82c7-6cf491fd62b9,
52f094d3-01a7-4438-8d5a-708a87873c5e,55.99,RON,Netflix,2025-10-12T06:39:57+00:00,56cc310a-2a4b-4ab3-87df-66009aa0bf74,
9c0e086e-152a-4178-beee-a86d488e1dbf,55.99,RON,Netflix,2025-10-12T06:39:57+00:00,5588e5c9-786a-4f09-8721-a8cedc57f9c8,
86b6a677-2d7b-42b0-96f9-6766aeb6518a,55.99,RON,Netflix,2025-10-12T06:39:57+00:00,33a2f3d5-7d4c-460f-ba3e-5b7745b7b856,
f0c2c44c-e329-4dde-90e2-b3f80af55a81,55.99,RON,Netflix,2025-10-12T06:39:57+00:00,6e36dc96-4f61-48f4-b69f-4ca617af9323,
c3e57f5a-58bf-4058-85f8-39b68e88ae2a,55.99,RON,Netflix,2025-10-12T06:39:57+00:00,2eb300a6-bd34-43d9-94c9-8697b97c5ba7,
ebcb754f-be9c-4b02-b46b-679ea4eaf7e8,55.99,RON,Netflix,2025-10-12T06:39:57+00:00,818e12e2-7146-4ffe-a877-ba23cf63df5b,
41652200-7af7-4efc-8a2e-d981deccc4c8,55.99,RON,Netflix,2025-10-12T06:39:57+00:00,97c83e0a-8a40-4c3e-b8e3-ae37cffa9985,
49dc757e-1d78-47c7-8c56-a176732c4627,55.99,RON,Netflix,2025-10-12T06:39:57+00:00,d3228db7-ef32-4e3e-8fa9-f9f8a84cc34d,
adc9fc05-11dd-4b31-87f2-4aa90a15c1de,55.99,RON,Netflix,2025-10-12T06:39:57+00:00,12cbffe1-d83b-42c0-8120-8703b8fbd5c6,
eea53ef2-46c6-4378-a9b1-a53f38bc5cd8,55.99,RON,Netflix,2025-10-12T06:39:57+00:00,82112000-16b4-4f2b-9dee-8ec850f886ea,
f72ada9b-2f32-451e-9738-811d70c2903f,37.23,RON,Glovo ref 74251933,2025-10-12T15:15:57+00:00,bdd640fb-0667-4ad1-9c80-317fa3b1799d,
6fc1aaeb-340c-48c9-9b96-4db13c7686e5,76.32,RON,Kaufland ref 34775741,2025-10-12T16:58:57+00:00,aa7898aa-95b2-468b-ac92-275a68599dc4,
e5e4b935-53bd-49f9-85f4-656a665ec4dd,116.07,RON,Carrefour ref 27921592,2025-10-12T16:59:57+00:00,aa7898aa-95b2-468b-ac92-275a68599dc4,
99932899-2a54-4726-8a9d-569a4539fd82,53.73,RON,Mega Image ref 89246165,2025-10-12T17:11:57+00:00,7bf7bf91-9958-41e0-bb31-0f54e9f410c9,
583f097d-28c9-468c-ba33-38e001440fa3,80.83,RON,Lidl ref 60232033,2025-10-12T17:48:57+00:00,aa7898aa-95b2-468b-ac92-275a68599dc4,
829bfa81-56fa-4670-9b15-e527f7d046d0,38.18,RON,Mega Image ref 65542271,2025-10-12T17:51:57+00:00,5588e5c9-786a-4f09-8721-a8cedc57f9c8,
c3bd7384-176c-4975-a73a-0c97987e828b,101.62,RON,Kaufland ref 50205681,2025-10-12T18:03:57+00:00,7bf7bf91-9958-41e0-bb31-0f54e9f410c9,
7466ddc9-24db-40c4-8eb4-96cebf54ef05,118.87,RON,Carrefour ref 73494290,2025-10-12T18:04:57+00:00,5588e5c9-786a-4f09-8721-a8cedc57f9c8,
cbf1bbf1-c969-4209-b133-a792e5f9f112,87.53,RON,Mega Image ref 23088574,2025-10-12T18:25:57+00:00,12cbffe1-d83b-42c0-8120-8703b8fbd5c6,
59f4b244-6946-49fc-accb-d26f69ecaf22,157.46,RON,Kaufland ref 34107548,2025-10-12T18:54:57+00:00,5588e5c9-786a-4f09-8721-a8cedc57f9c8,
26072582-9fc3-49cf-996d-c673e719b2da,67.25,RON,Kaufland ref 39900061,2025-10-12T19:51:57+00:00,818e12e2-7146-4ffe-a877-ba23cf63df5b,
6ba39671-6f13-47c3-bc77-bbf9a54def5e,61.27,RON,Mega Image ref 82919647,2025-10-12T20:13:57+00:00,818e12e2-7146-4ffe-a877-ba23cf63df5b,
6c9d65d4-f381-4e6b-b88e-b897dc115b32,20.75,RON,Glovo ref 84776832,2025-10-12T20:30:57+00:00,56cc310a-2a4b-4ab3-87df-66009aa0bf74,
50178ffc-059f-4402-abec-e26f0627e64c,97.01,RON,Lidl ref 53778534,2025-10-12T20:52:57+00:00,12cbffe1-d83b-42c0-8120-8703b8fbd5c6,
a19f2ab0-c0d8-4d09-96a1-f8e2f5298b83,43.46,RON,Lidl ref 11477052,2025-10-12T21:50:57+00:00,818e12e2-7146-4ffe-a877-ba23cf63df5b,
80230815-e1fe-4923-82db-2f97f12f45cb,367.26,RON,OMV benzina ref 90250965,2025-10-12T21:59:57+00:00,82112000-16b4-4f2b-9dee-8ec850f886ea,
5ed3e00e-df1e-44cb-8a34-2e3c2f589a81,90.47,RON,Lidl ref 64406548,2025-10-12T22:08:57+00:00,0e5779ec-be1a-470f-ad83-a4c869f8d3e4,
e0dedab1-f58e-4804-b18d-69a93d5f103c,38.54,RON,Kaufland ref 58416794,2025-10-12T22:10:57+00:00,d3228db7-ef32-4e3e-8fa9-f9f8a84cc34d,
6054a51c-ab1e-4d74-b8e9-0ae9e9af6d28,32.35,RON,Mega Image ref 38520176,2025-10-12T23:22:57+00:00,aa7898aa-95b2-468b-ac92-275a68599dc4,
6369732e-12c2-4f83-acc4-2808ad89745e,29.88,RON,Glovo ref 56299483,2025-10-12T23:23:57+00:00,97c83e0a-8a40-4c3e-b8e3-ae37cffa9985,
57586a30-4734-4c2b-a761-ebfa455a7cdb,96.34,RON,Carrefour ref 94868390,2025-10-12T23:40:57+00:00,97c83e0a-8a40-4c3e-b8e3-ae37cffa9985,
da2813ab-14ca-4d82-a844-f7764f7c0c4e,50.39,RON,Lidl ref 52578225,2025-10-13T00:42:57+00:00,33a2f3d5-7d4c-460f-ba3e-5b7745b7b856,
6d07ee0b-4bed-423c-885f-f4d187ea651b,45.49,RON,Glovo ref 54681905,2025-10-13T00:43:57+00:00,0e5779ec-be1a-470f-ad83-a4c869f8d3e4,
6bc5c3ad-2658-4678-969f-8ded54ee04b5,198.24,RON,OMV benzina ref 53736624,2025-10-13T02:48:57+00:00,5588e5c9-786a-4f09-8721-a8cedc57f9c8,
de180245-6613-4323-bbbc-4b33bdd5168b,67.78,RON,Kaufland ref 36546948,2025-10-13T03:22:57+00:00,12cbffe1-d83b-42c0-8120-8703b8fbd5c6,
93b7a886-12f7-4c97-bde3-1a516694c343,25.92,RON,Farmacia Tei ref 18770247,2025-10-13T04:09:57+00:00,bdd640fb-0667-4ad1-9c80-317fa3b1799d,
e0ec2c75-6874-43a0-9dce-c4d7d3faf41e,67.9,RON,Farmacia Tei ref 60939407,2025-10-13T15:26:57+00:00,6e36dc96-4f61-48f4-b69f-4ca617af9323,
6d1fc3ca-0aaa-46ae-bcc8-18d98cc39180,179.74,RON,Kaufland ref 68602595,2025-10-13T15:35:57+00:00,5588e5c9-786a-4f09-8721-a8cedc57f9c8,
1daabe22-ff92-461a-a6cc-18f5dbb6cd47,54.89,RON,Lidl ref 29565732,2025-10-13T15:43:57+00:00,818e12e2-7146-4ffe-a877-ba23cf63df5b,
6a2a26fa-f6e6-4949-a6ba-881e8f68216d,67.76,RON,Glovo ref 53758806,2025-10-13T16:18:57+00:00,56cc310a-2a4b-4ab3-87df-66009aa0bf74,
065c4dcd-6946-4e8d-9248-7cb822775d58,59.29,RON,Carrefour ref 85535801,2025-10-13T16:41:57+00:00,82112000-16b4-4f2b-9dee-8ec850f886ea,
8ed43877-2bcd-4a75-ade2-a9768e4b1e92,72.31,RON,Kaufland ref 80852056,2025-10-13T17:02:57+00:00,82112000-16b4-4f2b-9dee-8ec850f886ea,
7d858820-f548-4ad8-8da7-aad8a7e9a377,108.48,RON,Kaufland ref 20782145,2025-10-13T18:11:57+00:00,d3228db7-ef32-4e3e-8fa9-f9f8a84cc34d,
4318512f-3c5d-4cac-bff6-6b2ee972846d,54.71,RON,Lidl ref 53730132,2025-10-13T20:41:57+00:00,82112000-16b4-4f2b-9dee-8ec850f886ea,
33de3631-994c-4fba-b02a-feaede979511,146.09,RON,Carrefour ref 70886528,2025-10-13T22:44:57+00:00,5588e5c9-786a-4f09-8721-a8cedc57f9c8,
d2bfbc31-805f-4a69-9700-78c15cbe693e,287.34,RON,Dedeman ref 59544134,2025-10-13T23:50:57+00:00,aa7898aa-95b2-468b-ac92-275a68599dc4,
6a8a616f-c3b2-40d0-8edd-dfcd1e52d770,48.38,RON,Kaufland ref 43311626,2025-10-13T23:58:57+00:00,bdd640fb-0667-4ad1-9c80-317fa3b1799d,
0f2f82fa-64f0-48cf-9743-fe86c8c26668,156.24,RON,Kaufland ref 10427367,2025-10-14T01:10:57+00:00,6e36dc96-4f61-48f4-b69f-4ca617af9323,
41bcf803-9ca0-4938-9687-7d3fce4e8f8e,51.23,RON,Mega Image ref 93305188,2025-10-14T02:12:57+00:00,818e12e2-7146-4ffe-a877-ba23cf63df5b,
133dbc1a-e341-45da-bfc5-70791f51e3c6,51.84,RON,Mega Image ref 32653778,2025-10-14T02:16:57+00:00,56cc310a-2a4b-4ab3-87df-66009aa0bf74,
679c2a7e-927e-4a88-8d00-cb2a1da4ec6e,86.08,RON,Glovo ref 48097542,2025-10-14T02:19:57+00:00,6e36dc96-4f61-48f4-b69f-4ca617af9323,
e6ee5146-895e-4095-aa1e-cd8c62fc7ca5,154.13,RON,OMV benzina ref 29245768,2025-10-14T03:10:57+00:00,d3228db7-ef32-4e3e-8fa9-f9f8a84cc34d,
bf0d0256-6a0d-445f-b7b3-475c371a937a,275.42,RON,OMV benzina ref 68320056,2025-10-14T03:15:57+00:00,33a2f3d5-7d4c-460f-ba3e-5b7745b7b856,
3acac271-2c44-422c-b02f-ae13bf921069,82.56,RON,Glovo ref 55005348,2025-10-14T15:46:57+00:00,33a2f3d5-7d4c-460f-ba3e-5b7745b7b856,
7d3e2f1a-b743-4e8c-9663-332f04294f9d,234.04,RON,Dedeman ref 11891007,2025-10-14T17:17:57+00:00,12cbffe1-d83b-42c0-8120-8703b8fbd5c6,
fb6509e0-e4a7-48e3-a7e9-840ebec5ec4f,50.53,RON,Kaufland ref 88951094,2025-10-14T18:51:57+00:00,2eb300a6-bd34-43d9-94c9-8697b97c5ba7,
194a5e83-b658-4077-b428-8600ad5c5f36,17.75,RON,Mega Image ref 85677075,2025-10-14T18:51:57+00:00,2eb300a6-bd34-43d9-94c9-8697b97c5ba7,
cdf41c76-0556-47fc-a7e7-6c9860e32c14,205.11,RON,Kaufland ref 69123613,2025-10-14T19:51:57+00:00,6e36dc96-4f61-48f4-b69f-4ca617af9323,
48f368ba-2697-4497-acfb-6acc2e0c5488,29.71,RON,Mega Image ref 97784425,2025-10-14T20:44:57+00:00,aa7898aa-95b2-468b-ac92-275a68599dc4,
a5eea4a2-2cde-431f-9dce-8d9b5d96120d,65.38,RON,Lidl ref 15486060,2025-10-14T21:02:57+00:00,0e5779ec-be1a-470f-ad83-a4c869f8d3e4,
eebcad5e-bdd0-4248-8072-8f8275665d45,140.58,RON,Lidl ref 35363168,2025-10-14T23:34:57+00:00,82112000-16b4-4f2b-9dee-8ec850f886ea,
76c7e371-847e-4fd5-a2f9-d1c9228cbb6e,73.71,RON,Carrefour ref 70436908,2025-10-15T00:17:57+00:00,12cbffe1-d83b-42c0-8120-8703b8fbd5c6,
7ffcb3fe-2359-4443-bae6-1863a5448d55,87.12,RON,Kaufland ref 20370954,2025-10-15T00:27:57+00:00,aa7898aa-95b2-468b-ac92-275a68599dc4,
29524270-51f1-4e27-b865-a1ee29f88049,56.31,RON,Mega Image ref 49377906,2025-10-15T00:56:57+00:00,97c83e0a-8a40-4c3e-b8e3-ae37cffa9985,
237a84eb-f756-46bc-b951-0b8d60843163,85.15,RON,Lidl ref 52877205,2025-10-15T02:19:57+00:00,d3228db7-ef32-4e3e-8fa9-f9f8a84cc34d,
a6276167-1d12-4daf-8a25-71593d170879,168.08,RON,OMV benzina ref 54953500,2025-10-15T02:28:57+00:00,0e5779ec-be1a-470f-ad83-a4c869f8d3e4,
879c1179-45cb-444e-9ede-07dddd7331b5,41.21,RON,Glovo ref 94509364,2025-10-15T02:37:57+00:00,5588e5c9-786a-4f09-8721-a8cedc57f9c8,
0b44f907-6d59-4e12-9ac7-b94d1ccc575e,127.31,RON,Kaufland ref 66844267,2025-10-15T02:44:57+00:00,7bf7bf91-9958-41e0-bb31-0f54e9f410c9,
ce9443d7-202b-4752-a673-6bb2a980881a,61.87,RON,Kaufland ref 45888394,2025-10-15T03:54:57+00:00,12cbffe1-d83b-42c0-8120-8703b8fbd5c6,
495bfb6f-6c7e-41cc-a71e-64842840bc44,28.93,RON,Glovo ref 28576850,2025-10-15T04:09:57+00:00,d3228db7-ef32-4e3e-8fa9-f9f8a84cc34d,
3155cb64-604d-456b-9c91-46373997bfda,46.93,RON,Glovo ref 71679296,2025-10-15T15:18:57+00:00,2eb300a6-bd34-43d9-94c9-8697b97c5ba7,
8af5208e-2b93-4d19-b429-3d82cf672e0c,74.37,RON,Mega Image ref 30519246,2025-10-15T15:36:57+00:00,82112000-16b4-4f2b-9dee-8ec850f886ea,
2e6103f6-2a24-4b29-8e23-939a3f7e0269,151.79,RON,OMV benzina ref 65010346,2025-10-15T16:31:57+00:00,818e12e2-7146-4ffe-a877-ba23cf63df5b,
c8bc2c98-8740-44da-bff7-e290698a3065,37.55,RON,Glovo ref 45576654,2025-10-15T16:56:57+00:00,5588e5c9-786a-4f09-8721-a8cedc57f9c8,
4543cd0e-2166-40a7-a350-c64bd6df4fe8,31.02,RON,Glovo ref 62236361,2025-10-15T16:56:57+00:00,82112000-16b4-4f2b-9dee-8ec850f886ea,
980402a2-b07a-4066-b354-35ea68949b8d,31.47,RON,Lidl ref 10359129,2025-10-15T17:14:57+00:00,bdd640fb-0667-4ad1-9c80-317fa3b1799d,
c5abf6c4-f89c-4ea0-a06b-e806d3f4dd82,21.2,RON,Mega Image ref 36303279,2025-10-15T18:48:57+00:00,2eb300a6-bd34-43d9-94c9-8697b97c5ba7,
66a9cbb0-233c-4559-ac2a-420192299a3d,85.52,RON,Kaufland ref 75419829,2025-10-15T19:08:57+00:00,33a2f3d5-7d4c-460f-ba3e-5b7745b7b856,
ec856f37-3bc1-4987-aff8-754d1238d630,169.59,RON,OMV benzina ref 70939053,2025-10-15T19:24:57+00:00,bdd640fb-0667-4ad1-9c80-317fa3b1799d,
5f70b951-1038-4676-8df1-172a46f2ff38,27.02,RON,Mega Image ref 66764586,2025-10-15T20:36:57+00:00,0e5779ec-be1a-470f-ad83-a4c869f8d3e4,
bb1e7e3a-2117-4e9f-8b44-af4d5ef788de,77.48,RON,Farmacia Tei ref 11122554,2025-10-15T20:54:57+00:00,02c27ee1-ff57-48d4-82c7-6cf491fd62b9,
58a64190-1527-4d08-8e65-050b77052c84,101.31,RON,Kaufland ref 24284867,2025-10-15T21:22:57+00:00,aa7898aa-95b2-468b-ac92-275a68599dc4,
bdf7f8f0-4236-42f9-accb-91634d8e6d5e,49.54,RON,Farmacia Tei ref 17316381,2025-10-16T01:21:57+00:00,aa7898aa-95b2-468b-ac92-275a68599dc4,
9ef6a99f-73b4-4af3-8ad1-d634e6426f0b,110.42,RON,Carrefour ref 81518649,2025-10-16T02:13:57+00:00,0e5779ec-be1a-470f-ad83-a4c869f8d3e4,
e990e956-7cd3-4b19-bf9b-2387d33487f3,170.94,RON,Kaufland ref 49787303,2025-10-16T02:37:57+00:00,97c83e0a-8a40-4c3e-b8e3-ae37cffa9985,
2c765e0e-68a0-472b-8c15-88325cbf3d01,78.95,RON,Lidl ref 86152984,2025-10-16T02:49:57+00:00,56cc310a-2a4b-4ab3-87df-66009aa0bf74,
43b5cf57-b3ed-416a-9939-1ac0a160cba5,61.26,RON,Mega Image ref 91252528,2025-10-16T02:50:57+00:00,12cbffe1-d83b-42c0-8120-8703b8fbd5c6,
00282c85-be95-4daf-83b7-1074fdc05d54,150.34,RON,Kaufland ref 13113251,2025-10-16T03:07:57+00:00,818e12e2-7146-4ffe-a877-ba23cf63df5b,
931e5f89-20f5-428d-91ab-ac77292fadf7,52.22,RON,Mega Image ref 11640743,2025-10-16T04:04:57+00:00,aa7898aa-95b2-468b-ac92-275a68599dc4,
4bfb159f-94e9-4738-b13e-93c7e5797414,92.29,RON,Kaufland ref 17524922,2025-10-16T04:05:57+00:00,5588e5c9-786a-4f09-8721-a8cedc57f9c8,
b920ea47-150f-45db-80ed-a9d7c08c8aa8,40.41,RON,Mega Image ref 98058046,2025-10-16T14:48:57+00:00,56cc310a-2a4b-4ab3-87df-66009aa0bf74,
a706ac7e-c65a-46da-9b2f-878d119e72eb,146.47,RON,Kaufland ref 50880997,2025-10-16T14:48:57+00:00,5588e5c9-786a-4f09-8721-a8cedc57f9c8,
246998e8-d39e-498b-8400-7d5ae88da719,64.52,RON,Kaufland ref 29997018,2025-10-16T16:13:57+00:00,bdd640fb-0667-4ad1-9c80-317fa3b1799d,
af4d65d4-56a6-426c-8fed-9d447cd7d303,25.97,RON,Lidl ref 80742278,2025-10-16T16:23:57+00:00,56cc310a-2a4b-4ab3-87df-66009aa0bf74,
e3beef6a-a682-450a-bfb7-f26919ad6aa3,84.03,RON,Kaufland ref 60394876,2025-10-16T17:21:57+00:00,d3228db7-ef32-4e3e-8fa9-f9f8a84cc34d,
1fd5a423-706c-4c56-89e2-623debd34616,49.39,RON,Lidl ref 86397676,2025-10-16T17:29:57+00:00,bdd640fb-0667-4ad1-9c80-317fa3b1799d,
ce34dc5e-0f07-4c60-aa37-76b1fd0a2eb0,31.41,RON,Farmacia Tei ref 25873343,2025-10-16T18:16:57+00:00,02c27ee1-ff57-48d4-82c7-6cf491fd62b9,
01263258-7893-40a7-81b2-742981adcfe7,53.66,RON,Kaufland ref 84720067,2025-10-16T18:27:57+00:00,56cc310a-2a4b-4ab3-87df-66009aa0bf74,
7c668b40-ec3c-40a5-8745-6bbfbc9af552,40.44,RON,Glovo ref 86884840,2025-10-16T19:09:57+00:00,2eb300a6-bd34-43d9-94c9-8697b97c5ba7,
402a1415-285d-46ff-bd09-d97a80f4a56e,129.86,RON,Lidl ref 78724426,2025-10-16T19:30:57+00:00,82112000-16b4-4f2b-9dee-8ec850f886ea,
13b2d1ab-f4e5-40aa-b550-4c5249d2cac0,27.48,RON,Glovo ref 33999716,2025-10-16T21:44:57+00:00,0e5779ec-be1a-470f-ad83-a4c869f8d3e4,
8f92c2c3-2727-4ea4-82f9-378571a67925,151.06,RON,Dedeman ref 18691930,2025-10-16T22:11:57+00:00,7bf7bf91-9958-41e0-bb31-0f54e9f410c9,
31c152d2-5f6a-4338-857a-4d536afcdf87,225.71,RON,OMV benzina ref 34247553,2025-10-16T22:51:57+00:00,6e36dc96-4f61-48f4-b69f-4ca617af9323,
3f70ac40-b931-41ca-9d72-42a5c6520b75,64.69,RON,Carrefour ref 62526204,2025-10-16T23:53:57+00:00,5588e5c9-786a-4f09-8721-a8cedc57f9c8,
60562765-9c1d-4a65-95c8-3c5d48754ef8,32.06,RON,Mega Image ref 95852907,2025-10-17T00:38:57+00:00,7bf7bf91-9958-41e0-bb31-0f54e9f410c9,
8ed86730-f84e-4e3f-ac23-6c370bfefa35,87.68,RON,Carrefour ref 52319800,2025-10-17T03:31:57+00:00,82112000-16b4-4f2b-9dee-8ec850f886ea,
b5128ea1-95fb-4be5-a6ac-5d4c76aeb32e,77.08,RON,Glovo ref 33473494,2025-10-17T03:49:57+00:00,82112000-16b4-4f2b-9dee-8ec850f886ea,
0fb12581-e24f-4f2d-898c-7ed1c3e2e9b1,54.0,RON,Glovo ref 40913566,2025-10-17T16:28:57+00:00,12cbffe1-d83b-42c0-8120-8703b8fbd5c6,
c473d713-3335-4b1b-b045-70862877e76a,166.77,RON,Kaufland ref 55495302,2025-10-17T16:40:57+00:00,02c27ee1-ff57-48d4-82c7-6cf491fd62b9,
6b1e796c-1f90-4d91-9b20-bf6859ca5aae,50.49,RON,Glovo ref 39445873,2025-10-17T16:56:57+00:00,97c83e0a-8a40-4c3e-b8e3-ae37cffa9985,
d0b76855-d607-4b17-80cc-899efd40466c,74.76,RON,Lidl ref 86356688,2025-10-17T16:58:57+00:00,2eb300a6-bd34-43d9-94c9-8697b97c5ba7,
e8459fc5-5f6a-43fb-98fc-ad7bbe2936f4,62.8,RON,Mega Image ref 64824178,2025-10-17T17:43:57+00:00,97c83e0a-8a40-4c3e-b8e3-ae37cffa9985,
ffe3fa49-054f-42ff-b366-bad4964db03f,67.93,RON,Glovo ref 87201917,2025-10-17T18:22:57+00:00,bdd640fb-0667-4ad1-9c80-317fa3b1799d,
70cea612-098d-49ba-bfe4-26042d2dec8a,47.22,RON,Glovo ref 58312017,2025-10-17T18:57:57+00:00,2eb300a6-bd34-43d9-94c9-8697b97c5ba7,
0495845b-bd5e-428b-a675-bb7b51cd3d87,40.03,RON,Glovo ref 72608212,2025-10-17T19:04:57+00:00,56cc310a-2a4b-4ab3-87df-66009aa0bf74,
8bf54fa8-8ae9-4f31-8674-a2f56818f77e,47.68,RON,Mega Image ref 94599602,2025-10-17T20:16:57+00:00,7bf7bf91-9958-41e0-bb31-0f54e9f410c9,
9d5130ae-d015-4623-83d0-3e333296c4c0,62.63,RON,Glovo ref 44606236,2025-10-17T20:38:57+00:00,aa7898aa-95b2-468b-ac92-275a68599dc4,
9440875d-6694-4849-bd0a-4059df5d162c,29.16,RON,Glovo ref 48251875,2025-10-17T22:17:57+00:00,818e12e2-7146-4ffe-a877-ba23cf63df5b,
fc1344e1-99a2-4957-af3e-09526e823445,108.33,RON,Kaufland ref 88926926,2025-10-17T22:18:57+00:00,2eb300a6-bd34-43d9-94c9-8697b97c5ba7,
ded9c34c-b357-47ec-b728-88bd3189b9e0,59.16,RON,Mega Image ref 50621672,2025-10-17T22:24:57+00:00,5588e5c9-786a-4f09-8721-a8cedc57f9c8,
bc0aeb03-dd7c-4ab2-a945-a80c7db6a529,168.11,RON,Carrefour ref 93003111,2025-10-17T22:49:57+00:00,82112000-16b4-4f2b-9dee-8ec850f886ea,
4ada5ef9-8b79-457e-b646-d06a1b79eaf5,41.57,RON,Mega Image ref 32371244,2025-10-17T22:57:57+00:00,12cbffe1-d83b-42c0-8120-8703b8fbd5c6,
be0af8f5-18f0-46ac-87b8-73eec9fb8785,101.94,RON,Lidl ref 13119399,2025-10-17T23:24:57+00:00,33a2f3d5-7d4c-460f-ba3e-5b7745b7b856,
2ea4fa1b-6526-4648-8ec5-ffbe989d5372,43.34,RON,Mega Image ref 65863687,2025-10-17T23:31:57+00:00,33a2f3d5-7d4c-460f-ba3e-5b7745b7b856,
fda89938-c564-453e-a7d6-bd8d1e98bb1b,248.93,RON,OMV benzina ref 47823677,2025-10-18T00:31:57+00:00,5588e5c9-786a-4f09-8721-a8cedc57f9c8,
97dbfde8-e488-454f-a933-4ae938e29c52,47.35,RON,Lidl ref 15061044,2025-10-18T04:07:57+00:00,12cbffe1-d83b-42c0-8120-8703b8fbd5c6,
1ee8f6fe-db2c-49ad-bf69-ceb9ff44f189,38.79,RON,Glovo ref 85517285,2025-10-18T14:58:57+00:00,97c83e0a-8a40-4c3e-b8e3-ae37cffa9985,
f9361c6a-4bf8-4b36-86aa-e4c25f57de9c,73.05,RON,Carrefour ref 17065348,2025-10-18T16:35:57+00:00,2eb300a6-bd34-43d9-94c9-8697b97c5ba7,
d6a52a5e-0514-4346-8cda-f4de2737dc2e,99.34,RON,Glovo ref 57720958,2025-10-18T16:40:57+00:00,12cbffe1-d83b-42c0-8120-8703b8fbd5c6,
205f6b13-dd83-4c2a-aa55-b5b31dfc839b,154.27,RON,Dedeman ref 17931655,2025-10-18T17:08:57+00:00,2eb300a6-bd34-43d9-94c9-8697b97c5ba7,
6cfad76f-4098-4d5c-9e8a-35cbafb719ba,55.61,RON,Lidl ref 90440472,2025-10-18T22:08:57+00:00,aa7898aa-95b2-468b-ac92-275a68599dc4,
4a042b3b-1ba4-4d8c-89d7-b4da09443a4c,67.87,RON,Lidl ref 84621602,2025-10-18T22:27:57+00:00,6e36dc96-4f61-48f4-b69f-4ca617af9323,
76a5dfbc-f78d-477a-9cf0-3433220f6e18,58.17,RON,Mega Image ref 15771083,2025-10-19T00:24:57+00:00,02c27ee1-ff57-48d4-82c7-6cf491fd62b9,
d1db8fed-a0a9-4ccd-a941-e307eba10523,79.59,RON,Glovo ref 38476907,2025-10-19T01:32:57+00:00,5588e5c9-786a-4f09-8721-a8cedc57f9c8,
e9f782ec-093d-4269-9cf0-da1bc0df3432,104.63,RON,Carrefour ref 45788840,2025-10-19T01:50:57+00:00,82112000-16b4-4f2b-9dee-8ec850f886ea,
e674386a-7bd6-4fba-b1d3-81a283ccd745,88.94,RON,Farmacia Tei ref 57383923,2025-10-19T01:55:57+00:00,33a2f3d5-7d4c-460f-ba3e-5b7745b7b856,
4ad7c11e-5776-4917-845a-40ace896941f,22.03,RON,Glovo ref 81746594,2025-10-19T02:04:57+00:00,56cc310a-2a4b-4ab3-87df-66009aa0bf74,
fdab098b-abb2-499d-88d5-25feb2815810,45.73,RON,Mega Image ref 94888219,2025-10-19T02:04:57+00:00,33a2f3d5-7d4c-460f-ba3e-5b7745b7b856,
80f006a8-deee-4fcc-9690-40b594d29985,63.28,RON,Mega Image ref 10234154,2025-10-19T02:47:57+00:00,12cbffe1-d83b-42c0-8120-8703b8fbd5c6,
d1a46b7b-1c7f-490c-8fbd-a7ed70daa317,47.81,RON,Kaufland ref 46178992,2025-10-19T03:08:57+00:00,5588e5c9-786a-4f09-8721-a8cedc57f9c8,
6d1d4d61-1b53-4301-9b59-cfb99385f44e,160.42,RON,OMV benzina ref 78012419,2025-10-19T03:15:57+00:00,2eb300a6-bd34-43d9-94c9-8697b97c5ba7,
9425fc3a-6964-4112-95fc-0f2ba50939f1,36.47,RON,Glovo ref 79742280,2025-10-19T04:30:57+00:00,0e5779ec-be1a-470f-ad83-a4c869f8d3e4,
78b2ae15-594b-4f66-8995-e6adc01a48b1,27.35,RON,Glovo ref 65163746,2025-10-19T14:40:57+00:00,2eb300a6-bd34-43d9-94c9-8697b97c5ba7,
9a56372e-17e8-4cbb-8a7a-a9559cfc4b73,225.24,RON,OMV benzina ref 63784754,2025-10-19T15:05:57+00:00,818e12e2-7146-4ffe-a877-ba23cf63df5b,
668409e3-f1f8-443e-a99f-131849c8a43f,44.32,RON,Glovo ref 76500726,2025-10-19T17:00:57+00:00,bdd640fb-0667-4ad1-9c80-317fa3b1799d,
5ef7c6b4-bdbd-4515-8cbe-a96b66c4c628,228.98,RON,Dedeman ref 90232885,2025-10-19T17:56:57+00:00,97c83e0a-8a40-4c3e-b8e3-ae37cffa9985,
02ade14a-a4ee-4e8f-b50c-39ce88efc6f6,47.06,RON,Glovo ref 63404755,2025-10-19T18:23:57+00:00,56cc310a-2a4b-4ab3-87df-66009aa0bf74,
fe8544e1-c1b6-4800-a564-2b969624ba9d,55.18,RON,Carrefour ref 25159382,2025-10-19T18:43:57+00:00,7bf7bf91-9958-41e0-bb31-0f54e9f410c9,
095f6d43-bb5e-44d6-9b74-5fdd1c974694,115.44,RON,Kaufland ref 89964091,2025-10-19T19:58:57+00:00,aa7898aa-95b2-468b-ac92-275a68599dc4,
232a5c56-2933-4b77-9ed9-39547e05f554,74.4,RON,Kaufland ref 90865604,2025-10-19T20:53:57+00:00,d3228db7-ef32-4e3e-8fa9-f9f8a84cc34d,
5af11a3b-eddf-4abb-8827-ec0e6a8fbf14,83.71,RON,Lidl ref 52458867,2025-10-19T21:25:57+00:00,97c83e0a-8a40-4c3e-b8e3-ae37cffa9985,
9013f394-c633-4b79-b07d-f912f7c67c0a,102.14,RON,Carrefour ref 41776674,2025-10-19T23:45:57+00:00,5588e5c9-786a-4f09-8721-a8cedc57f9c8,
733f520b-ddd8-4c69-bdba-ef2be13ce0b0,112.73,RON,Kaufland ref 85666029,2025-10-20T03:26:57+00:00,6e36dc96-4f61-48f4-b69f-4ca617af9323,
1e1fa339-3a01-4a7b-b5d7-d05ef6dd7252,56.55,RON,Glovo ref 93582589,2025-10-20T03:38:57+00:00,82112000-16b4-4f2b-9dee-8ec850f886ea,
480fda93-7ad8-4223-86db-a7f93de5d3d6,100.92,RON,Glovo ref 45658343,2025-10-20T04:19:57+00:00,12cbffe1-d83b-42c0-8120-8703b8fbd5c6,
b1383d33-b87f-4ddf-b9d8-2e54e066e4eb,192.77,RON,Kaufland ref 49325550,2025-10-20T04:22:57+00:00,33a2f3d5-7d4c-460f-ba3e-5b7745b7b856,
1dad09b2-52c2-4221-809d-360250843242,45.0,RON,Digi internet,2025-10-20T06:39:57+00:00,bdd640fb-0667-4ad1-9c80-317fa3b1799d,
5f34fd6c-7bf7-4b57-ba0e-618f428fd941,45.0,RON,Digi internet,2025-10-20T06:39:57+00:00,0e5779ec-be1a-470f-ad83-a4c869f8d3e4,
f8cb57ff-586b-4c22-8652-7e16e489149f,45.0,RON,Digi internet,2025-10-20T06:39:57+00:00,aa7898aa-95b2-468b-ac92-275a68599dc4,
fcb4ee27-c167-4c84-a943-2abd5b95509f,45.0,RON,Digi internet,2025-10-20T06:39:57+00:00,7bf7bf91-9958-41e0-bb31-0f54e9f410c9,
39a20ed1-5452-485c-acfc-912a490a4abd,45.0,RON,Digi internet,2025-10-20T06:39:57+00:00,02c27ee1-ff57-48d4-82c7-6cf491fd62b9,
982bd35c-fa52-4fce-b207-fa0d55e81c69,45.0,RON,Digi internet,2025-10-20T06:39:57+00:00,56cc310a-2a4b-4ab3-87df-66009aa0bf74,
fb24e531-11b6-4523-b391-e4bcc373024d,45.0,RON,Digi internet,2025-10-20T06:39:57+00:00,5588e5c9-786a-4f09-8721-a8cedc57f9c8,
5867a007-fe7d-4bdb-b329-6aff0b7cd888,45.0,RON,Digi internet,2025-10-20T06:39:57+00:00,33a2f3d5-7d4c-460f-ba3e-5b7745b7b856,
3727a3a7-4b57-4744-8a8d-60d8b016b20b,45.0,RON,Digi internet,2025-10-20T06:39:57+00:00,6e36dc96-4f61-48f4-b69f-4ca617af9323,
a4951e7a-fe64-4a6c-b98b-9db4fc5f8e13,45.0,RON,Digi internet,2025-10-20T06:39:57+00:00,2eb300a6-bd34-43d9-94c9-8697b97c5ba7,
787bbebe-65c6-4a54-95f4-58cf30cf8767,45.0,RON,Digi internet,2025-10-20T06:39:57+00:00,818e12e2-7146-4ffe-a877-ba23cf63df5b,
d7e0a041-ee23-4837-8431-00e0b1988656,45.0,RON,Digi internet,2025-10-20T06:39:57+00:00,97c83e0a-8a40-4c3e-b8e3-ae37cffa9985,
06cc1022-d151-41af-893c-e3df8c16ed1e,45.0,RON,Digi internet,2025-10-20T06:39:57+00:00,d3228db7-ef32-4e3e-8fa9-f9f8a84cc34d,
5a26e8dc-f99c-4982-ba5c-63e359bf4443,45.0,RON,Digi internet,2025-10-20T06:39:57+00:00,12cbffe1-d83b-42c0-8120-8703b8fbd5c6,
efbff611-e3ab-4ba0-8823-1cecc49ecc69,45.0,RON,Digi internet,2025-10-20T06:39:57+00:00,82112000-16b4-4f2b-9dee-8ec850f886ea,
da43f6d4-da19-452c-8819-ae16632a218f,42.35,RON,Farmacia Tei ref 63831412,2025-10-20T15:09:57+00:00,6e36dc96-4f61-48f4-b69f-4ca617af9323,
a1168f53-590d-474b-a3a8-7c959861d7de,105.6,RON,Lidl ref 83554537,2025-10-20T15:19:57+00:00,02c27ee1-ff57-48d4-82c7-6cf491fd62b9,
3796b4ae-a70c-4662-ae17-315e105ec2cc,124.76,RON,Kaufland ref 54545172,2025-10-20T16:16:57+00:00,33a2f3d5-7d4c-460f-ba3e-5b7745b7b856,
52d3a66b-b685-44d9-9990-9944fe5ec4e3,116.77,RON,Lidl ref 46866651,2025-10-20T16:44:57+00:00,6e36dc96-4f61-48f4-b69f-4ca617af9323,
579d16cc-8812-4589-a9e5-9b45bdd4b02d,85.13,RON,Kaufland ref 45955734,2025-10-20T17:04:57+00:00,56cc310a-2a4b-4ab3-87df-66009aa0bf74,
3ce75d1e-2947-4d26-a74a-c7a7cb618d75,64.6,RON,Glovo ref 99436783,2025-10-20T17:32:57+00:00,0e5779ec-be1a-470f-ad83-a4c869f8d3e4,
b639529e-2929-4691-ac93-e43d9e5e8cfe,36.45,RON,Mega Image ref 32328873,2025-10-20T19:57:57+00:00,0e5779ec-be1a-470f-ad83-a4c869f8d3e4,
bbb132cf-45fb-48a7-88bb-a2df4fca5001,57.83,RON,Carrefour ref 89736584,2025-10-20T20:00:57+00:00,d3228db7-ef32-4e3e-8fa9-f9f8a84cc34d,
9b488a0b-60e0-44a7-8642-7b81157e8c58,96.77,RON,Kaufland ref 89143084,2025-10-20T20:25:57+00:00,5588e5c9-786a-4f09-8721-a8cedc57f9c8,
1c39ec3c-7289-4acd-a021-67ee0f682c33,78.1,RON,Dedeman ref 25479318,2025-10-20T20:56:57+00:00,818e12e2-7146-4ffe-a877-ba23cf63df5b,
f594315a-fd02-4f6f-9631-e292bc57f6ae,67.87,RON,Lidl ref 14695050,2025-10-20T22:05:57+00:00,12cbffe1-d83b-42c0-8120-8703b8fbd5c6,
c5ab160f-f8a9-43ca-90fb-98ecf091e948,62.76,RON,Kaufland ref 94611216,2025-10-20T22:17:57+00:00,82112000-16b4-4f2b-9dee-8ec850f886ea,
90c45d25-1b5b-4268-b8ed-09330b563fd8,11.85,RON,Mega Image ref 58987133,2025-10-21T01:08:57+00:00,56cc310a-2a4b-4ab3-87df-66009aa0bf74,
6033f6a1-e3ad-4424-beb9-fe3b363debee,19.61,RON,Mega Image ref 89035184,2025-10-21T02:20:57+00:00,5588e5c9-786a-4f09-8721-a8cedc57f9c8,
728f11c8-acee-4f28-9f86-0186769a8d0d,38.23,RON,Mega Image ref 67984664,2025-10-21T02:54:57+00:00,33a2f3d5-7d4c-460f-ba3e-5b7745b7b856,
5636b33d-00be-4b5e-98d4-0147726babac,36.48,RON,Glovo ref 16467218,2025-10-21T04:23:57+00:00,818e12e2-7146-4ffe-a877-ba23cf63df5b,
760f386d-ab43-4a4c-98e9-93c3114ec2de,69.45,RON,Mega Image ref 84098844,2025-10-21T15:21:57+00:00,82112000-16b4-4f2b-9dee-8ec850f886ea,
cdf013d4-cdf3-4dea-8485-45531913505c,116.55,RON,Kaufland ref 59596879,2025-10-21T16:07:57+00:00,818e12e2-7146-4ffe-a877-ba23cf63df5b,
a69b0122-1d07-46d5-acc3-602e7d463473,66.47,RON,Glovo ref 82598720,2025-10-21T16:20:57+00:00,97c83e0a-8a40-4c3e-b8e3-ae37cffa9985,
68344756-3126-404b-a8b0-12d789344fcd,25.46,RON,Glovo ref 20440513,2025-10-21T16:45:57+00:00,2eb300a6-bd34-43d9-94c9-8697b97c5ba7,
d47ebb90-c79e-46ae-951b-7d7f668e43e1,205.29,RON,OMV benzina ref 22669557,2025-10-21T18:59:57+00:00,7bf7bf91-9958-41e0-bb31-0f54e9f410c9,
0042285b-41bb-426e-9797-295a996976f6,58.58,RON,Mega Image ref 68734125,2025-10-21T19:24:57+00:00,33a2f3d5-7d4c-460f-ba3e-5b7745b7b856,
5a970117-4583-4518-9447-b6c04a0fc88c,35.16,RON,Glovo ref 76946457,2025-10-21T21:00:57+00:00,818e12e2-7146-4ffe-a877-ba23cf63df5b,
5e290303-d5fb-47a9-aeee-faa36ab6139e,138.81,RON,Lidl ref 19665280,2025-10-21T21:03:57+00:00,82112000-16b4-4f2b-9dee-8ec850f886ea,
0317201f-6140-487d-a84b-724db30c9f43,75.01,RON,Glovo ref 52264803,2025-10-21T22:18:57+00:00,02c27ee1-ff57-48d4-82c7-6cf491fd62b9,
01196e6d-27f3-4b78-91f9-cd77ed850a6d,52.25,RON,Carrefour ref 71477186,2025-10-21T22:28:57+00:00,0e5779ec-be1a-470f-ad83-a4c869f8d3e4,
1f15c7b6-7c16-428d-b2c0-8394e17f29e1,73.04,RON,Glovo ref 68802946,2025-10-21T22:47:57+00:00,bdd640fb-0667-4ad1-9c80-317fa3b1799d,
329cbd35-d9da-4a9d-a5be-f82e934a145f,61.4,RON,Glovo ref 46057928,2025-10-22T00:07:57+00:00,56cc310a-2a4b-4ab3-87df-66009aa0bf74,
b9b3c0ee-faf2-4e80-833b-de7861c50cc8,77.11,RON,Lidl ref 23572461,2025-10-22T00:25:57+00:00,aa7898aa-95b2-468b-ac92-275a68599dc4,
f9a7203c-86e1-4baf-9d0f-8a48725de70c,132.35,RON,Lidl ref 56769246,2025-10-22T00:52:57+00:00,6e36dc96-4f61-48f4-b69f-4ca617af9323,
8d605936-0380-4b70-8d03-c91e4f8d5238,78.72,RON,Farmacia Tei ref 31257157,2025-10-22T01:17:57+00:00,bdd640fb-0667-4ad1-9c80-317fa3b1799d,
bf2c1fd1-f34a-483d-af16-0f3d05baec78,27.89,RON,Mega Image ref 63786357,2025-10-22T01:26:57+00:00,aa7898aa-95b2-468b-ac92-275a68599dc4,
8a34b26b-72cc-4fc5-9f77-5a7a25dfac07,46.94,RON,Mega Image ref 56150365,2025-10-22T01:41:57+00:00,0e5779ec-be1a-470f-ad83-a4c869f8d3e4,
0d7797cb-c999-400f-b704-92bf1bf1db0a,58.39,RON,Mega Image ref 59699449,2025-10-22T01:43:57+00:00,6e36dc96-4f61-48f4-b69f-4ca617af9323,
0c4f81ac-529a-4eb8-bb6b-549edaad5182,172.33,RON,Kaufland ref 81408187,2025-10-22T03:32:57+00:00,33a2f3d5-7d4c-460f-ba3e-5b7745b7b856,
b47cf9be-3a12-4eae-bcff-9604205705da,135.79,RON,OMV benzina ref 57356259,2025-10-22T04:14:57+00:00,56cc310a-2a4b-4ab3-87df-66009aa0bf74,
82456fb4-4ab7-406e-b773-50caeec259dc,89.81,RON,Lidl ref 76890827,2025-10-22T16:20:57+00:00,bdd640fb-0667-4ad1-9c80-317fa3b1799d,
a591eb58-a08b-4654-ad94-d0d3f75f056f,134.77,RON,Kaufland ref 57495379,2025-10-22T16:41:57+00:00,97c83e0a-8a40-4c3e-b8e3-ae37cffa9985,
62332726-097c-48e3-9ce8-e692064e1e70,123.39,RON,OMV benzina ref 69144556,2025-10-22T17:03:57+00:00,2eb300a6-bd34-43d9-94c9-8697b97c5ba7,
f47cde0f-34a0-4836-9ed8-8d16be729e01,62.92,RON,Lidl ref 14199095,2025-10-22T17:17:57+00:00,2eb300a6-bd34-43d9-94c9-8697b97c5ba7,
7abc9497-620e-48c9-99fa-674ddeca7109,100.26,RON,Glovo ref 46414583,2025-10-22T17:25:57+00:00,6e36dc96-4f61-48f4-b69f-4ca617af9323,
1fcc4f7f-bb69-48b7-8393-6e828c5dbe7a,143.3,RON,Carrefour ref 79418787,2025-10-22T17:28:57+00:00,818e12e2-7146-4ffe-a877-ba23cf63df5b,
daafb63a-8a06-4bf5-8398-18fc9d96bf5e,70.78,RON,Kaufland ref 50695005,2025-10-22T18:15:57+00:00,aa7898aa-95b2-468b-ac92-275a68599dc4,
a282cd49-b9d0-4e4e-adec-8d323afb7580,53.16,RON,Carrefour ref 69219422,2025-10-22T18:22:57+00:00,02c27ee1-ff57-48d4-82c7-6cf491fd62b9,
b2e8ecfe-78bf-4564-8f98-695d8731020b,41.85,RON,Glovo ref 89094995,2025-10-22T18:40:57+00:00,12cbffe1-d83b-42c0-8120-8703b8fbd5c6,
cf1e65f0-1e46-412d-bb57-9d539526a6b2,89.58,RON,Carrefour ref 70606217,2025-10-22T21:09:57+00:00,6e36dc96-4f61-48f4-b69f-4ca617af9323,
f9d46d34-ca4e-4cc5-995d-455b76628c4e,107.21,RON,Dedeman ref 45843284,2025-10-22T21:21:57+00:00,aa7898aa-95b2-468b-ac92-275a68599dc4,
6dfbcd94-d24b-49a9-8b89-e94313832588,32.04,RON,Glovo ref 16398594,2025-10-22T21:21:57+00:00,97c83e0a-8a40-4c3e-b8e3-ae37cffa9985,
ccbe2f51-5a73-44eb-b25d-930b218e942e,86.17,RON,Mega Image ref 12152239,2025-10-22T21:36:57+00:00,02c27ee1-ff57-48d4-82c7-6cf491fd62b9,
cb93a300-1007-4f70-8f61-bfb0f2074312,76.34,RON,Mega Image ref 92672407,2025-10-22T22:02:57+00:00,12cbffe1-d83b-42c0-8120-8703b8fbd5c6,
9398bc57-01b7-440d-9e61-3c40dd70ec6b,88.66,RON,Glovo ref 61297687,2025-10-22T22:33:57+00:00,5588e5c9-786a-4f09-8721-a8cedc57f9c8,
550f538b-b781-4da3-bba0-e2c0629d83a7,146.25,RON,Kaufland ref 68334054,2025-10-22T23:02:57+00:00,818e12e2-7146-4ffe-a877-ba23cf63df5b,
a3edc79c-dd1a-47be-b2eb-bf834bdc7595,42.96,RON,Lidl ref 11407273,2025-10-22T23:06:57+00:00,02c27ee1-ff57-48d4-82c7-6cf491fd62b9,
6dea4b87-13cb-47cc-9ff8-fc14cf80790b,86.09,RON,Lidl ref 53313930,2025-10-22T23:19:57+00:00,56cc310a-2a4b-4ab3-87df-66009aa0bf74,
48f006a3-ad9f-4e53-ae67-1517e8e52412,24.68,RON,Glovo ref 63508666,2025-10-22T23:21:57+00:00,aa7898aa-95b2-468b-ac92-275a68599dc4,
b8a31114-f119-47cb-a70d-b5f925af3886,295.79,RON,Dedeman ref 67093353,2025-10-22T23:35:57+00:00,5588e5c9-786a-4f09-8721-a8cedc57f9c8,
b26f8bb2-3178-4dbb-9f7f-acac0814b225,32.39,RON,Mega Image ref 97279876,2025-10-22T23:45:57+00:00,7bf7bf91-9958-41e0-bb31-0f54e9f410c9,
7bf7202e-bd86-41ab-816f-5ca37854f2ce,42.92,RON,Glovo ref 18479821,2025-10-23T00:05:57+00:00,7bf7bf91-9958-41e0-bb31-0f54e9f410c9,
c73f41d2-b059-4815-bf32-dbc546586cb2,164.6,RON,OMV benzina ref 68645850,2025-10-23T00:09:57+00:00,aa7898aa-95b2-468b-ac92-275a68599dc4,
ffce4856-fe46-45e4-a03a-8090df890abd,302.3,RON,Dedeman ref 84883028,2025-10-23T01:38:57+00:00,818e12e2-7146-4ffe-a877-ba23cf63df5b,
2a962ee4-5aa8-486e-8f31-ee25fde708eb,36.93,RON,Mega Image ref 98053333,2025-10-23T02:48:57+00:00,82112000-16b4-4f2b-9dee-8ec850f886ea,
0f2880da-f9de-4055-854c-b16dad5dd76f,148.65,RON,Carrefour ref 67872960,2025-10-23T03:54:57+00:00,97c83e0a-8a40-4c3e-b8e3-ae37cffa9985,
e6f3c4c8-471f-43d9-b010-5ccde226975e,27.67,RON,Mega Image ref 93829645,2025-10-23T15:38:57+00:00,6e36dc96-4f61-48f4-b69f-4ca617af9323,
c98afa08-1ac6-4a63-beca-6f41d908d319,60.86,RON,Carrefour ref 79386752,2025-10-23T16:07:57+00:00,7bf7bf91-9958-41e0-bb31-0f54e9f410c9,
20f08b3c-c295-4eae-86ac-7b106921a9ef,138.26,RON,Kaufland ref 31490296,2025-10-23T16:16:57+00:00,5588e5c9-786a-4f09-8721-a8cedc57f9c8,
7d9353fd-05db-4ac9-b7ca-ebe6d0c296a6,36.57,RON,Mega Image ref 94312684,2025-10-23T16:17:57+00:00,818e12e2-7146-4ffe-a877-ba23cf63df5b,
64b04e41-cd30-4062-a3d0-072ed94ede51,31.11,RON,Lidl ref 47762314,2025-10-23T17:15:57+00:00,2eb300a6-bd34-43d9-94c9-8697b97c5ba7,
ba68f429-49af-4000-9c83-cfae10501d65,82.76,RON,Lidl ref 39669864,2025-10-23T17:40:57+00:00,aa7898aa-95b2-468b-ac92-275a68599dc4,
b5abf66e-0e7e-4811-83ed-dd879131e5c3,60.63,RON,Glovo ref 69369552,2025-10-23T18:16:57+00:00,02c27ee1-ff57-48d4-82c7-6cf491fd62b9,
4bda2a5f-0be1-4e5d-8f77-8cc7d1ac7521,63.24,RON,Mega Image ref 78728191,2025-10-23T20:26:57+00:00,97c83e0a-8a40-4c3e-b8e3-ae37cffa9985,
b16e76bd-a1e0-4876-9ed6-92fc3fa7196a,116.73,RON,Kaufland ref 25257454,2025-10-23T22:28:57+00:00,82112000-16b4-4f2b-9dee-8ec850f886ea,
fd676ba1-06c1-472a-9e17-1c05bd501fad,104.48,RON,Carrefour ref 12679974,2025-10-23T23:06:57+00:00,5588e5c9-786a-4f09-8721-a8cedc57f9c8,
4d5e6dde-4172-401c-ade2-da2b2102c5ad,324.37,RON,OMV benzina ref 60119541,2025-10-23T23:07:57+00:00,02c27ee1-ff57-48d4-82c7-6cf491fd62b9,
253ce114-8d18-4c2a-9554-fadf76339d1d,71.9,RON,Farmacia Tei ref 63781664,2025-10-23T23:37:57+00:00,7bf7bf91-9958-41e0-bb31-0f54e9f410c9,
f984aa7d-e896-4288-9d70-0abb1b6b71b8,70.81,RON,Glovo ref 20246842,2025-10-23T23:51:57+00:00,d3228db7-ef32-4e3e-8fa9-f9f8a84cc34d,
c5ce099c-46b8-4659-91df-12d7dd30de89,124.8,RON,Kaufland ref 28321839,2025-10-24T00:11:57+00:00,bdd640fb-0667-4ad1-9c80-317fa3b1799d,
d4d8fd21-75c1-423f-9652-0c904d4f4646,98.57,RON,Carrefour ref 80989592,2025-10-24T02:46:57+00:00,97c83e0a-8a40-4c3e-b8e3-ae37cffa9985,
538cc0ca-17ac-47e9-9b7e-24ca722b4439,77.84,RON,Lidl ref 39576862,2025-10-24T15:04:57+00:00,0e5779ec-be1a-470f-ad83-a4c869f8d3e4,
062cf05b-8702-4c22-ab07-d815aab18e54,66.87,RON,Farmacia Tei ref 64521433,2025-10-24T17:47:57+00:00,5588e5c9-786a-4f09-8721-a8cedc57f9c8,
0c888da5-77a4-488c-a757-9b0d1136d893,63.99,RON,Glovo ref 84591120,2025-10-24T19:33:57+00:00,5588e5c9-786a-4f09-8721-a8cedc57f9c8,
be1924aa-dab7-42f6-b642-31c326daf6d1,53.97,RON,Lidl ref 69644085,2025-10-24T19:59:57+00:00,aa7898aa-95b2-468b-ac92-275a68599dc4,
39adb171-569c-4898-a287-52d034d03ebf,77.79,RON,Lidl ref 17188389,2025-10-24T20:01:57+00:00,2eb300a6-bd34-43d9-94c9-8697b97c5ba7,
dc12ab30-80bb-447b-bf5b-4fb673290262,46.4,RON,Carrefour ref 13955790,2025-10-24T20:33:57+00:00,818e12e2-7146-4ffe-a877-ba23cf63df5b,
141fb001-f7bc-4c14-9241-9671da2fc99b,45.16,RON,Glovo ref 98677450,2025-10-24T20:55:57+00:00,aa7898aa-95b2-468b-ac92-275a68599dc4,
62aebdb6-2890-440c-a97b-cee79533f25d,83.3,RON,Kaufland ref 41973862,2025-10-24T23:30:57+00:00,56cc310a-2a4b-4ab3-87df-66009aa0bf74,
2d856e37-11f1-48ff-b16f-0ae53cdc2cd9,58.95,RON,Lidl ref 83204174,2025-10-24T23:44:57+00:00,56cc310a-2a4b-4ab3-87df-66009aa0bf74,
47263c24-c460-4896-af87-bf0dc8022f8e,42.83,RON,Mega Image ref 39815643,2025-10-25T00:51:57+00:00,0e5779ec-be1a-470f-ad83-a4c869f8d3e4,
709bad47-bcdb-408b-aa58-9d4c1dc7cdff,71.49,RON,Glovo ref 97278989,2025-10-25T02:24:57+00:00,818e12e2-7146-4ffe-a877-ba23cf63df5b,
3eb70042-cf46-4779-a80c-07b5801d9f3c,56.67,RON,Glovo ref 66800324,2025-10-25T02:53:57+00:00,33a2f3d5-7d4c-460f-ba3e-5b7745b7b856,
e0b2be47-289c-4c89-b4e1-e143023f1ada,82.72,RON,Kaufland ref 28462715,2025-10-25T03:36:57+00:00,82112000-16b4-4f2b-9dee-8ec850f886ea,
31c77a44-64f8-4226-8304-81c2f9d09e26,62.77,RON,Glovo ref 21727533,2025-10-25T04:07:57+00:00,0e5779ec-be1a-470f-ad83-a4c869f8d3e4,
c5be4a9d-2ab9-4dda-a53d-3fcb5db5c3f6,51.68,RON,Mega Image ref 41179307,2025-10-25T18:29:57+00:00,d3228db7-ef32-4e3e-8fa9-f9f8a84cc34d,
2ad85816-202c-4f4d-9852-cb52becfa6ec,71.7,RON,Kaufland ref 61536249,2025-10-25T19:06:57+00:00,2eb300a6-bd34-43d9-94c9-8697b97c5ba7,
05483597-a202-4911-b0ca-983c7ba0fdad,20.13,RON,Mega Image ref 31448016,2025-10-25T20:10:57+00:00,82112000-16b4-4f2b-9dee-8ec850f886ea,
b4fdc347-0e16-4bcb-8654-001dc2c73e17,84.82,RON,Carrefour ref 25199289,2025-10-25T20:27:57+00:00,d3228db7-ef32-4e3e-8fa9-f9f8a84cc34d,
a89064e2-deac-4190-8103-8dc40fa4255f,93.53,RON,Kaufland ref 12608325,2025-10-25T21:08:57+00:00,818e12e2-7146-4ffe-a877-ba23cf63df5b,
0c817c6d-0d13-47c8-8266-037126e7a603,44.3,RON,Mega Image ref 19262806,2025-10-25T23:28:57+00:00,12cbffe1-d83b-42c0-8120-8703b8fbd5c6,
feee7138-6a57-41f7-ae78-cd59909cca67,52.94,RON,Carrefour ref 57194493,2025-10-26T00:16:57+00:00,aa7898aa-95b2-468b-ac92-275a68599dc4,
031eef96-5f71-4cc4-a2d8-46d05ea011cd,89.74,RON,Kaufland ref 67396933,2025-10-26T01:02:57+00:00,0e5779ec-be1a-470f-ad83-a4c869f8d3e4,
f5771042-e185-4e53-a123-1f2881ab5333,98.5,RON,Carrefour ref 61767398,2025-10-26T01:16:57+00:00,5588e5c9-786a-4f09-8721-a8cedc57f9c8,
0b2c782a-6928-4e92-868a-152fdb23aa8c,39.77,RON,Mega Image ref 41348220,2025-10-26T01:54:57+00:00,bdd640fb-0667-4ad1-9c80-317fa3b1799d,
9f8b946c-e62f-424e-b98e-b25cbef256f0,90.96,RON,Carrefour ref 15123189,2025-10-26T01:54:57+00:00,6e36dc96-4f61-48f4-b69f-4ca617af9323,
e222af50-a131-4298-b292-d4d14e437186,34.13,RON,Glovo ref 95276090,2025-10-26T02:55:57+00:00,56cc310a-2a4b-4ab3-87df-66009aa0bf74,
fca5976e-1426-4cd3-a9b4-983e9099b032,67.71,RON,Glovo ref 41131150,2025-10-26T03:09:57+00:00,6e36dc96-4f61-48f4-b69f-4ca617af9323,
8a375205-a6f8-4523-963b-fb8fa5480fff,30.71,RON,Lidl ref 93494012,2025-10-26T04:09:57+00:00,d3228db7-ef32-4e3e-8fa9-f9f8a84cc34d,
ba44abaa-e646-4f78-9f18-46da25953e92,175.98,RON,OMV benzina ref 55044318,2025-10-26T04:35:57+00:00,97c83e0a-8a40-4c3e-b8e3-ae37cffa9985,
dfcaf0b7-19b1-4e80-9ea4-ae1754fd9ad3,36.5,RON,Mega Image ref 89212676,2025-10-26T14:47:57+00:00,bdd640fb-0667-4ad1-9c80-317fa3b1799d,
d8460625-0eff-40c1-ae3a-9584adf538fc,47.15,RON,Carrefour ref 90410932,2025-10-26T16:18:57+00:00,7bf7bf91-9958-41e0-bb31-0f54e9f410c9,
dd830ad5-4807-4e13-bc71-dd892d1a6739,166.4,RON,Carrefour ref 62874758,2025-10-26T16:34:57+00:00,82112000-16b4-4f2b-9dee-8ec850f886ea,
855c4d41-a41c-423c-a67f-58115a040879,159.82,RON,OMV benzina ref 12367860,2025-10-26T17:08:57+00:00,97c83e0a-8a40-4c3e-b8e3-ae37cffa9985,
ebbf8941-f571-4881-85dc-b1d61cc379c2,55.56,RON,Mega Image ref 32587572,2025-10-26T17:31:57+00:00,82112000-16b4-4f2b-9dee-8ec850f886ea,
a96f364f-ef4f-4cf4-860c-718e238d09b2,37.83,RON,Lidl ref 98835882,2025-10-26T18:07:57+00:00,d3228db7-ef32-4e3e-8fa9-f9f8a84cc34d,
5df367bd-6cea-49c7-a91a-29c6d7b5e4ae,67.11,RON,Glovo ref 87917276,2025-10-26T18:45:57+00:00,82112000-16b4-4f2b-9dee-8ec850f886ea,
0da4d12b-7542-45ae-afae-95304761e3a7,97.26,RON,Kaufland ref 72607845,2025-10-26T19:29:57+00:00,6e36dc96-4f61-48f4-b69f-4ca617af9323,
2784378f-f84f-46b3-a79f-bfafdef57689,61.61,RON,Glovo ref 65026398,2025-10-26T21:39:57+00:00,bdd640fb-0667-4ad1-9c80-317fa3b1799d,
20478556-d99a-4b6b-acc9-66f1ff96677e,70.05,RON,Glovo ref 82486770,2025-10-26T21:53:57+00:00,d3228db7-ef32-4e3e-8fa9-f9f8a84cc34d,
63ed8c86-5cad-4517-9839-6ae1f63594aa,66.16,RON,Carrefour ref 52672495,2025-10-26T22:07:57+00:00,5588e5c9-786a-4f09-8721-a8cedc57f9c8,
5534184c-b54a-4547-8d20-bdd9aaf0e7c5,63.73,RON,Glovo ref 66324635,2025-10-26T22:34:57+00:00,97c83e0a-8a40-4c3e-b8e3-ae37cffa9985,
d00c4557-0700-47be-bf74-de3911c40271,112.83,RON,Lidl ref 87031282,2025-10-26T22:50:57+00:00,97c83e0a-8a40-4c3e-b8e3-ae37cffa9985,
0fa245dd-1c00-44f5-96da-42a2d76ac2fc,90.37,RON,Kaufland ref 11590663,2025-10-27T00:41:57+00:00,82112000-16b4-4f2b-9dee-8ec850f886ea,
c0afdaf5-67f6-4583-a76c-c750566a3ae3,48.19,RON,Lidl ref 24806583,2025-10-27T04:03:57+00:00,56cc310a-2a4b-4ab3-87df-66009aa0bf74,
55915a3b-1ae6-4fde-82fe-14467b26ae95,356.32,RON,OMV benzina ref 81112794,2025-10-27T04:13:57+00:00,82112000-16b4-4f2b-9dee-8ec850f886ea,
1723199d-bf2c-44a0-ba3c-8a71ff574e2b,99.1,RON,Carrefour ref 48571356,2025-10-27T15:54:57+00:00,bdd640fb-0667-4ad1-9c80-317fa3b1799d,
89ae67cb-9893-427d-9520-4b483a21356c,102.35,RON,Carrefour ref 18303664,2025-10-27T16:06:57+00:00,7bf7bf91-9958-41e0-bb31-0f54e9f410c9,
eee31d47-10ec-46ae-95dd-df38fc9454ae,66.14,RON,Lidl ref 80504712,2025-10-27T17:58:57+00:00,0e5779ec-be1a-470f-ad83-a4c869f8d3e4,
86d3b4ba-83e7-472c-b2fd-af06676af718,119.29,RON,Kaufland ref 70442481,2025-10-27T19:08:57+00:00,97c83e0a-8a40-4c3e-b8e3-ae37cffa9985,
9c492c58-27d4-4c69-8189-03115329981d,48.91,RON,Mega Image ref 46750726,2025-10-27T19:29:57+00:00,97c83e0a-8a40-4c3e-b8e3-ae37cffa9985,
40a728c5-ee7b-4ff1-9fb8-56ea9c674954,113.64,RON,Farmacia Tei ref 42975698,2025-10-27T19:44:57+00:00,6e36dc96-4f61-48f4-b69f-4ca617af9323,
a075e927-5110-4492-b442-7e0b61484bb3,44.6,RON,Mega Image ref 81621574,2025-10-27T20:33:57+00:00,bdd640fb-0667-4ad1-9c80-317fa3b1799d,
dd69a596-2dba-433f-8a12-c64f921c5875,64.86,RON,Kaufland ref 24848878,2025-10-27T20:52:57+00:00,aa7898aa-95b2-468b-ac92-275a68599dc4,
b5d2bf7f-764d-4e7c-8e49-d0f92cc5c9de,76.8,RON,Glovo ref 65635129,2025-10-27T21:19:57+00:00,0e5779ec-be1a-470f-ad83-a4c869f8d3e4,
cfcb1035-4c2b-4e78-986b-4a55a7078710,133.8,RON,Kaufland ref 40064417,2025-10-27T21:50:57+00:00,33a2f3d5-7d4c-460f-ba3e-5b7745b7b856,
3a779e3d-07ee-4f1f-a1d4-1d95f0ccff7a,154.47,RON,Dedeman ref 85007742,2025-10-27T22:13:57+00:00,6e36dc96-4f61-48f4-b69f-4ca617af9323,
f1cec1c7-f914-4fa7-a8af-72474d76fc68,34.04,RON,Farmacia Tei ref 98972058,2025-10-27T22:16:57+00:00,82112000-16b4-4f2b-9dee-8ec850f886ea,
e6cddd88-d0e2-45fc-9d85-a8385aa65fb8,46.37,RON,Lidl ref 14955162,2025-10-28T00:31:57+00:00,5588e5c9-786a-4f09-8721-a8cedc57f9c8,
64657945-8852-487c-891e-daa2809709fa,115.93,RON,Carrefour ref 52651051,2025-10-28T01:19:57+00:00,aa7898aa-95b2-468b-ac92-275a68599dc4,
37bea260-c053-4253-9a1e-490d6894844f,104.19,RON,Lidl ref 83829193,2025-10-28T03:26:57+00:00,aa7898aa-95b2-468b-ac92-275a68599dc4,
3d2cf1df-03d2-4b95-b695-733284899db3,83.78,RON,Kaufland ref 26249597,2025-10-28T04:32:57+00:00,12cbffe1-d83b-42c0-8120-8703b8fbd5c6,
90ef62ce-e256-4ff0-a352-f76d3c0b9507,57.32,RON,Carrefour ref 56066587,2025-10-28T14:46:57+00:00,2eb300a6-bd34-43d9-94c9-8697b97c5ba7,
20a038fc-6a4a-4676-ba56-7dd03a61c7f5,95.41,RON,Carrefour ref 74817663,2025-10-28T16:05:57+00:00,56cc310a-2a4b-4ab3-87df-66009aa0bf74,
74edb5b3-9d71-4487-9338-825de73c4467,43.03,RON,Glovo ref 84042052,2025-10-28T16:05:57+00:00,818e12e2-7146-4ffe-a877-ba23cf63df5b,
29f8212a-2f84-4b62-904c-264719aabe5a,187.16,RON,Carrefour ref 96219997,2025-10-28T18:54:57+00:00,02c27ee1-ff57-48d4-82c7-6cf491fd62b9,
24c6ab6d-d13f-4c1a-99ad-d770308d2579,310.18,RON,Dedeman ref 39127109,2025-10-28T20:06:57+00:00,02c27ee1-ff57-48d4-82c7-6cf491fd62b9,
3e83b91f-2544-4fe0-ae41-7d475ff595ea,30.01,RON,Lidl ref 58112135,2025-10-28T20:29:57+00:00,bdd640fb-0667-4ad1-9c80-317fa3b1799d,
ca5701db-4125-44ac-8fe1-8ed75451480e,125.83,RON,Carrefour ref 74703773,2025-10-28T20:38:57+00:00,82112000-16b4-4f2b-9dee-8ec850f886ea,
2d11ebc9-6515-4fc3-92b7-60dfc55c08f7,99.1,RON,Glovo ref 24403806,2025-10-28T21:21:57+00:00,33a2f3d5-7d4c-460f-ba3e-5b7745b7b856,
924b8628-db23-4e26-8fae-d0f14cfaa5ba,81.35,RON,Kaufland ref 96553522,2025-10-28T23:40:57+00:00,818e12e2-7146-4ffe-a877-ba23cf63df5b,
01f73517-7c4a-42db-a105-06680e49a743,66.58,RON,Carrefour ref 90462702,2025-10-28T23:55:57+00:00,7bf7bf91-9958-41e0-bb31-0f54e9f410c9,
cd6a227b-6855-422d-8a35-c6b2f6311f57,82.0,RON,Lidl ref 83005924,2025-10-29T00:05:57+00:00,d3228db7-ef32-4e3e-8fa9-f9f8a84cc34d,
8f8aac4c-6de0-4e75-b440-fa6f5010052f,38.83,RON,Mega Image ref 70801480,2025-10-29T00:26:57+00:00,d3228db7-ef32-4e3e-8fa9-f9f8a84cc34d,
e40166ff-001b-40f8-b584-5ce37af583c7,61.72,RON,Farmacia Tei ref 76411958,2025-10-29T01:20:57+00:00,6e36dc96-4f61-48f4-b69f-4ca617af9323,
e746ccb9-4ca9-4f07-b1aa-0f6a2a96e1e2,139.4,RON,Kaufland ref 69549527,2025-10-29T01:24:57+00:00,bdd640fb-0667-4ad1-9c80-317fa3b1799d,
cfed7556-67af-4e2b-aae8-de7f6192ac1e,29.11,RON,Mega Image ref 23300232,2025-10-29T01:39:57+00:00,97c83e0a-8a40-4c3e-b8e3-ae37cffa9985,
6cf227db-e7c8-4a53-8b92-736ab1b7606a,68.54,RON,Glovo ref 82565667,2025-10-29T02:43:57+00:00,12cbffe1-d83b-42c0-8120-8703b8fbd5c6,
c34fb3a9-5584-4e58-9472-1e33885cc793,45.0,RON,Glovo ref 10447935,2025-10-29T03:50:57+00:00,aa7898aa-95b2-468b-ac92-275a68599dc4,
24a35cf2-9549-4931-a9af-299d7f671eec,97.92,RON,Carrefour ref 42323627,2025-10-29T04:03:57+00:00,bdd640fb-0667-4ad1-9c80-317fa3b1799d,
4a40c1e3-3065-44c7-a595-49c0b1d192d1,119.29,RON,Kaufland ref 15368933,2025-10-29T04:20:57+00:00,2eb300a6-bd34-43d9-94c9-8697b97c5ba7,
771e996c-a3aa-46dd-9732-c46f36b37e52,23.91,RON,Mega Image ref 45046063,2025-10-29T14:44:57+00:00,2eb300a6-bd34-43d9-94c9-8697b97c5ba7,
7cf4437e-0d33-4e35-a25b-0887580d806b,160.47,RON,OMV benzina ref 88876432,2025-10-29T14:45:57+00:00,97c83e0a-8a40-4c3e-b8e3-ae37cffa9985,
3524a3e3-a654-45ca-94f4-54314e212285,68.45,RON,Lidl ref 80529906,2025-10-29T14:47:57+00:00,d3228db7-ef32-4e3e-8fa9-f9f8a84cc34d,
c2ae7799-986e-4827-8d94-c5c93b1e27d9,51.71,RON,Lidl ref 90476326,2025-10-29T14:53:57+00:00,56cc310a-2a4b-4ab3-87df-66009aa0bf74,
516517e2-ae8d-4791-b2c6-fc30bb25911a,104.65,RON,Kaufland ref 95789525,2025-10-29T15:45:57+00:00,2eb300a6-bd34-43d9-94c9-8697b97c5ba7,
16d312b4-cdc2-4320-a10b-f5beceb53406,40.12,RON,Lidl ref 80639939,2025-10-29T16:37:57+00:00,97c83e0a-8a40-4c3e-b8e3-ae37cffa9985,
e4871ab3-aa79-4de7-a760-49771fca0f16,55.38,RON,Mega Image ref 73423402,2025-10-29T19:19:57+00:00,0e5779ec-be1a-470f-ad83-a4c869f8d3e4,
5503b3e2-adc3-4d66-99aa-5d3fe9912230,46.72,RON,Mega Image ref 17871521,2025-10-29T19:38:57+00:00,56cc310a-2a4b-4ab3-87df-66009aa0bf74,
2e6e7c83-7c3f-48af-8fe3-63b60ede6c9e,78.78,RON,Mega Image ref 64354093,2025-10-29T19:38:57+00:00,82112000-16b4-4f2b-9dee-8ec850f886ea,
9809c9e5-42fe-4589-9db0-0973203a604d,115.68,RON,Kaufland ref 28578556,2025-10-29T21:23:57+00:00,56cc310a-2a4b-4ab3-87df-66009aa0bf74,
423539de-10da-482b-a954-4e994f8c9946,106.56,RON,Carrefour ref 63150482,2025-10-29T21:50:57+00:00,56cc310a-2a4b-4ab3-87df-66009aa0bf74,
9e2109d7-20e5-4c13-b0bd-25965e7d758a,27.59,RON,Glovo ref 69494529,2025-10-29T23:54:57+00:00,d3228db7-ef32-4e3e-8fa9-f9f8a84cc34d,
a0bf8d48-99c2-492b-8d7b-5bd3d689b63b,156.66,RON,Kaufland ref 38922924,2025-10-30T00:20:57+00:00,6e36dc96-4f61-48f4-b69f-4ca617af9323,
0fc93b0b-0439-4dca-bfb3-cb3237bbfa61,58.27,RON,Farmacia Tei ref 63807671,2025-10-30T00:32:57+00:00,33a2f3d5-7d4c-460f-ba3e-5b7745b7b856,
8f8822b7-de5b-42f7-afa0-88860a381313,67.32,RON,Glovo ref 44772628,2025-10-30T00:34:57+00:00,02c27ee1-ff57-48d4-82c7-6cf491fd62b9,
fe8c9aab-7e38-4a19-86f7-b20ac3c49506,37.21,RON,Glovo ref 26019511,2025-10-30T02:20:57+00:00,0e5779ec-be1a-470f-ad83-a4c869f8d3e4,
cc145445-9c41-4132-ab1c-ad6920394286,124.14,RON,OMV benzina ref 45687853,2025-10-30T15:19:57+00:00,56cc310a-2a4b-4ab3-87df-66009aa0bf74,
114d830a-f692-42d4-8a2d-9acef44760c6,102.51,RON,Kaufland ref 23144653,2025-10-30T16:26:57+00:00,82112000-16b4-4f2b-9dee-8ec850f886ea,
424c4c8f-638b-423c-93c4-b8acadc75326,206.96,RON,Kaufland ref 58144301,2025-10-30T16:29:57+00:00,33a2f3d5-7d4c-460f-ba3e-5b7745b7b856,
5b21c9f0-f485-4088-a97f-b025a2e11798,38.86,RON,Glovo ref 66306216,2025-10-30T16:42:57+00:00,0e5779ec-be1a-470f-ad83-a4c869f8d3e4,
f1a19dab-7303-4903-8274-9f61431b9f9f,62.02,RON,Kaufland ref 76657561,2025-10-30T17:25:57+00:00,5588e5c9-786a-4f09-8721-a8cedc57f9c8,
0803c776-592e-4ea3-acf9-a304372360b1,105.26,RON,Glovo ref 92678087,2025-10-30T18:45:57+00:00,82112000-16b4-4f2b-9dee-8ec850f886ea,
b17aff6d-e0d9-4670-b606-fa3451d69f11,226.37,RON,OMV benzina ref 29614192,2025-10-30T18:49:57+00:00,0e5779ec-be1a-470f-ad83-a4c869f8d3e4,
a0c69223-c435-4252-b19d-d940838cc137,70.49,RON,Farmacia Tei ref 20311502,2025-10-30T19:12:57+00:00,0e5779ec-be1a-470f-ad83-a4c869f8d3e4,
29e0a292-4e61-4940-8d16-aeab72c8b629,45.66,RON,Glovo ref 46627666,2025-10-30T20:18:57+00:00,56cc310a-2a4b-4ab3-87df-66009aa0bf74,
4123774f-0b83-47e5-a63d-711c758b6422,19.94,RON,Mega Image ref 67815266,2025-10-30T22:25:57+00:00,82112000-16b4-4f2b-9dee-8ec850f886ea,
d6dac7e5-4cea-41b6-9f00-15920e337a77,125.42,RON,Lidl ref 96969642,2025-10-30T23:08:57+00:00,33a2f3d5-7d4c-460f-ba3e-5b7745b7b856,
babe8c1a-b015-4679-aea3-ec22dfa7324a,86.54,RON,Glovo ref 36227667,2025-10-31T01:02:57+00:00,33a2f3d5-7d4c-460f-ba3e-5b7745b7b856,
93447b2f-bba3-4668-8334-e5245f8a2e3c,62.38,RON,Mega Image ref 26050250,2025-10-31T01:09:57+00:00,0e5779ec-be1a-470f-ad83-a4c869f8d3e4,
d21689bd-eff3-490b-bc1d-b4bcc00962b6,90.24,RON,Glovo ref 26510228,2025-10-31T16:14:57+00:00,82112000-16b4-4f2b-9dee-8ec850f886ea,
6d926283-4343-4652-bdfa-6b7959fd7782,150.76,RON,Carrefour ref 53106673,2025-10-31T18:02:57+00:00,97c83e0a-8a40-4c3e-b8e3-ae37cffa9985,
88bd6b36-ca86-4f51-b527-390c646fa3f0,77.51,RON,Carrefour ref 85391278,2025-10-31T18:29:57+00:00,6e36dc96-4f61-48f4-b69f-4ca617af9323,
dd0a4a6e-82e6-414d-8d53-a19063abbef5,128.18,RON,Kaufland ref 97793969,2025-10-31T19:40:57+00:00,aa7898aa-95b2-468b-ac92-275a68599dc4,
5e67a69b-4707-4dc4-a186-bfbdff7ac5b0,41.18,RON,Mega Image ref 23752970,2025-10-31T20:29:57+00:00,818e12e2-7146-4ffe-a877-ba23cf63df5b,
059dd55d-4b94-4e30-b303-f438fe2110d0,53.35,RON,Lidl ref 49711319,2025-10-31T21:15:57+00:00,bdd640fb-0667-4ad1-9c80-317fa3b1799d,
99bc1a56-3cb5-4d09-abf2-4e8333998952,70.81,RON,Kaufland ref 36465567,2025-10-31T21:32:57+00:00,d3228db7-ef32-4e3e-8fa9-f9f8a84cc34d,
9858b9c8-ed9c-4156-b492-cb524be9e426,94.69,RON,Lidl ref 83747638,2025-10-31T21:47:57+00:00,12cbffe1-d83b-42c0-8120-8703b8fbd5c6,
c8009f5e-3139-412d-b881-efd7f6fa5eb6,129.57,RON,Carrefour ref 52806362,2025-10-31T22:29:57+00:00,7bf7bf91-9958-41e0-bb31-0f54e9f410c9,
c59e49fc-90ad-46b0-930f-d1fd72ee7462,24.9,RON,Mega Image ref 92265987,2025-10-31T23:07:57+00:00,2eb300a6-bd34-43d9-94c9-8697b97c5ba7,
4f8ccb0b-ee6f-43f3-8a5e-6705d1f80fcf,67.48,RON,Kaufland ref 11926705,2025-11-01T03:06:57+00:00,7bf7bf91-9958-41e0-bb31-0f54e9f410c9,
5228e8ca-0a23-46f2-b77c-e6048e8b30da,76.89,RON,Glovo ref 74208442,2025-11-01T15:54:57+00:00,5588e5c9-786a-4f09-8721-a8cedc57f9c8,
c674d18b-b3a0-4c14-9432-b7be4b1e295e,16.08,RON,Mega Image ref 61720348,2025-11-01T16:00:57+00:00,d3228db7-ef32-4e3e-8fa9-f9f8a84cc34d,
758daaee-760f-4d95-93dd-bda134fe6da8,47.42,RON,Kaufland ref 14145953,2025-11-01T16:57:57+00:00,aa7898aa-95b2-468b-ac92-275a68599dc4,
db468277-34d1-4432-abdb-d9366a45cad0,36.78,RON,Lidl ref 66163303,2025-11-01T17:08:57+00:00,818e12e2-7146-4ffe-a877-ba23cf63df5b,
b270720f-0fc3-4695-b33c-d4359c940c89,51.33,RON,Kaufland ref 20771474,2025-11-01T17:28:57+00:00,5588e5c9-786a-4f09-8721-a8cedc57f9c8,
9d09a404-8f04-4721-a5a5-829ecb8c1d76,52.5,RON,Glovo ref 35288872,2025-11-01T17:48:57+00:00,0e5779ec-be1a-470f-ad83-a4c869f8d3e4,
d1bb4400-af51-4617-8d94-702d213c41b5,167.85,RON,Kaufland ref 65039280,2025-11-01T17:48:57+00:00,6e36dc96-4f61-48f4-b69f-4ca617af9323,
497684e9-8018-47c1-b4d4-b5996b424530,66.71,RON,Lidl ref 17523876,2025-11-01T17:59:57+00:00,12cbffe1-d83b-42c0-8120-8703b8fbd5c6,
91bcb810-9425-4ef2-a2af-a5deb75266a5,322.56,RON,Dedeman ref 97638683,2025-11-01T18:08:57+00:00,82112000-16b4-4f2b-9dee-8ec850f886ea,
a0d4de3d-2303-46c6-969d-42f1ae4c84ff,24.65,RON,Mega Image ref 98473848,2025-11-01T18:18:57+00:00,bdd640fb-0667-4ad1-9c80-317fa3b1799d,
8a16a06c-c958-475e-a1d5-3971336749b5,63.01,RON,Glovo ref 33574011,2025-11-01T18:59:57+00:00,bdd640fb-0667-4ad1-9c80-317fa3b1799d,
07c2bb9d-73d7-466b-bc8b-fc72912855ef,250.86,RON,OMV benzina ref 47152167,2025-11-01T19:04:57+00:00,6e36dc96-4f61-48f4-b69f-4ca617af9323,
55812914-a1f3-45bc-a580-64de1bc00450,59.21,RON,Glovo ref 17273581,2025-11-01T21:00:57+00:00,7bf7bf91-9958-41e0-bb31-0f54e9f410c9,
099e4cc2-ada1-4327-bd2d-7f735e9b8b75,255.05,RON,OMV benzina ref 38295629,2025-11-01T21:16:57+00:00,5588e5c9-786a-4f09-8721-a8cedc57f9c8,
ea04ce07-f324-41e9-9357-23d1005f4cbf,56.34,RON,Mega Image ref 87465250,2025-11-01T21:58:57+00:00,97c83e0a-8a40-4c3e-b8e3-ae37cffa9985,
55f50e8b-57e3-45de-aaaa-0e65dbf1f154,139.79,RON,Carrefour ref 33273412,2025-11-01T22:19:57+00:00,818e12e2-7146-4ffe-a877-ba23cf63df5b,
29dcd31e-e9ab-4bc8-84e6-e27c6e681e0b,45.0,RON,Mega Image ref 32302166,2025-11-01T23:40:57+00:00,56cc310a-2a4b-4ab3-87df-66009aa0bf74,
2367a2cc-4b18-4203-8766-02998429fd10,53.15,RON,Farmacia Tei ref 33513225,2025-11-01T23:51:57+00:00,02c27ee1-ff57-48d4-82c7-6cf491fd62b9,
5f7ddbb1-480a-4e9f-84a6-d693230f1e69,142.02,RON,Kaufland ref 11731095,2025-11-02T00:01:57+00:00,0e5779ec-be1a-470f-ad83-a4c869f8d3e4,
9b689c88-3ae9-49fe-8c82-18dac696f5e6,95.95,RON,Kaufland ref 48412328,2025-11-02T00:26:57+00:00,bdd640fb-0667-4ad1-9c80-317fa3b1799d,
67900f88-ec94-4428-8350-fed2754c7cc6,159.64,RON,Kaufland ref 50335593,2025-11-02T01:13:57+00:00,97c83e0a-8a40-4c3e-b8e3-ae37cffa9985,
93cbf160-1ca7-453d-bdab-c954cf52b7f4,22.41,RON,Mega Image ref 61207235,2025-11-02T01:15:57+00:00,5588e5c9-786a-4f09-8721-a8cedc57f9c8,
bb7bee03-5d67-4bb1-945e-f2e4088a93ec,134.18,RON,OMV benzina ref 69166287,2025-11-02T01:20:57+00:00,bdd640fb-0667-4ad1-9c80-317fa3b1799d,
b40303c4-09b6-458c-931c-387a0411f8dd,96.92,RON,Dedeman ref 85533391,2025-11-02T01:51:57+00:00,56cc310a-2a4b-4ab3-87df-66009aa0bf74,
217c82b1-c884-4ac6-a19a-4805e03a0ab6,24.51,RON,Mega Image ref 64282556,2025-11-02T03:02:57+00:00,7bf7bf91-9958-41e0-bb31-0f54e9f410c9,
919e31c8-1a59-43fa-9fd8-6e7f0c7ed2be,91.92,RON,Kaufland ref 78662541,2025-11-02T03:18:57+00:00,818e12e2-7146-4ffe-a877-ba23cf63df5b,
7a391c7e-cc19-45b3-aae6-47bf87bafe02,22.21,RON,Mega Image ref 61619094,2025-11-02T03:33:57+00:00,2eb300a6-bd34-43d9-94c9-8697b97c5ba7,
6a8c0fc8-2906-47d2-aff4-931d32f8d1ea,24.38,RON,Mega Image ref 10416997,2025-11-02T14:39:57+00:00,d3228db7-ef32-4e3e-8fa9-f9f8a84cc34d,
e3c51ba8-7122-47a0-9129-72d323966b83,74.39,RON,Carrefour ref 58663129,2025-11-02T15:09:57+00:00,0e5779ec-be1a-470f-ad83-a4c869f8d3e4,
62a40afe-dcb7-4b1f-b85f-a1adfedb5a32,106.94,RON,Carrefour ref 79762014,2025-11-02T15:22:57+00:00,aa7898aa-95b2-468b-ac92-275a68599dc4,
a8fc2c6b-ef6e-44b4-9bdc-24604e5909d7,191.66,RON,OMV benzina ref 81318173,2025-11-02T15:31:57+00:00,d3228db7-ef32-4e3e-8fa9-f9f8a84cc34d,
aca5e2fd-b966-442a-ad23-8d36dc322c97,48.36,RON,Mega Image ref 40281491,2025-11-02T15:48:57+00:00,bdd640fb-0667-4ad1-9c80-317fa3b1799d,
99f0320b-c3fc-460d-9be6-61596259a97c,160.5,RON,Kaufland ref 91222606,2025-11-02T15:50:57+00:00,33a2f3d5-7d4c-460f-ba3e-5b7745b7b856,
4c19b936-eb25-447f-9331-89419f46e04f,56.35,RON,Kaufland ref 59772640,2025-11-02T15:58:57+00:00,97c83e0a-8a40-4c3e-b8e3-ae37cffa9985,
a3401a32-eab4-4a1d-b488-9b6c81db518c,43.28,RON,Lidl ref 95330591,2025-11-02T17:03:57+00:00,12cbffe1-d83b-42c0-8120-8703b8fbd5c6,
8d54f365-01fe-4e15-af4a-83c555ccac24,116.28,RON,Lidl ref 63903644,2025-11-02T19:11:57+00:00,97c83e0a-8a40-4c3e-b8e3-ae37cffa9985,
4fcfc66c-a519-4e6f-9738-d6eddd5ab402,54.53,RON,Lidl ref 19066901,2025-11-02T19:32:57+00:00,56cc310a-2a4b-4ab3-87df-66009aa0bf74,
7ba4a360-b74c-4e92-8d5b-fbb52645b664,201.46,RON,Kaufland ref 76368256,2025-11-02T20:21:57+00:00,82112000-16b4-4f2b-9dee-8ec850f886ea,
6eba4271-26be-4422-8fbb-7b4b78ef4ad7,76.41,RON,Kaufland ref 89849407,2025-11-02T21:28:57+00:00,d3228db7-ef32-4e3e-8fa9-f9f8a84cc34d,
42a85922-247f-401b-a4d7-8394daedaaa4,105.1,RON,Carrefour ref 36679835,2025-11-02T22:50:57+00:00,82112000-16b4-4f2b-9dee-8ec850f886ea,
1e215b9b-3ec3-4e7a-b5a2-d9d09ea02b25,30.43,RON,Glovo ref 45888559,2025-11-02T23:44:57+00:00,d3228db7-ef32-4e3e-8fa9-f9f8a84cc34d,
e7f2fb68-505b-4a66-9bcf-a9c498f7cf15,29.03,RON,Mega Image ref 46525379,2025-11-03T00:02:57+00:00,97c83e0a-8a40-4c3e-b8e3-ae37cffa9985,
4b4af20d-26f3-4f26-acc6-c3c21e50661f,55.93,RON,Kaufland ref 35063557,2025-11-03T01:06:57+00:00,7bf7bf91-9958-41e0-bb31-0f54e9f410c9,
d7bde1f5-5408-406f-9587-d203dcad3105,61.06,RON,Glovo ref 53094912,2025-11-03T01:09:57+00:00,02c27ee1-ff57-48d4-82c7-6cf491fd62b9,
d862f29f-eba0-4ef0-b3d0-371dd3382bd8,37.79,RON,Glovo ref 28327026,2025-11-03T01:29:57+00:00,818e12e2-7146-4ffe-a877-ba23cf63df5b,
f147c1da-6dcf-4632-869f-358a1b8ce786,52.44,RON,Mega Image ref 18717075,2025-11-03T02:37:57+00:00,12cbffe1-d83b-42c0-8120-8703b8fbd5c6,
c1121a9a-ac58-432b-9b5c-269cf266edc3,99.92,RON,Glovo ref 29452948,2025-11-03T02:48:57+00:00,12cbffe1-d83b-42c0-8120-8703b8fbd5c6,
cde22f1c-56b6-4afc-9ed2-55d0bf1e8366,100.24,RON,Lidl ref 49613214,2025-11-03T04:09:57+00:00,bdd640fb-0667-4ad1-9c80-317fa3b1799d,
378629df-3f4e-45ce-92e9-d58c20963d9e,29.66,RON,Glovo ref 98161970,2025-11-03T04:09:57+00:00,33a2f3d5-7d4c-460f-ba3e-5b7745b7b856,
21f337f7-d90a-41cf-864e-e430a5679365,49.94,RON,Carrefour ref 37146002,2025-11-03T04:14:57+00:00,818e12e2-7146-4ffe-a877-ba23cf63df5b,
ac663647-36a4-4599-bef0-58b3fc141344,79.74,RON,Mega Image ref 48164274,2025-11-03T15:24:57+00:00,02c27ee1-ff57-48d4-82c7-6cf491fd62b9,
5af83ec8-04ce-48eb-92a4-3f2529b3c998,30.61,RON,Glovo ref 89083928,2025-11-03T15:37:57+00:00,6e36dc96-4f61-48f4-b69f-4ca617af9323,
92ee6b22-c3de-45e3-b3d1-467932f8cb32,145.68,RON,Lidl ref 93902828,2025-11-03T16:08:57+00:00,82112000-16b4-4f2b-9dee-8ec850f886ea,
e1df8da4-06bb-4111-9cc4-444d2dc22505,80.39,RON,Farmacia Tei ref 27918554,2025-11-03T16:27:57+00:00,97c83e0a-8a40-4c3e-b8e3-ae37cffa9985,
c8b62c18-c355-453e-b0d9-751c6cc0067f,30.44,RON,Glovo ref 20550179,2025-11-03T16:52:57+00:00,0e5779ec-be1a-470f-ad83-a4c869f8d3e4,
45bb7f89-bc64-44c1-a0eb-2ef0df9653e8,56.52,RON,Glovo ref 51745645,2025-11-03T17:18:57+00:00,d3228db7-ef32-4e3e-8fa9-f9f8a84cc34d,
38ab854c-9c2e-48de-aa4e-361753f8382b,14.02,RON,Mega Image ref 85350823,2025-11-03T18:09:57+00:00,bdd640fb-0667-4ad1-9c80-317fa3b1799d,
b1b9fd9d-db58-4dd9-a0f3-6e9238ec71aa,50.88,RON,Mega Image ref 25917805,2025-11-03T18:40:57+00:00,0e5779ec-be1a-470f-ad83-a4c869f8d3e4,
9943d04b-7e22-429a-9e86-b8f8668a9942,67.56,RON,Lidl ref 26769289,2025-11-03T18:50:57+00:00,56cc310a-2a4b-4ab3-87df-66009aa0bf74,
0175d981-87aa-4162-9563-91411b63d9e6,36.92,RON,Kaufland ref 78663550,2025-11-03T19:53:57+00:00,2eb300a6-bd34-43d9-94c9-8697b97c5ba7,
47eb1172-2d47-484c-943d-9bff1a89383c,45.4,RON,Kaufland ref 13724394,2025-11-03T20:18:57+00:00,7bf7bf91-9958-41e0-bb31-0f54e9f410c9,
ff5c1bc4-d47b-45ce-8681-5e3d0b07e0a5,101.54,RON,Lidl ref 39897930,2025-11-03T20:34:57+00:00,818e12e2-7146-4ffe-a877-ba23cf63df5b,
888d7c51-404e-4634-b4e0-270ed0b68d02,57.48,RON,Mega Image ref 77559901,2025-11-03T20:37:57+00:00,7bf7bf91-9958-41e0-bb31-0f54e9f410c9,
2d7e18ad-6a2a-4de6-99a2-574a52e10881,111.53,RON,Carrefour ref 39517309,2025-11-03T20:57:57+00:00,818e12e2-7146-4ffe-a877-ba23cf63df5b,
c29ac829-1cfa-459e-bb81-cab038573461,62.25,RON,Farmacia Tei ref 59955614,2025-11-03T21:45:57+00:00,818e12e2-7146-4ffe-a877-ba23cf63df5b,
8d15d0d3-33a5-4356-91c6-d2ab9f516516,136.33,RON,Kaufland ref 91785816,2025-11-03T21:59:57+00:00,02c27ee1-ff57-48d4-82c7-6cf491fd62b9,
a8e7ebe3-cb05-4a14-8865-1a6e1b99eb83,83.45,RON,Carrefour ref 36353784,2025-11-03T22:27:57+00:00,0e5779ec-be1a-470f-ad83-a4c869f8d3e4,
d2834904-d40b-49dc-a5fd-5412cfc91b52,275.54,RON,Dedeman ref 49320837,2025-11-03T22:31:57+00:00,aa7898aa-95b2-468b-ac92-275a68599dc4,
7b2ff249-6565-4fc1-bb62-f1dc842a4b95,44.49,RON,Carrefour ref 89028730,2025-11-03T22:39:57+00:00,7bf7bf91-9958-41e0-bb31-0f54e9f410c9,
a377f6f1-d289-40ab-a18a-e30595a5bafa,91.1,RON,Kaufland ref 45186708,2025-11-03T22:46:57+00:00,bdd640fb-0667-4ad1-9c80-317fa3b1799d,
8a8294d8-4cfc-46df-866c-8bf948ddd365,87.94,RON,Mega Image ref 23247996,2025-11-03T23:13:57+00:00,12cbffe1-d83b-42c0-8120-8703b8fbd5c6,
10787df6-2817-4345-850b-cf476bb2807a,82.6,RON,Kaufland ref 45140884,2025-11-03T23:15:57+00:00,33a2f3d5-7d4c-460f-ba3e-5b7745b7b856,
87f20e72-dd31-44e2-ad37-d86eb35c8d7e,56.82,RON,Kaufland ref 20235011,2025-11-03T23:20:57+00:00,6e36dc96-4f61-48f4-b69f-4ca617af9323,
0a180020-9942-44cc-ab34-41f79e7637f1,239.78,RON,Dedeman ref 67219211,2025-11-04T01:01:57+00:00,6e36dc96-4f61-48f4-b69f-4ca617af9323,
cfb988f6-5d1a-41a6-b34b-182071603b59,14.14,RON,Mega Image ref 68098551,2025-11-04T02:26:57+00:00,56cc310a-2a4b-4ab3-87df-66009aa0bf74,
e3236d1a-3c1b-4acc-98e1-93311dba1267,73.71,RON,Kaufland ref 76118957,2025-11-04T14:41:57+00:00,bdd640fb-0667-4ad1-9c80-317fa3b1799d,
6b334829-78d1-463b-9d87-f9334c111257,183.88,RON,Carrefour ref 50173448,2025-11-04T15:14:57+00:00,82112000-16b4-4f2b-9dee-8ec850f886ea,
f61a8c46-9f68-4d10-8bfa-c93aba6a78d0,44.34,RON,Mega Image ref 29715953,2025-11-04T15:40:57+00:00,2eb300a6-bd34-43d9-94c9-8697b97c5ba7,
e7f8394b-c91f-4379-96e7-c57b302a2fdf,78.31,RON,Kaufland ref 39323674,2025-11-04T16:17:57+00:00,6e36dc96-4f61-48f4-b69f-4ca617af9323,
c12a34f4-02a1-4629-aae6-f1a14d38a8d0,72.0,RON,Kaufland ref 18891570,2025-11-04T16:37:57+00:00,0e5779ec-be1a-470f-ad83-a4c869f8d3e4,
abac7bf8-2f4d-4c9b-b334-cd07e6b36561,76.55,RON,Lidl ref 88866745,2025-11-04T16:37:57+00:00,0e5779ec-be1a-470f-ad83-a4c869f8d3e4,
dbc25c0c-f9f1-47a4-931e-f1a6c697c35b,38.7,RON,Lidl ref 62442834,2025-11-04T17:07:57+00:00,82112000-16b4-4f2b-9dee-8ec850f886ea,
b8d49cf2-1c9d-4bd3-8aa7-8357c0ea7a67,25.97,RON,Mega Image ref 87821046,2025-11-04T17:33:57+00:00,aa7898aa-95b2-468b-ac92-275a68599dc4,
232e99a8-ec96-4732-848f-0ea106420aa2,41.77,RON,Farmacia Tei ref 35156381,2025-11-04T18:53:57+00:00,97c83e0a-8a40-4c3e-b8e3-ae37cffa9985,
83976c2b-53b9-428c-b4c7-b0cfa323c0bc,360.0,RON,OMV benzina ref 52045139,2025-11-04T19:36:57+00:00,6e36dc96-4f61-48f4-b69f-4ca617af9323,
fdc89a97-ca8b-416c-aee7-d061dd78ecff,20.53,RON,Mega Image ref 89183626,2025-11-04T20:33:57+00:00,56cc310a-2a4b-4ab3-87df-66009aa0bf74,
8e672e35-c95c-4227-bfe9-c0a415144ccf,69.63,RON,Glovo ref 93232625,2025-11-04T20:42:57+00:00,12cbffe1-d83b-42c0-8120-8703b8fbd5c6,
c99496ab-6db7-4a7e-b0a6-d78ba64e2384,100.1,RON,Lidl ref 94458947,2025-11-04T21:24:57+00:00,aa7898aa-95b2-468b-ac92-275a68599dc4,
d3c5b45d-3f84-4a52-b2b8-848074e88fa4,54.0,RON,Glovo ref 54878903,2025-11-04T22:14:57+00:00,56cc310a-2a4b-4ab3-87df-66009aa0bf74,
900de8f5-49a5-4caf-a0f2-4fff3cdd5a7c,54.38,RON,Glovo ref 41782545,2025-11-04T22:55:57+00:00,818e12e2-7146-4ffe-a877-ba23cf63df5b,
7b7a626e-69a8-4da2-888d-21cbcdaf92a0,52.61,RON,Kaufland ref 31306671,2025-11-05T00:36:57+00:00,2eb300a6-bd34-43d9-94c9-8697b97c5ba7,
34f2304b-f2af-42b3-a193-9c989fb0ab0d,45.54,RON,Glovo ref 84986453,2025-11-05T00:37:57+00:00,d3228db7-ef32-4e3e-8fa9-f9f8a84cc34d,
23dfc0ed-af9f-46d6-bc83-e4f462c7e767,98.6,RON,Kaufland ref 94806283,2025-11-05T01:59:57+00:00,82112000-16b4-4f2b-9dee-8ec850f886ea,
ccf6f9f0-2a4a-4336-b93a-de269211e2f5,22.36,RON,Mega Image ref 40971850,2025-11-05T02:02:57+00:00,5588e5c9-786a-4f09-8721-a8cedc57f9c8,
2bcbccd5-5611-4059-b6d3-3ba92780617c,56.54,RON,Lidl ref 89646473,2025-11-05T02:20:57+00:00,2eb300a6-bd34-43d9-94c9-8697b97c5ba7,
1bf6409a-bed6-47e3-a5d5-a95619267252,29.0,RON,Mega Image ref 13119934,2025-11-05T02:30:57+00:00,97c83e0a-8a40-4c3e-b8e3-ae37cffa9985,
71afc5ff-5bbd-4db6-b117-bec0e1ea1d2e,38.24,RON,Lidl ref 89929930,2025-11-05T03:44:57+00:00,7bf7bf91-9958-41e0-bb31-0f54e9f410c9,
daea544a-291a-4905-9a29-fe6b590bd0c6,282.06,RON,OMV benzina ref 87812909,2025-11-05T04:26:57+00:00,0e5779ec-be1a-470f-ad83-a4c869f8d3e4,
6a35df59-e2aa-4a5d-a78e-d00dba0266ef,6750.29,RON,Salariu,2025-11-05T06:39:57+00:00,,bdd640fb-0667-4ad1-9c80-317fa3b1799d
7d45d8ef-d56c-48ea-9959-7b5aa7a8f636,24.99,RON,Spotify,2025-11-05T06:39:57+00:00,bdd640fb-0667-4ad1-9c80-317fa3b1799d,
c363f61f-9400-4191-91d0-6bcd195efd72,12351.06,RON,Salariu,2025-11-05T06:39:57+00:00,,0e5779ec-be1a-470f-ad83-a4c869f8d3e4
b73f6e64-378d-4f8d-8761-f9da039479c1,24.99,RON,Spotify,2025-11-05T06:39:57+00:00,0e5779ec-be1a-470f-ad83-a4c869f8d3e4,
547c9030-18dd-4aea-83b6-c6ef35c82133,5381.4,RON,Salariu,2025-11-05T06:39:57+00:00,,aa7898aa-95b2-468b-ac92-275a68599dc4
754f595f-12f6-48e6-b197-603ca45c7178,24.99,RON,Spotify,2025-11-05T06:39:57+00:00,aa7898aa-95b2-468b-ac92-275a68599dc4,
2a031bf9-da4d-4948-835b-fa43cae322c3,5648.15,RON,Salariu,2025-11-05T06:39:57+00:00,,7bf7bf91-9958-41e0-bb31-0f54e9f410c9
137de405-6ccc-4672-8fde-82ada37ae656,24.99,RON,Spotify,2025-11-05T06:39:57+00:00,7bf7bf91-9958-41e0-bb31-0f54e9f410c9,
66dcf5de-65ff-4b15-b477-0dfe08a5251c,5655.08,RON,Salariu,2025-11-05T06:39:57+00:00,,02c27ee1-ff57-48d4-82c7-6cf491fd62b9
7a678b77-bae8-43cc-8c7a-13dcedb767a6,24.99,RON,Spotify,2025-11-05T06:39:57+00:00,02c27ee1-ff57-48d4-82c7-6cf491fd62b9,
7b3d2792-ef2b-4115-850a-a77b3f0bc49b,6060.09,RON,Salariu,2025-11-05T06:39:57+00:00,,56cc310a-2a4b-4ab3-87df-66009aa0bf74
3fa11c73-5723-48eb-86f8-d2033b816a01,24.99,RON,Spotify,2025-11-05T06:39:57+00:00,56cc310a-2a4b-4ab3-87df-66009aa0bf74,
02113207-eec5-4bcc-a7d9-b0ce55ecf7e6,8327.13,RON,Salariu,2025-11-05T06:39:57+00:00,,5588e5c9-786a-4f09-8721-a8cedc57f9c8
a6a96b78-9152-494b-be8a-1f48cb1030a2,24.99,RON,Spotify,2025-11-05T06:39:57+00:00,5588e5c9-786a-4f09-8721-a8cedc57f9c8,
79115d8e-15c0-41f2-80bd-494b69e6adf4,10719.62,RON,Salariu,2025-11-05T06:39:57+00:00,,33a2f3d5-7d4c-460f-ba3e-5b7745b7b856
e83dcf21-fcd9-4e7a-aa9b-60e96f8c370e,24.99,RON,Spotify,2025-11-05T06:39:57+00:00,33a2f3d5-7d4c-460f-ba3e-5b7745b7b856,
17dbade1-d879-42df-b9df-10756ad0692b,9195.15,RON,Salariu,2025-11-05T06:39:57+00:00,,6e36dc96-4f61-48f4-b69f-4ca617af9323
7af9d8e1-2caf-4445-8f90-2f37a6d2c88e,24.99,RON,Spotify,2025-11-05T06:39:57+00:00,6e36dc96-4f61-48f4-b69f-4ca617af9323,
7c608faa-d8e5-4f0b-8f3a-e537c4310ddd,4272.19,RON,Salariu,2025-11-05T06:39:57+00:00,,2eb300a6-bd34-43d9-94c9-8697b97c5ba7
5dc1aba0-0e3b-4441-b3d0-3eba59d23f31,24.99,RON,Spotify,2025-11-05T06:39:57+00:00,2eb300a6-bd34-43d9-94c9-8697b97c5ba7,
6a3aab9e-9640-4efc-af3f-fdd6ded7f325,11834.0,RON,Salariu,2025-11-05T06:39:57+00:00,,818e12e2-7146-4ffe-a877-ba23cf63df5b
855abea1-f384-4cb9-9d24-ded640dfa59a,24.99,RON,Spotify,2025-11-05T06:39:57+00:00,818e12e2-7146-4ffe-a877-ba23cf63df5b,
8c2c4d55-9952-4520-ac57-d63015aa46cc,7310.52,RON,Salariu,2025-11-05T06:39:57+00:00,,97c83e0a-8a40-4c3e-b8e3-ae37cffa9985
749fb0b3-7695-4047-9c05-4714a771426c,24.99,RON,Spotify,2025-11-05T06:39:57+00:00,97c83e0a-8a40-4c3e-b8e3-ae37cffa9985,
18316028-a3d9-4386-914c-ec16bf365ea0,4764.6,RON,Salariu,2025-11-05T06:39:57+00:00,,d3228db7-ef32-4e3e-8fa9-f9f8a84cc34d
5ca50379-f783-4d33-98ed-4c570a0a056b,24.99,RON,Spotify,2025-11-05T06:39:57+00:00,d3228db7-ef32-4e3e-8fa9-f9f8a84cc34d,
9fd05630-c5fb-42b5-bde9-27bd2893343f,13610.85,RON,Salariu,2025-11-05T06:39:57+00:00,,12cbffe1-d83b-42c0-8120-8703b8fbd5c6
b003ac94-24ed-4914-92bc-b3cd5017d830,24.99,RON,Spotify,2025-11-05T06:39:57+00:00,12cbffe1-d83b-42c0-8120-8703b8fbd5c6,
7e2c8ec8-f828-40ab-bd00-6d9ca3baa605,11396.61,RON,Salariu,2025-11-05T06:39:57+00:00,,82112000-16b4-4f2b-9dee-8ec850f886ea
9577af0e-d68c-4674-823a-71e099ec16a2,24.99,RON,Spotify,2025-11-05T06:39:57+00:00,82112000-16b4-4f2b-9dee-8ec850f886ea,
0bdd4c45-8374-4669-880d-ccfab681a7c4,51.14,RON,Mega Image ref 84099045,2025-11-05T16:06:57+00:00,818e12e2-7146-4ffe-a877-ba23cf63df5b,
bc443508-3a93-41f7-8050-8324875cf067,56.43,RON,Kaufland ref 37365779,2025-11-05T16:37:57+00:00,7bf7bf91-9958-41e0-bb31-0f54e9f410c9,
90441ec6-5ef0-495e-a152-dc3a3894de06,59.07,RON,Farmacia Tei ref 13481673,2025-11-05T16:48:57+00:00,aa7898aa-95b2-468b-ac92-275a68599dc4,
4b09edf3-270c-4302-adc0-28f3d85ab117,29.48,RON,Mega Image ref 23619188,2025-11-05T16:53:57+00:00,56cc310a-2a4b-4ab3-87df-66009aa0bf74,
f80965c3-434a-4fb5-bd46-9099561255c2,80.79,RON,Glovo ref 54883494,2025-11-05T17:34:57+00:00,818e12e2-7146-4ffe-a877-ba23cf63df5b,
8e6e6688-52ba-47dd-8bfa-ca8bb0d87d0c,40.84,RON,Mega Image ref 27400801,2025-11-05T18:23:57+00:00,33a2f3d5-7d4c-460f-ba3e-5b7745b7b856,
19437791-b9b0-4ec4-b93c-8859011bb348,151.64,RON,Kaufland ref 82091897,2025-11-05T18:49:57+00:00,0e5779ec-be1a-470f-ad83-a4c869f8d3e4,
b3167953-734b-4a19-8991-56cc54a6368b,27.56,RON,Mega Image ref 69682874,2025-11-05T19:00:57+00:00,aa7898aa-95b2-468b-ac92-275a68599dc4,
4d6f6aa9-83c6-4bd2-8ecf-01ab7d7a6321,85.22,RON,Lidl ref 90464636,2025-11-05T20:42:57+00:00,d3228db7-ef32-4e3e-8fa9-f9f8a84cc34d,
8c04208c-25d8-4e0f-848d-264826bf9e73,29.38,RON,Glovo ref 99509602,2025-11-05T20:51:57+00:00,33a2f3d5-7d4c-460f-ba3e-5b7745b7b856,
fea7ba13-351e-408a-8c11-bb8cb7f9e1c8,79.78,RON,Lidl ref 38083607,2025-11-05T20:51:57+00:00,818e12e2-7146-4ffe-a877-ba23cf63df5b,
a8de9bb8-e49a-4728-8c67-571c363e2764,138.82,RON,Kaufland ref 29264066,2025-11-05T21:06:57+00:00,12cbffe1-d83b-42c0-8120-8703b8fbd5c6,
0eae0439-a863-4a0f-922b-d07349fa2f06,87.79,RON,Carrefour ref 98114590,2025-11-05T21:49:57+00:00,2eb300a6-bd34-43d9-94c9-8697b97c5ba7,
8b621d41-5e09-49ee-af88-bdecfb1e143b,69.02,RON,Glovo ref 23335151,2025-11-05T21:54:57+00:00,bdd640fb-0667-4ad1-9c80-317fa3b1799d,
3aeb3562-3de1-4ade-8e12-2b192843ab02,41.35,RON,Farmacia Tei ref 71557118,2025-11-06T00:13:57+00:00,56cc310a-2a4b-4ab3-87df-66009aa0bf74,
460a37ad-6848-4a2f-8e97-6f2e4fcfc110,18.45,RON,Glovo ref 48723261,2025-11-06T01:19:57+00:00,2eb300a6-bd34-43d9-94c9-8697b97c5ba7,
60e23d57-3cf0-43eb-8d67-76255c8bac02,59.65,RON,Kaufland ref 84962170,2025-11-06T03:07:57+00:00,02c27ee1-ff57-48d4-82c7-6cf491fd62b9,
07411d40-d1a0-435e-9888-cfc2539f916e,60.5,RON,Kaufland ref 27726002,2025-11-06T14:47:57+00:00,56cc310a-2a4b-4ab3-87df-66009aa0bf74,
3f98ce50-c01b-45b0-88ab-3a06e27868f2,34.58,RON,Carrefour ref 35447447,2025-11-06T16:08:57+00:00,2eb300a6-bd34-43d9-94c9-8697b97c5ba7,
a6c34468-dad9-4783-83e5-40234a556ef3,40.62,RON,Mega Image ref 36176623,2025-11-06T16:13:57+00:00,818e12e2-7146-4ffe-a877-ba23cf63df5b,
40d2e1be-e0ef-4416-9305-405880e2ee40,43.6,RON,Mega Image ref 41213772,2025-11-06T16:46:57+00:00,7bf7bf91-9958-41e0-bb31-0f54e9f410c9,
93efc78e-4109-4de3-b762-d02971d3c36b,53.84,RON,Mega Image ref 77261517,2025-11-06T18:03:57+00:00,97c83e0a-8a40-4c3e-b8e3-ae37cffa9985,
3e5a87e3-5560-4b22-896b-5edb0cf2b69b,57.0,RON,Glovo ref 12866549,2025-11-06T18:20:57+00:00,bdd640fb-0667-4ad1-9c80-317fa3b1799d,
4d436253-3630-49fa-8d1f-e868ab586163,30.69,RON,Glovo ref 26849576,2025-11-06T18:52:57+00:00,5588e5c9-786a-4f09-8721-a8cedc57f9c8,
157f54c8-60d2-4804-b691-615d64cc0731,88.59,RON,Glovo ref 70095645,2025-11-06T18:55:57+00:00,6e36dc96-4f61-48f4-b69f-4ca617af9323,
5c7ae8ef-c324-4e35-beed-cc6522cb2720,65.42,RON,Lidl ref 79756655,2025-11-06T19:46:57+00:00,0e5779ec-be1a-470f-ad83-a4c869f8d3e4,
f4bdde6b-9677-493e-8dd1-18d00ddc0d6e,34.19,RON,Mega Image ref 76928515,2025-11-06T19:59:57+00:00,56cc310a-2a4b-4ab3-87df-66009aa0bf74,
4fdfaf5d-bc75-4d53-99b3-207074fa65ce,29.58,RON,Glovo ref 48065683,2025-11-06T20:10:57+00:00,0e5779ec-be1a-470f-ad83-a4c869f8d3e4,
452f03c9-7efd-48da-a5d6-ab9b21dcde12,122.96,RON,Lidl ref 17200210,2025-11-06T22:29:57+00:00,02c27ee1-ff57-48d4-82c7-6cf491fd62b9,
43c527a4-fbc0-4c38-9e55-bd482b36b6f5,148.11,RON,Kaufland ref 95303152,2025-11-06T23:01:57+00:00,7bf7bf91-9958-41e0-bb31-0f54e9f410c9,
b589e1c3-b285-4fbd-be68-9e8f4422990a,146.4,RON,OMV benzina ref 50817352,2025-11-07T00:24:57+00:00,818e12e2-7146-4ffe-a877-ba23cf63df5b,
c5ee3f8c-c5a3-4caf-bae1-a218b58b82e7,38.28,RON,Mega Image ref 30628415,2025-11-07T00:28:57+00:00,2eb300a6-bd34-43d9-94c9-8697b97c5ba7,
be654bf9-2789-46c9-8b7d-3b08ac5bfe79,64.2,RON,Lidl ref 69037325,2025-11-07T00:58:57+00:00,aa7898aa-95b2-468b-ac92-275a68599dc4,
779bfee4-a6f7-4a50-8903-528a5e0fb618,59.21,RON,Carrefour ref 97620185,2025-11-07T01:06:57+00:00,7bf7bf91-9958-41e0-bb31-0f54e9f410c9,
7414d8f7-6d93-4815-aac0-ce2b819f7810,51.02,RON,Mega Image ref 59234268,2025-11-07T01:34:57+00:00,02c27ee1-ff57-48d4-82c7-6cf491fd62b9,
7c033b29-4ce1-4237-a8f1-e02fa61f829c,73.26,RON,Carrefour ref 90346328,2025-11-07T02:36:57+00:00,33a2f3d5-7d4c-460f-ba3e-5b7745b7b856,
685707ac-3a40-4e39-83a5-f42136daa93a,161.42,RON,Kaufland ref 66920644,2025-11-07T04:01:57+00:00,0e5779ec-be1a-470f-ad83-a4c869f8d3e4,
844e2e8b-ff01-4ec6-9ec7-8f9ebed64914,30.9,RON,Mega Image ref 78262003,2025-11-07T14:55:57+00:00,aa7898aa-95b2-468b-ac92-275a68599dc4,
e0cf8211-f018-43fd-a68d-f5dda2e5940e,90.14,RON,Lidl ref 18455178,2025-11-07T17:43:57+00:00,6e36dc96-4f61-48f4-b69f-4ca617af9323,
277747dc-318c-4ee8-b1c8-6a3723d359b8,137.5,RON,Kaufland ref 24952346,2025-11-07T18:33:57+00:00,7bf7bf91-9958-41e0-bb31-0f54e9f410c9,
49f76746-0dd5-42e4-adf8-90456bc6ec62,85.46,RON,Glovo ref 43305439,2025-11-07T18:45:57+00:00,97c83e0a-8a40-4c3e-b8e3-ae37cffa9985,
79e12340-771b-4417-8d48-9a0c0e9c67b9,42.66,RON,Mega Image ref 89330676,2025-11-07T19:05:57+00:00,2eb300a6-bd34-43d9-94c9-8697b97c5ba7,
03cde2e3-21bd-4b41-8699-8731ddcf8766,52.18,RON,Carrefour ref 98725654,2025-11-07T19:30:57+00:00,bdd640fb-0667-4ad1-9c80-317fa3b1799d,
0b0f7039-22e6-4770-bff2-caec1f728212,28.6,RON,Glovo ref 75163811,2025-11-07T22:32:57+00:00,818e12e2-7146-4ffe-a877-ba23cf63df5b,
9e4db59d-bca4-4a89-a2a9-f17652d894bb,60.93,RON,Mega Image ref 52732454,2025-11-07T22:59:57+00:00,97c83e0a-8a40-4c3e-b8e3-ae37cffa9985,
ca3b8919-dbad-4040-ba2f-9fbe98c9cd00,72.01,RON,Kaufland ref 20297498,2025-11-07T23:58:57+00:00,d3228db7-ef32-4e3e-8fa9-f9f8a84cc34d,
4806069b-6a17-4cce-bb3a-41990d94a569,181.43,RON,Kaufland ref 58855153,2025-11-08T00:32:57+00:00,6e36dc96-4f61-48f4-b69f-4ca617af9323,
e661ea7e-2406-4472-966d-a436db678c19,76.73,RON,Lidl ref 14249010,2025-11-08T02:00:57+00:00,5588e5c9-786a-4f09-8721-a8cedc57f9c8,
ed8ed27b-04a1-4c0b-b193-1d45bb58ec7b,146.69,RON,Lidl ref 81157051,2025-11-08T02:12:57+00:00,12cbffe1-d83b-42c0-8120-8703b8fbd5c6,
fbe94499-dbc0-40fd-86fb-7bf300b9d4a3,65.3,RON,Glovo ref 89991301,2025-11-08T02:48:57+00:00,bdd640fb-0667-4ad1-9c80-317fa3b1799d,
a9906847-8223-4973-8e0a-aa9230df7ed0,102.45,RON,Kaufland ref 64336432,2025-11-08T03:41:57+00:00,02c27ee1-ff57-48d4-82c7-6cf491fd62b9,
b1ff4af5-7b3f-43e3-a7d9-19399ed19895,73.98,RON,Kaufland ref 80022033,2025-11-08T04:37:57+00:00,12cbffe1-d83b-42c0-8120-8703b8fbd5c6,
d09cdf45-a6dd-4845-a97f-98c99bf8590b,109.61,RON,Carrefour ref 95532403,2025-11-08T14:40:57+00:00,2eb300a6-bd34-43d9-94c9-8697b97c5ba7,
b72accc6-596b-4f24-8575-53c4e7467207,22.12,RON,Mega Image ref 56339922,2025-11-08T16:33:57+00:00,56cc310a-2a4b-4ab3-87df-66009aa0bf74,
ecdfd364-bdce-4f65-9a0a-7680fa42156e,60.08,RON,Lidl ref 89263249,2025-11-08T17:04:57+00:00,0e5779ec-be1a-470f-ad83-a4c869f8d3e4,
930655b3-bfa1-4bd9-bc01-fb86adec93dc,162.52,RON,Carrefour ref 86602473,2025-11-08T18:16:57+00:00,02c27ee1-ff57-48d4-82c7-6cf491fd62b9,
55caecc0-bf29-42a8-9aa6-706a3888a9ac,25.77,RON,Mega Image ref 53936844,2025-11-08T18:24:57+00:00,82112000-16b4-4f2b-9dee-8ec850f886ea,
104556e5-bee3-4b79-9d18-1ee986ad8a8c,18.81,RON,Mega Image ref 66500369,2025-11-08T18:42:57+00:00,bdd640fb-0667-4ad1-9c80-317fa3b1799d,
8451c1a8-c54c-409e-bc7f-14c5f0fe4ca8,58.51,RON,Lidl ref 14777254,2025-11-08T19:53:57+00:00,56cc310a-2a4b-4ab3-87df-66009aa0bf74,
6620d1de-38e1-4690-9d90-7493bb66536c,106.46,RON,Carrefour ref 98251335,2025-11-08T20:43:57+00:00,12cbffe1-d83b-42c0-8120-8703b8fbd5c6,
ddf275eb-e8a3-4341-8881-9065ba2c98ce,131.39,RON,Carrefour ref 15820356,2025-11-08T22:53:57+00:00,bdd640fb-0667-4ad1-9c80-317fa3b1799d,
ffab7ef6-1f76-4f37-b704-0252ec5d7929,68.16,RON,Kaufland ref 11316382,2025-11-08T22:54:57+00:00,33a2f3d5-7d4c-460f-ba3e-5b7745b7b856,
59c2395e-f124-4364-af80-3c47d19e80a5,56.1,RON,Farmacia Tei ref 51674479,2025-11-08T23:09:57+00:00,33a2f3d5-7d4c-460f-ba3e-5b7745b7b856,
3a6a6a52-3230-4ee2-a707-c6bacfaa3b1f,20.65,RON,Glovo ref 60736900,2025-11-09T01:01:57+00:00,d3228db7-ef32-4e3e-8fa9-f9f8a84cc34d,
ad3053ce-a896-4e70-85cd-338470249792,123.45,RON,Kaufland ref 63199848,2025-11-09T01:10:57+00:00,0e5779ec-be1a-470f-ad83-a4c869f8d3e4,
4d7b2b94-1112-45e1-a137-666ad8d83ac9,36.19,RON,Glovo ref 57791551,2025-11-09T01:51:57+00:00,82112000-16b4-4f2b-9dee-8ec850f886ea,
5cdfd73e-277a-4e54-bcf5-6c9e4cdd6a26,76.25,RON,Farmacia Tei ref 50052026,2025-11-09T03:55:57+00:00,97c83e0a-8a40-4c3e-b8e3-ae37cffa9985,
47cb5859-8aa9-4ea1-8262-1a4ac2c6a6fa,156.96,RON,Carrefour ref 39579104,2025-11-09T04:21:57+00:00,6e36dc96-4f61-48f4-b69f-4ca617af9323,
a449bb3a-e78b-4dbd-8fe0-04bb0062dacc,89.95,RON,Lidl ref 24612595,2025-11-09T14:59:57+00:00,33a2f3d5-7d4c-460f-ba3e-5b7745b7b856,
a21150f9-9fd3-4579-8667-72ce204e178c,216.98,RON,OMV benzina ref 18815720,2025-11-09T15:59:57+00:00,bdd640fb-0667-4ad1-9c80-317fa3b1799d,
9bcfe969-473f-4005-a66c-3392396c6135,44.32,RON,Lidl ref 37706466,2025-11-09T16:00:57+00:00,aa7898aa-95b2-468b-ac92-275a68599dc4,
2b728139-af61-497d-a127-5e6489f515e0,21.44,RON,Mega Image ref 84502763,2025-11-09T16:40:57+00:00,7bf7bf91-9958-41e0-bb31-0f54e9f410c9,
f5aae8b8-f7c8-475b-bb20-f497210a659d,28.04,RON,Mega Image ref 33926138,2025-11-09T16:50:57+00:00,818e12e2-7146-4ffe-a877-ba23cf63df5b,
6abcf7ec-d2d3-4a0a-a496-90db3521279f,163.02,RON,Carrefour ref 98830506,2025-11-09T19:17:57+00:00,02c27ee1-ff57-48d4-82c7-6cf491fd62b9,
2e7e3dcb-689e-4349-9dfe-4399b5c160b4,422.53,RON,OMV benzina ref 53205954,2025-11-09T19:19:57+00:00,12cbffe1-d83b-42c0-8120-8703b8fbd5c6,
6d933d78-de30-4e91-8041-7c4d8bb973d9,303.64,RON,OMV benzina ref 81025480,2025-11-09T20:01:57+00:00,97c83e0a-8a40-4c3e-b8e3-ae37cffa9985,
52144d02-a0a0-4cad-81ba-35c858e2a599,42.47,RON,Glovo ref 46446837,2025-11-09T20:12:57+00:00,97c83e0a-8a40-4c3e-b8e3-ae37cffa9985,
718d4d05-e8e2-4743-b65f-eea97d824264,31.76,RON,Mega Image ref 24490391,2025-11-09T22:33:57+00:00,bdd640fb-0667-4ad1-9c80-317fa3b1799d,
f65a5aa3-6314-4fcc-88b6-b9a29b5358d4,114.28,RON,Carrefour ref 19029034,2025-11-09T22:42:57+00:00,7bf7bf91-9958-41e0-bb31-0f54e9f410c9,
8556b37c-ce7c-459c-8138-3406f9faa20f,169.98,RON,Kaufland ref 71822279,2025-11-09T23:03:57+00:00,5588e5c9-786a-4f09-8721-a8cedc57f9c8,
9ec6cb21-bd76-492b-96da-e0bb08cd3d26,354.25,RON,OMV benzina ref 67344434,2025-11-10T00:37:57+00:00,02c27ee1-ff57-48d4-82c7-6cf491fd62b9,
7eddb12b-154a-4ecd-b8de-3f1c83bc4316,89.24,RON,Lidl ref 44827452,2025-11-10T00:56:57+00:00,d3228db7-ef32-4e3e-8fa9-f9f8a84cc34d,
b67c3ce9-d3bf-4c49-b30d-d44a27966acd,32.68,RON,Mega Image ref 82287665,2025-11-10T01:31:57+00:00,12cbffe1-d83b-42c0-8120-8703b8fbd5c6,
a1354e25-5ed2-4d4c-a1dc-20f93725465e,24.51,RON,Lidl ref 78938791,2025-11-10T02:08:57+00:00,2eb300a6-bd34-43d9-94c9-8697b97c5ba7,
691d1ce4-a154-4c7e-abe7-faadee06974e,58.72,RON,Mega Image ref 34885613,2025-11-10T02:43:57+00:00,82112000-16b4-4f2b-9dee-8ec850f886ea,
fc549e41-b492-4641-ac42-33669e1e7568,99.61,RON,Glovo ref 78855398,2025-11-10T04:17:57+00:00,6e36dc96-4f61-48f4-b69f-4ca617af9323,
54fb33ee-7f33-49a3-87fc-98df3f8b94ca,93.73,RON,Kaufland ref 35783904,2025-11-10T04:22:57+00:00,97c83e0a-8a40-4c3e-b8e3-ae37cffa9985,
809ade2d-b9b9-4721-a931-7b55795f697d,60.83,RON,Mega Image ref 44123116,2025-11-10T15:33:57+00:00,97c83e0a-8a40-4c3e-b8e3-ae37cffa9985,
d33d0933-c890-4f7e-bedc-24cdf234348a,217.01,RON,OMV benzina ref 73675680,2025-11-10T16:06:57+00:00,d3228db7-ef32-4e3e-8fa9-f9f8a84cc34d,
b1bf8a65-e5d2-4f30-a6ab-a70bf89862ac,84.53,RON,Glovo ref 45359441,2025-11-10T16:15:57+00:00,82112000-16b4-4f2b-9dee-8ec850f886ea,
139fa9fc-d50d-41b5-b76b-a80aec364dd5,90.74,RON,Carrefour ref 26360425,2025-11-10T16:33:57+00:00,2eb300a6-bd34-43d9-94c9-8697b97c5ba7,
8f42235a-6550-462c-b3c5-b29f2b558b40,15.93,RON,Mega Image ref 25665750,2025-11-10T17:27:57+00:00,2eb300a6-bd34-43d9-94c9-8697b97c5ba7,
31a0e718-607e-4719-ad40-b463f46c7693,90.12,RON,Lidl ref 83558467,2025-11-10T18:07:57+00:00,33a2f3d5-7d4c-460f-ba3e-5b7745b7b856,
282dc674-19d0-4ebb-a179-a34219f744dd,38.24,RON,Mega Image ref 61137762,2025-11-10T18:16:57+00:00,02c27ee1-ff57-48d4-82c7-6cf491fd62b9,
2256344f-6917-49fb-beb7-0b531ecd97f5,40.16,RON,Lidl ref 67791909,2025-11-10T19:05:57+00:00,56cc310a-2a4b-4ab3-87df-66009aa0bf74,
52d75563-2fb0-45f6-8d35-dd4b5e108f8e,84.32,RON,Kaufland ref 97276121,2025-11-10T20:07:57+00:00,82112000-16b4-4f2b-9dee-8ec850f886ea,
ad6c635a-3d79-48d3-a106-06cbb9bc158c,224.15,RON,Kaufland ref 24573211,2025-11-10T20:17:57+00:00,12cbffe1-d83b-42c0-8120-8703b8fbd5c6,
caf6a7d4-fe8c-486a-9bdf-9c6762f911de,109.77,RON,Kaufland ref 14456047,2025-11-10T20:24:57+00:00,7bf7bf91-9958-41e0-bb31-0f54e9f410c9,
0ff6d461-7fe7-429f-81a8-3a3d0a7fef8d,54.62,RON,Kaufland ref 70903621,2025-11-10T20:29:57+00:00,2eb300a6-bd34-43d9-94c9-8697b97c5ba7,
9b6bc8bd-507c-4388-8e03-1c3627623cda,138.68,RON,Dedeman ref 48810636,2025-11-10T20:43:57+00:00,56cc310a-2a4b-4ab3-87df-66009aa0bf74,
a64bddd8-a1bd-41ac-83d2-863ef5736bb8,117.59,RON,Kaufland ref 33310618,2025-11-10T21:06:57+00:00,56cc310a-2a4b-4ab3-87df-66009aa0bf74,
50ed42d9-a857-41e8-a30b-cc40d739c59a,76.58,RON,Carrefour ref 30400642,2025-11-10T21:51:57+00:00,d3228db7-ef32-4e3e-8fa9-f9f8a84cc34d,
6e191042-370b-4063-9d90-e79eb888f6ed,70.26,RON,Glovo ref 83998961,2025-11-11T01:20:57+00:00,bdd640fb-0667-4ad1-9c80-317fa3b1799d,
6ebd40ab-b753-4235-b2cf-ea1de44b847c,185.77,RON,OMV benzina ref 58947043,2025-11-11T01:34:57+00:00,56cc310a-2a4b-4ab3-87df-66009aa0bf74,
bfa90e41-c78e-4dd5-bc9d-ea1fdbacee2f,16.33,RON,Mega Image ref 29583293,2025-11-11T01:43:57+00:00,5588e5c9-786a-4f09-8721-a8cedc57f9c8,
a3ef973c-e096-4a42-8bb2-d4e3814316e8,164.54,RON,Kaufland ref 19529942,2025-11-11T14:45:57+00:00,5588e5c9-786a-4f09-8721-a8cedc57f9c8,
0f5ae9d3-8e6e-4003-a14f-3f12cfd01cbd,45.44,RON,Glovo ref 60015814,2025-11-11T15:44:57+00:00,bdd640fb-0667-4ad1-9c80-317fa3b1799d,
2ea8680d-07b8-4fd2-bfc0-900b4ed7676f,75.08,RON,Lidl ref 47104485,2025-11-11T16:31:57+00:00,97c83e0a-8a40-4c3e-b8e3-ae37cffa9985,
9f8c2c51-9f39-46a5-8d81-31f52719bfdb,58.48,RON,Glovo ref 53883276,2025-11-11T17:03:57+00:00,0e5779ec-be1a-470f-ad83-a4c869f8d3e4,
a1338845-3d83-460d-8543-fc4b56ed8592,142.0,RON,Carrefour ref 89118466,2025-11-11T18:50:57+00:00,97c83e0a-8a40-4c3e-b8e3-ae37cffa9985,
d8380627-c080-4a26-b122-60472964a183,61.08,RON,Mega Image ref 92357045,2025-11-11T19:47:57+00:00,818e12e2-7146-4ffe-a877-ba23cf63df5b,
bdc313b8-d8bb-454c-88e5-a13af62f197d,31.8,RON,Lidl ref 84260585,2025-11-11T20:11:57+00:00,aa7898aa-95b2-468b-ac92-275a68599dc4,
ec48bf55-afd3-40c4-a713-582cf41ea3ac,44.17,RON,Mega Image ref 60237832,2025-11-11T20:59:57+00:00,bdd640fb-0667-4ad1-9c80-317fa3b1799d,
0d87bc72-bce0-4a63-997f-9b8d079bf5e6,46.18,RON,Lidl ref 28066831,2025-11-11T22:10:57+00:00,0e5779ec-be1a-470f-ad83-a4c869f8d3e4,
fcda940d-b2f2-4fc6-bdc6-a8046fdb20da,81.2,RON,Carrefour ref 70455694,2025-11-12T01:43:57+00:00,02c27ee1-ff57-48d4-82c7-6cf491fd62b9,
cc19e0ac-418d-4073-bea4-26b83f7b16ec,199.31,RON,OMV benzina ref 80188999,2025-11-12T02:42:57+00:00,aa7898aa-95b2-468b-ac92-275a68599dc4,
7a132566-e6a7-4865-84a6-41c59db1e6a4,105.1,RON,Carrefour ref 68568611,2025-11-12T03:03:57+00:00,2eb300a6-bd34-43d9-94c9-8697b97c5ba7,
7f764fce-a97e-4131-8b26-f0a333b1cca4,120.16,RON,Carrefour ref 72548391,2025-11-12T03:12:57+00:00,0e5779ec-be1a-470f-ad83-a4c869f8d3e4,
6bf2bf74-0e38-42b3-b9b6-1edd365a6fd7,278.08,RON,OMV benzina ref 87632980,2025-11-12T03:18:57+00:00,818e12e2-7146-4ffe-a877-ba23cf63df5b,
0182d5e4-1a14-4704-8b94-7bc08eaf28da,72.65,RON,Farmacia Tei ref 92492013,2025-11-12T03:52:57+00:00,d3228db7-ef32-4e3e-8fa9-f9f8a84cc34d,
df61dbe1-b714-4c44-91b2-152483c38648,48.96,RON,Mega Image ref 23936761,2025-11-12T04:23:57+00:00,7bf7bf91-9958-41e0-bb31-0f54e9f410c9,
dfa4bb9f-5a85-4750-a92a-c1391f4a8ca1,55.99,RON,Netflix,2025-11-12T06:39:57+00:00,bdd640fb-0667-4ad1-9c80-317fa3b1799d,
cf3a2f8d-57f7-41e3-8add-397642fc7edf,55.99,RON,Netflix,2025-11-12T06:39:57+00:00,0e5779ec-be1a-470f-ad83-a4c869f8d3e4,
2d6c18d0-74c0-4ea3-b7a6-3ca5b08c147d,55.99,RON,Netflix,2025-11-12T06:39:57+00:00,aa7898aa-95b2-468b-ac92-275a68599dc4,
4762fc23-2c18-4303-bd28-750f58683a1b,55.99,RON,Netflix,2025-11-12T06:39:57+00:00,7bf7bf91-9958-41e0-bb31-0f54e9f410c9,
316f8ff5-e8dc-4ba9-a331-471029d13e66,55.99,RON,Netflix,2025-11-12T06:39:57+00:00,02c27ee1-ff57-48d4-82c7-6cf491fd62b9,
f6dfca85-b156-474e-b73c-d38faf931ea5,55.99,RON,Netflix,2025-11-12T06:39:57+00:00,56cc310a-2a4b-4ab3-87df-66009aa0bf74,
5ea5601a-3ed3-4722-9612-c0f5a0ae1153,55.99,RON,Netflix,2025-11-12T06:39:57+00:00,5588e5c9-786a-4f09-8721-a8cedc57f9c8,
dd84e56c-cb10-4e59-a7fd-d5ff25dc944b,55.99,RON,Netflix,2025-11-12T06:39:57+00:00,33a2f3d5-7d4c-460f-ba3e-5b7745b7b856,
d5efae07-15ac-4ea0-82dc-e6a7fd5fa78a,55.99,RON,Netflix,2025-11-12T06:39:57+00:00,6e36dc96-4f61-48f4-b69f-4ca617af9323,
1c21515b-fb11-4dc5-96bb-889f0a278efa,55.99,RON,Netflix,2025-11-12T06:39:57+00:00,2eb300a6-bd34-43d9-94c9-8697b97c5ba7,
c9eb5428-b2ca-4ebe-b6ca-51dbf381cad2,55.99,RON,Netflix,2025-11-12T06:39:57+00:00,818e12e2-7146-4ffe-a877-ba23cf63df5b,
8b3f398a-617c-4867-bea0-8bbb9369b261,55.99,RON,Netflix,2025-11-12T06:39:57+00:00,97c83e0a-8a40-4c3e-b8e3-ae37cffa9985,
2062e7f4-8504-4e4e-8e20-c39d71102ad6,55.99,RON,Netflix,2025-11-12T06:39:57+00:00,d3228db7-ef32-4e3e-8fa9-f9f8a84cc34d,
0f988cd3-5866-46e2-a5f2-37d4eefd1299,55.99,RON,Netflix,2025-11-12T06:39:57+00:00,12cbffe1-d83b-42c0-8120-8703b8fbd5c6,
d9476e89-f7c6-40f8-a51d-d27c1e23ea03,55.99,RON,Netflix,2025-11-12T06:39:57+00:00,82112000-16b4-4f2b-9dee-8ec850f886ea,
850164a7-9211-4e6b-8099-d0214c4f128e,31.65,RON,Lidl ref 56416071,2025-11-12T15:46:57+00:00,97c83e0a-8a40-4c3e-b8e3-ae37cffa9985,
7dd19b8f-2a05-4b69-b4c0-4bdfe27bb6c4,72.17,RON,Farmacia Tei ref 50673953,2025-11-12T17:14:57+00:00,0e5779ec-be1a-470f-ad83-a4c869f8d3e4,
dee2e22d-17ae-4444-a49d-54dc0d9f363b,56.38,RON,Glovo ref 63099432,2025-11-12T17:58:57+00:00,5588e5c9-786a-4f09-8721-a8cedc57f9c8,
3eb00c34-7fad-44c8-a389-84afe2d560e8,86.64,RON,Carrefour ref 83741256,2025-11-12T18:10:57+00:00,33a2f3d5-7d4c-460f-ba3e-5b7745b7b856,
fff24dcd-c07d-4baf-8dab-4ef2979a5da2,373.23,RON,OMV benzina ref 58294486,2025-11-12T19:23:57+00:00,12cbffe1-d83b-42c0-8120-8703b8fbd5c6,
376fc21d-bb90-431c-8cd0-6a34d97e049e,100.53,RON,Carrefour ref 22891207,2025-11-12T19:27:57+00:00,56cc310a-2a4b-4ab3-87df-66009aa0bf74,
532ff93e-16d2-4311-99ca-745c13db3a41,43.9,RON,Mega Image ref 95115640,2025-11-12T19:29:57+00:00,5588e5c9-786a-4f09-8721-a8cedc57f9c8,
e89841e3-4aad-4895-9304-c8213a4a2c34,27.34,RON,Glovo ref 27616038,2025-11-12T19:34:57+00:00,d3228db7-ef32-4e3e-8fa9-f9f8a84cc34d,
605797cf-da55-4825-9086-f384733ac54f,277.9,RON,OMV benzina ref 61489930,2025-11-12T21:35:57+00:00,0e5779ec-be1a-470f-ad83-a4c869f8d3e4,
c04ead8e-a209-42e9-9c6c-b16c0c8b0bdd,249.56,RON,OMV benzina ref 22399188,2025-11-12T23:02:57+00:00,82112000-16b4-4f2b-9dee-8ec850f886ea,
2e7c21c0-a205-49c1-af86-6d9778e0921f,100.72,RON,Carrefour ref 38260831,2025-11-12T23:32:57+00:00,818e12e2-7146-4ffe-a877-ba23cf63df5b,
d4a84169-bbbb-4d67-b0a4-c4b0be3c7c84,105.44,RON,Kaufland ref 22262023,2025-11-12T23:56:57+00:00,aa7898aa-95b2-468b-ac92-275a68599dc4,
b5c6e8f9-6687-40b4-8f8e-41b288eb79b0,71.1,RON,Glovo ref 66049215,2025-11-13T00:00:57+00:00,818e12e2-7146-4ffe-a877-ba23cf63df5b,
dec8551f-dab4-4100-bc6c-fd4dad75a56a,136.56,RON,Kaufland ref 41148186,2025-11-13T00:52:57+00:00,d3228db7-ef32-4e3e-8fa9-f9f8a84cc34d,
2f99bc94-54e0-4b03-921a-93dc0c4d0bfc,26.55,RON,Mega Image ref 14814040,2025-11-13T01:28:57+00:00,818e12e2-7146-4ffe-a877-ba23cf63df5b,
6505bd24-06bc-4772-a392-bcba49a7a1b1,64.93,RON,Mega Image ref 94743656,2025-11-13T01:32:57+00:00,97c83e0a-8a40-4c3e-b8e3-ae37cffa9985,
207fa796-9689-4e02-840d-10ece65f76ee,228.83,RON,Kaufland ref 91087759,2025-11-13T02:03:57+00:00,12cbffe1-d83b-42c0-8120-8703b8fbd5c6,
0a456935-13ea-4f0f-8a44-b9ff133db01a,101.31,RON,Kaufland ref 42962141,2025-11-13T02:44:57+00:00,818e12e2-7146-4ffe-a877-ba23cf63df5b,
265a904c-8f03-4649-adf1-f307d60088f3,48.78,RON,Mega Image ref 40785793,2025-11-13T03:28:57+00:00,2eb300a6-bd34-43d9-94c9-8697b97c5ba7,
92f837d4-4750-4f1d-833a-1f6c1d691fba,52.66,RON,Mega Image ref 59333209,2025-11-13T16:01:57+00:00,bdd640fb-0667-4ad1-9c80-317fa3b1799d,
63aed036-cb05-4bf8-802b-4867b5843896,299.73,RON,OMV benzina ref 55859862,2025-11-13T16:46:57+00:00,5588e5c9-786a-4f09-8721-a8cedc57f9c8,
6a8dc6eb-48a9-4c93-92c6-0a7de8997388,107.97,RON,Lidl ref 54872078,2025-11-13T16:58:57+00:00,5588e5c9-786a-4f09-8721-a8cedc57f9c8,
f67ec16e-771a-49a0-8984-c22b7682583f,46.66,RON,Lidl ref 52849757,2025-11-13T19:09:57+00:00,82112000-16b4-4f2b-9dee-8ec850f886ea,
5cffd12f-0160-456b-a4e1-524d313ac464,65.6,RON,Kaufland ref 28940766,2025-11-13T19:19:57+00:00,d3228db7-ef32-4e3e-8fa9-f9f8a84cc34d,
30af7575-f69d-4d5f-b31a-9d057e33a416,27.67,RON,Glovo ref 53384486,2025-11-13T21:34:57+00:00,97c83e0a-8a40-4c3e-b8e3-ae37cffa9985,
27eb4483-c863-4a68-9e1d-0e55050f08a6,22.48,RON,Glovo ref 75052916,2025-11-13T21:48:57+00:00,2eb300a6-bd34-43d9-94c9-8697b97c5ba7,
c16b44e1-9d4a-405f-a28a-f08dce46abf3,103.32,RON,Carrefour ref 89045858,2025-11-13T22:28:57+00:00,aa7898aa-95b2-468b-ac92-275a68599dc4,
13770b12-985d-47b8-a9f1-c7526d544a66,97.38,RON,Glovo ref 85654855,2025-11-13T22:34:57+00:00,33a2f3d5-7d4c-460f-ba3e-5b7745b7b856,
347cd0f4-20f6-4e5c-b716-c1dae8b3cb11,75.54,RON,Glovo ref 28970845,2025-11-13T23:28:57+00:00,02c27ee1-ff57-48d4-82c7-6cf491fd62b9,
6e047758-94eb-4ddd-8275-4eca91bf903d,56.36,RON,Glovo ref 50260078,2025-11-13T23:52:57+00:00,aa7898aa-95b2-468b-ac92-275a68599dc4,
f032822a-62c8-4efd-9d55-2067a80cb095,120.54,RON,OMV benzina ref 62444122,2025-11-13T23:52:57+00:00,56cc310a-2a4b-4ab3-87df-66009aa0bf74,
216ca920-7926-41be-80a3-bd8000ffe894,17.92,RON,Mega Image ref 95012849,2025-11-13T23:57:57+00:00,33a2f3d5-7d4c-460f-ba3e-5b7745b7b856,
afad738e-a44c-46d4-83fc-5e6c1b6e6353,41.61,RON,Lidl ref 84151411,2025-11-14T00:18:57+00:00,7bf7bf91-9958-41e0-bb31-0f54e9f410c9,
ca0b6af7-572d-4d61-aaa1-5b6a0216cd40,22.59,RON,Mega Image ref 90586972,2025-11-14T00:36:57+00:00,818e12e2-7146-4ffe-a877-ba23cf63df5b,
1dcccf24-7a71-4e7b-b248-f69912b3b3eb,51.78,RON,Lidl ref 95081383,2025-11-14T02:42:57+00:00,aa7898aa-95b2-468b-ac92-275a68599dc4,
b16d1336-f1ac-4542-bbec-c646e899b84c,93.6,RON,Carrefour ref 27941297,2025-11-14T03:16:57+00:00,82112000-16b4-4f2b-9dee-8ec850f886ea,
e27b7f00-8922-4c6c-a07e-f88ab2e4bc6b,52.64,RON,Glovo ref 60238229,2025-11-14T04:26:57+00:00,6e36dc96-4f61-48f4-b69f-4ca617af9323,
06e2e861-957e-4c3c-bdf7-74c8cf3ee4aa,72.22,RON,Glovo ref 56825449,2025-11-14T14:47:57+00:00,0e5779ec-be1a-470f-ad83-a4c869f8d3e4,
ad2e4db8-9def-423f-a0b7-59a9f88afc64,73.27,RON,Kaufland ref 89328732,2025-11-14T15:04:57+00:00,0e5779ec-be1a-470f-ad83-a4c869f8d3e4,
d510ab14-99b4-48c3-8668-f7b613065fc5,145.8,RON,Kaufland ref 97107353,2025-11-14T15:07:57+00:00,12cbffe1-d83b-42c0-8120-8703b8fbd5c6,
78a64a02-7d35-4539-8aee-b3df3786a606,118.3,RON,Carrefour ref 15461615,2025-11-14T15:46:57+00:00,97c83e0a-8a40-4c3e-b8e3-ae37cffa9985,
8a9c4cc4-072d-480a-9fed-984b2c2765da,42.54,RON,Lidl ref 50506044,2025-11-14T16:10:57+00:00,d3228db7-ef32-4e3e-8fa9-f9f8a84cc34d,
afa471a6-27d0-436f-b2b3-eef212e5f47b,86.6,RON,Glovo ref 38402114,2025-11-14T16:17:57+00:00,97c83e0a-8a40-4c3e-b8e3-ae37cffa9985,
6f20cd11-0253-4c5c-b2af-431beade1e7f,188.92,RON,Kaufland ref 67857251,2025-11-14T18:05:57+00:00,82112000-16b4-4f2b-9dee-8ec850f886ea,
deaf528d-2e70-4838-8190-262059dcabd0,75.88,RON,Farmacia Tei ref 55610493,2025-11-14T19:23:57+00:00,bdd640fb-0667-4ad1-9c80-317fa3b1799d,
c237c41b-894b-4458-8e8a-baa4c23d2381,35.98,RON,Glovo ref 63721952,2025-11-15T00:03:57+00:00,56cc310a-2a4b-4ab3-87df-66009aa0bf74,
0caa73c9-85ac-4d30-a34f-91081140a324,231.28,RON,Kaufland ref 48939663,2025-11-15T01:13:57+00:00,02c27ee1-ff57-48d4-82c7-6cf491fd62b9,
b8d63b58-c842-4fd1-b261-141a9fcdeedd,251.36,RON,Dedeman ref 22846161,2025-11-15T01:20:57+00:00,6e36dc96-4f61-48f4-b69f-4ca617af9323,
669bbff2-5ebd-4c93-a476-8af193563b72,70.04,RON,Mega Image ref 44281600,2025-11-15T01:51:57+00:00,02c27ee1-ff57-48d4-82c7-6cf491fd62b9,
81ddf3ea-5421-462c-ad31-317ca1919e12,111.32,RON,Kaufland ref 76116342,2025-11-15T03:05:57+00:00,aa7898aa-95b2-468b-ac92-275a68599dc4,
fe35fadc-0bb6-414a-988b-e34cee53a2ef,26.52,RON,Mega Image ref 66433733,2025-11-15T04:22:57+00:00,56cc310a-2a4b-4ab3-87df-66009aa0bf74,
8dd15aeb-fbc7-42a5-a368-d7fab9583979,85.43,RON,Kaufland ref 10238585,2025-11-15T17:24:57+00:00,56cc310a-2a4b-4ab3-87df-66009aa0bf74,
aa6d5089-5048-4340-b12a-26d1795bc288,177.36,RON,Carrefour ref 34206269,2025-11-15T17:27:57+00:00,82112000-16b4-4f2b-9dee-8ec850f886ea,
b020321b-e90f-4137-95be-bdd097b027ce,172.71,RON,OMV benzina ref 51889289,2025-11-15T17:54:57+00:00,0e5779ec-be1a-470f-ad83-a4c869f8d3e4,
75fe2857-0991-446d-937c-64b089d5af23,42.7,RON,Glovo ref 12645698,2025-11-15T18:46:57+00:00,0e5779ec-be1a-470f-ad83-a4c869f8d3e4,
88ff41b5-50ca-4494-9e6b-dce93b66a06a,38.14,RON,Mega Image ref 10142112,2025-11-15T21:48:57+00:00,6e36dc96-4f61-48f4-b69f-4ca617af9323,
97859a1d-b7a3-4b06-bdc3-b21ca64f3ef7,98.69,RON,Glovo ref 53514460,2025-11-16T00:19:57+00:00,82112000-16b4-4f2b-9dee-8ec850f886ea,
1e8c6c82-cdd1-4547-a51c-d985338a673a,197.05,RON,Carrefour ref 30691715,2025-11-16T00:33:57+00:00,02c27ee1-ff57-48d4-82c7-6cf491fd62b9,
c6694eaf-913f-4871-84f3-6f679f9fcd78,100.2,RON,Lidl ref 69568885,2025-11-16T00:59:57+00:00,02c27ee1-ff57-48d4-82c7-6cf491fd62b9,
35f591b7-7546-4208-b172-a25ba1dcaf26,43.24,RON,Lidl ref 30714867,2025-11-16T01:34:57+00:00,56cc310a-2a4b-4ab3-87df-66009aa0bf74,
f264d70a-6e93-4a6f-a3c8-db5f42e39c29,55.29,RON,Lidl ref 65285931,2025-11-16T01:45:57+00:00,d3228db7-ef32-4e3e-8fa9-f9f8a84cc34d,
604e46cb-3712-42d1-87cd-b6a1bf012e32,150.87,RON,Kaufland ref 22315507,2025-11-16T02:19:57+00:00,bdd640fb-0667-4ad1-9c80-317fa3b1799d,
78731a4e-8271-4bba-b96f-4a1be4b3b66b,36.89,RON,Mega Image ref 52843311,2025-11-16T02:50:57+00:00,aa7898aa-95b2-468b-ac92-275a68599dc4,
3479f386-5d66-4199-af93-056c638cc8e0,127.88,RON,Kaufland ref 41117825,2025-11-16T02:58:57+00:00,33a2f3d5-7d4c-460f-ba3e-5b7745b7b856,
57a99ae7-7175-4228-9cad-fda8ece027bb,60.65,RON,Glovo ref 22692698,2025-11-16T03:06:57+00:00,aa7898aa-95b2-468b-ac92-275a68599dc4,
b8829191-0cb1-41f5-af67-fc6f78e7a1da,174.98,RON,Kaufland ref 44787630,2025-11-16T03:18:57+00:00,5588e5c9-786a-4f09-8721-a8cedc57f9c8,
8f335233-be2c-48bc-8abe-123879b82d58,54.52,RON,Glovo ref 84463560,2025-11-16T04:04:57+00:00,d3228db7-ef32-4e3e-8fa9-f9f8a84cc34d,
2b866fd1-7b3c-42c4-9ef3-f101d9ab17d2,78.26,RON,Carrefour ref 73337045,2025-11-16T14:45:57+00:00,12cbffe1-d83b-42c0-8120-8703b8fbd5c6,
5b385a6a-5299-4a47-ab2f-92d6195535d3,48.6,RON,Mega Image ref 10994421,2025-11-16T16:03:57+00:00,02c27ee1-ff57-48d4-82c7-6cf491fd62b9,
3f825264-d6c8-4538-86ae-3366fc589e90,43.32,RON,Glovo ref 12006422,2025-11-16T16:03:57+00:00,82112000-16b4-4f2b-9dee-8ec850f886ea,
6c8c3b6a-a974-4079-b16f-da0a45a88829,109.95,RON,Kaufland ref 20949687,2025-11-16T17:27:57+00:00,bdd640fb-0667-4ad1-9c80-317fa3b1799d,
0b0ec82b-f967-4f3a-9dee-6a132ba5c142,62.64,RON,Farmacia Tei ref 97130507,2025-11-16T19:22:57+00:00,82112000-16b4-4f2b-9dee-8ec850f886ea,
ae296266-a039-4a66-a417-ed4d3279ece6,159.23,RON,Kaufland ref 55190004,2025-11-16T21:30:57+00:00,82112000-16b4-4f2b-9dee-8ec850f886ea,
528a34f3-63ea-40a1-9202-b09c60b36938,29.11,RON,Lidl ref 52481834,2025-11-16T22:16:57+00:00,0e5779ec-be1a-470f-ad83-a4c869f8d3e4,
4cd0d32e-af4b-48ff-9a58-c6ae78ccd788,28.76,RON,Mega Image ref 81189018,2025-11-16T22:58:57+00:00,aa7898aa-95b2-468b-ac92-275a68599dc4,
ef20646d-5adc-449d-9332-9bc81b82e582,104.04,RON,Farmacia Tei ref 38280261,2025-11-16T23:49:57+00:00,6e36dc96-4f61-48f4-b69f-4ca617af9323,
2bf998ad-c92a-4b0c-a56f-fbd8c4329e78,40.62,RON,Glovo ref 35756927,2025-11-17T00:48:57+00:00,aa7898aa-95b2-468b-ac92-275a68599dc4,
56ec0e55-aad9-493d-83d0-bde3cfbba84a,42.6,RON,Glovo ref 77480448,2025-11-17T00:52:57+00:00,0e5779ec-be1a-470f-ad83-a4c869f8d3e4,
5d798c04-0938-4cd5-8f33-5b2c753bde59,25.67,RON,Mega Image ref 24125390,2025-11-17T02:26:57+00:00,12cbffe1-d83b-42c0-8120-8703b8fbd5c6,
a1e84218-c379-47e2-bb2b-b1a6a24f0d7f,31.69,RON,Glovo ref 46449077,2025-11-17T15:33:57+00:00,6e36dc96-4f61-48f4-b69f-4ca617af9323,
772a6d4b-ce6f-484d-add5-949d43eef08d,44.74,RON,Kaufland ref 78354818,2025-11-17T16:04:57+00:00,818e12e2-7146-4ffe-a877-ba23cf63df5b,
113f7d20-663c-456c-9684-257e7cd3a605,57.84,RON,Lidl ref 24320234,2025-11-17T16:49:57+00:00,5588e5c9-786a-4f09-8721-a8cedc57f9c8,
4a219137-cc5e-432b-92ae-b7bba2650798,64.39,RON,Glovo ref 46376272,2025-11-17T18:20:57+00:00,818e12e2-7146-4ffe-a877-ba23cf63df5b,
0328420c-cdb9-486d-bb16-f8515c127211,65.51,RON,Carrefour ref 62622174,2025-11-17T18:22:57+00:00,5588e5c9-786a-4f09-8721-a8cedc57f9c8,
2cfa55b0-6e3f-483a-bf3c-51407f54a511,39.67,RON,Glovo ref 11037490,2025-11-17T18:57:57+00:00,bdd640fb-0667-4ad1-9c80-317fa3b1799d,
7621a043-6962-4b67-b454-d6fa8c72ab40,90.83,RON,Lidl ref 91545976,2025-11-17T19:01:57+00:00,56cc310a-2a4b-4ab3-87df-66009aa0bf74,
49987625-5202-4cb0-a11d-89ec76839ecf,19.28,RON,Mega Image ref 98511813,2025-11-17T19:50:57+00:00,2eb300a6-bd34-43d9-94c9-8697b97c5ba7,
403fdb3e-7a98-4aad-96c5-42c52e5bf0a8,92.49,RON,Glovo ref 52967503,2025-11-17T20:54:57+00:00,33a2f3d5-7d4c-460f-ba3e-5b7745b7b856,
c47104c0-3613-4e15-b200-c2614d29d1ab,136.41,RON,OMV benzina ref 37437207,2025-11-17T21:17:57+00:00,bdd640fb-0667-4ad1-9c80-317fa3b1799d,
bb5fe868-875e-4ac7-95fd-2682d47af39b,230.71,RON,OMV benzina ref 99181984,2025-11-18T00:00:57+00:00,5588e5c9-786a-4f09-8721-a8cedc57f9c8,
92d2408e-ff08-4739-8c1d-2e430c2b03e4,169.53,RON,OMV benzina ref 45588515,2025-11-18T04:13:57+00:00,0e5779ec-be1a-470f-ad83-a4c869f8d3e4,
6a3884a3-cf2d-44a6-8972-0c70856188e7,313.6,RON,OMV benzina ref 55309017,2025-11-18T15:03:57+00:00,02c27ee1-ff57-48d4-82c7-6cf491fd62b9,
21589df4-a338-4729-8d4e-bad89d98b4b2,40.08,RON,Kaufland ref 37696925,2025-11-18T15:04:57+00:00,2eb300a6-bd34-43d9-94c9-8697b97c5ba7,
c92d313f-bb66-4aec-94ea-6d806ce136ea,54.1,RON,Lidl ref 70345969,2025-11-18T16:28:57+00:00,2eb300a6-bd34-43d9-94c9-8697b97c5ba7,
d420f92a-9e3c-4c44-813e-c154d0c38ece,76.11,RON,Kaufland ref 91590885,2025-11-18T16:46:57+00:00,12cbffe1-d83b-42c0-8120-8703b8fbd5c6,
958a2e48-f963-4dab-8ae6-eb3a7fea4a1f,69.59,RON,Carrefour ref 24897446,2025-11-18T17:34:57+00:00,82112000-16b4-4f2b-9dee-8ec850f886ea,
e707ed91-622c-4758-9e83-46d971c298b3,63.31,RON,Lidl ref 71082776,2025-11-18T18:11:57+00:00,33a2f3d5-7d4c-460f-ba3e-5b7745b7b856,
47871062-3aef-4d15-988e-9651feeb10cc,46.99,RON,Glovo ref 36741621,2025-11-18T18:42:57+00:00,97c83e0a-8a40-4c3e-b8e3-ae37cffa9985,
8ab4e53c-6865-46a6-bed7-96e869651c41,80.8,RON,Lidl ref 78288540,2025-11-18T19:16:57+00:00,82112000-16b4-4f2b-9dee-8ec850f886ea,
58e9bbad-35b1-473c-ad56-cfd579ab3018,32.79,RON,Lidl ref 81278157,2025-11-18T19:56:57+00:00,0e5779ec-be1a-470f-ad83-a4c869f8d3e4,
edafbf82-f079-4a49-98a0-08b6b4f4bf33,72.45,RON,Lidl ref 59350616,2025-11-18T20:22:57+00:00,6e36dc96-4f61-48f4-b69f-4ca617af9323,
903389b4-6ce0-42ef-8eda-31cc73200e30,30.41,RON,Mega Image ref 52325110,2025-11-18T20:25:57+00:00,aa7898aa-95b2-468b-ac92-275a68599dc4,
cbacc8b6-9b8c-4e0e-ab38-ca2959e150a5,63.56,RON,Carrefour ref 16098023,2025-11-18T20:58:57+00:00,56cc310a-2a4b-4ab3-87df-66009aa0bf74,
a5947d31-7072-48dd-9dd7-b7918d4af93a,287.21,RON,OMV benzina ref 52881821,2025-11-18T21:23:57+00:00,5588e5c9-786a-4f09-8721-a8cedc57f9c8,
26a4850d-1a6b-48d2-8ad7-5ebe91694fbb,36.67,RON,Mega Image ref 41979677,2025-11-18T21:49:57+00:00,7bf7bf91-9958-41e0-bb31-0f54e9f410c9,
9b3aae1b-4b1c-42c7-89da-7c6a23e8ac40,50.02,RON,Mega Image ref 75817715,2025-11-18T22:43:57+00:00,97c83e0a-8a40-4c3e-b8e3-ae37cffa9985,
9d512836-691c-4f38-8c23-b99cb2c2f807,50.02,RON,Farmacia Tei ref 71061361,2025-11-18T22:49:57+00:00,d3228db7-ef32-4e3e-8fa9-f9f8a84cc34d,
bbb54e44-5858-4a1f-8bf1-c5be6272a109,74.37,RON,Glovo ref 59857532,2025-11-18T22:58:57+00:00,6e36dc96-4f61-48f4-b69f-4ca617af9323,
1cc3769e-267f-456b-ad3e-265ec67d6cd5,36.54,RON,Mega Image ref 98313073,2025-11-19T03:55:57+00:00,82112000-16b4-4f2b-9dee-8ec850f886ea,
ca7f7244-c227-4d50-94ce-894d6db3a232,36.75,RON,Glovo ref 56452909,2025-11-19T14:47:57+00:00,56cc310a-2a4b-4ab3-87df-66009aa0bf74,
28d4b9f6-0584-41be-9217-6221a9961790,18.69,RON,Mega Image ref 38410379,2025-11-19T16:39:57+00:00,82112000-16b4-4f2b-9dee-8ec850f886ea,
0f4ad88d-eb0b-4863-8749-ad41c76ab393,128.95,RON,Carrefour ref 95798748,2025-11-19T17:31:57+00:00,33a2f3d5-7d4c-460f-ba3e-5b7745b7b856,
080299aa-3afa-4c95-aeb1-ae289cb52833,37.4,RON,Kaufland ref 50169234,2025-11-19T18:18:57+00:00,2eb300a6-bd34-43d9-94c9-8697b97c5ba7,
3f6aba6f-81c3-4ab7-a706-7505b3430e39,58.13,RON,Glovo ref 51792133,2025-11-19T18:47:57+00:00,82112000-16b4-4f2b-9dee-8ec850f886ea,
fcda4a61-45ce-46ef-a60a-ed23f3f3f5ae,90.09,RON,Lidl ref 82866540,2025-11-19T20:54:57+00:00,12cbffe1-d83b-42c0-8120-8703b8fbd5c6,
41b64add-e44b-4ef1-acd4-ff6e27666668,104.26,RON,Kaufland ref 24295715,2025-11-19T21:01:57+00:00,02c27ee1-ff57-48d4-82c7-6cf491fd62b9,
ebcf3672-87df-4c1c-b09c-b13f8c0499ff,272.82,RON,OMV benzina ref 69716139,2025-11-19T23:11:57+00:00,6e36dc96-4f61-48f4-b69f-4ca617af9323,
b9dde5c4-2e1b-40b9-bb77-cf5557112a65,29.98,RON,Glovo ref 85949228,2025-11-19T23:33:57+00:00,6e36dc96-4f61-48f4-b69f-4ca617af9323,
d0f36c28-0b76-46f7-9f02-26eb254cf7b6,126.66,RON,Carrefour ref 32519486,2025-11-20T00:14:57+00:00,7bf7bf91-9958-41e0-bb31-0f54e9f410c9,
59e1ebf5-ae9a-4684-940e-eb4e078c4973,35.67,RON,Mega Image ref 19615379,2025-11-20T00:28:57+00:00,6e36dc96-4f61-48f4-b69f-4ca617af9323,
41b8acc3-17d2-4c6a-961f-f37bbe31307b,36.52,RON,Mega Image ref 93300870,2025-11-20T01:02:57+00:00,818e12e2-7146-4ffe-a877-ba23cf63df5b,
060fd3b6-5f9c-41f0-9522-1c404b77cf1c,34.02,RON,Glovo ref 44350253,2025-11-20T01:51:57+00:00,aa7898aa-95b2-468b-ac92-275a68599dc4,
f64d4de0-a92a-4880-b684-13397fcbcf31,130.54,RON,Carrefour ref 87422596,2025-11-20T02:12:57+00:00,0e5779ec-be1a-470f-ad83-a4c869f8d3e4,
96ac9b5d-35a2-42f7-b05b-7572a7e3e464,32.89,RON,Mega Image ref 93995709,2025-11-20T02:44:57+00:00,56cc310a-2a4b-4ab3-87df-66009aa0bf74,
dcdf9bbd-95bb-440b-907f-229b15ecc9c4,48.99,RON,Mega Image ref 32841704,2025-11-20T02:58:57+00:00,5588e5c9-786a-4f09-8721-a8cedc57f9c8,
6a27d365-bf5f-47a2-8403-a7a80158e108,71.24,RON,Farmacia Tei ref 61962055,2025-11-20T02:59:57+00:00,12cbffe1-d83b-42c0-8120-8703b8fbd5c6,
24cada76-0143-4281-8bcd-9c1eeed60834,62.16,RON,Mega Image ref 73392298,2025-11-20T03:11:57+00:00,02c27ee1-ff57-48d4-82c7-6cf491fd62b9,
d4ffa666-75c8-490d-9e3d-750df296d9f0,45.0,RON,Digi internet,2025-11-20T06:39:57+00:00,bdd640fb-0667-4ad1-9c80-317fa3b1799d,
efe9e8c9-4497-434d-b7a0-aa7ff0278488,45.0,RON,Digi internet,2025-11-20T06:39:57+00:00,0e5779ec-be1a-470f-ad83-a4c869f8d3e4,
cc274beb-330f-4bae-bd30-37398f5a5787,45.0,RON,Digi internet,2025-11-20T06:39:57+00:00,aa7898aa-95b2-468b-ac92-275a68599dc4,
e3931f65-2cfc-45d7-bae2-8de82f63a62d,45.0,RON,Digi internet,2025-11-20T06:39:57+00:00,7bf7bf91-9958-41e0-bb31-0f54e9f410c9,
c6893b88-8337-4bc2-8459-5ccb6d0144d8,45.0,RON,Digi internet,2025-11-20T06:39:57+00:00,02c27ee1-ff57-48d4-82c7-6cf491fd62b9,
04b7bb51-3df0-45f6-8b6b-078b7b6b9fc1,45.0,RON,Digi internet,2025-11-20T06:39:57+00:00,56cc310a-2a4b-4ab3-87df-66009aa0bf74,
1ce736df-80f7-4a72-8534-a7d79b8bf42c,45.0,RON,Digi internet,2025-11-20T06:39:57+00:00,5588e5c9-786a-4f09-8721-a8cedc57f9c8,
59c629bf-4962-4035-91d7-25af0325c892,45.0,RON,Digi internet,2025-11-20T06:39:57+00:00,33a2f3d5-7d4c-460f-ba3e-5b7745b7b856,
ae9f52e1-031a-4b79-b2d5-ee4984b7f9c5,45.0,RON,Digi internet,2025-11-20T06:39:57+00:00,6e36dc96-4f61-48f4-b69f-4ca617af9323,
f283a8a2-281a-4a54-a1fd-07420819fa99,45.0,RON,Digi internet,2025-11-20T06:39:57+00:00,2eb300a6-bd34-43d9-94c9-8697b97c5ba7,
e74dbf94-3bfb-49a6-8512-d25415d76c7a,45.0,RON,Digi internet,2025-11-20T06:39:57+00:00,818e12e2-7146-4ffe-a877-ba23cf63df5b,
033fbd36-846a-4b4a-b8be-9f1d5e15ca3e,45.0,RON,Digi internet,2025-11-20T06:39:57+00:00,97c83e0a-8a40-4c3e-b8e3-ae37cffa9985,
0a7440d6-2bdf-44e8-bf52-eb038ef96d1d,45.0,RON,Digi internet,2025-11-20T06:39:57+00:00,d3228db7-ef32-4e3e-8fa9-f9f8a84cc34d,
fe7eb3ce-62db-4baa-ba50-500f59aa3ea4,45.0,RON,Digi internet,2025-11-20T06:39:57+00:00,12cbffe1-d83b-42c0-8120-8703b8fbd5c6,
55ddc61b-087b-4cdf-9d75-3f0224729f32,45.0,RON,Digi internet,2025-11-20T06:39:57+00:00,82112000-16b4-4f2b-9dee-8ec850f886ea,
1c953182-02cb-4725-a992-c02a09090686,47.0,RON,Lidl ref 40150400,2025-11-20T14:41:57+00:00,97c83e0a-8a40-4c3e-b8e3-ae37cffa9985,
f48edce4-5ffc-4038-b435-2c2e23747465,55.08,RON,Carrefour ref 17727857,2025-11-20T15:48:57+00:00,56cc310a-2a4b-4ab3-87df-66009aa0bf74,
99191c2b-e532-4a08-a125-d4270d71b0fe,84.95,RON,Carrefour ref 35058941,2025-11-20T15:49:57+00:00,82112000-16b4-4f2b-9dee-8ec850f886ea,
e1c3fe98-0bab-40d6-b1a9-0ecf688066f7,201.22,RON,OMV benzina ref 42903530,2025-11-20T16:07:57+00:00,02c27ee1-ff57-48d4-82c7-6cf491fd62b9,
0b996908-1d57-4d69-a120-84786f18b134,96.93,RON,Kaufland ref 71915863,2025-11-20T16:23:57+00:00,7bf7bf91-9958-41e0-bb31-0f54e9f410c9,
b2896b85-2de1-4552-a564-2341fc154df1,63.13,RON,Glovo ref 41579262,2025-11-20T16:59:57+00:00,82112000-16b4-4f2b-9dee-8ec850f886ea,
c3f9c78c-af70-4164-bf16-44542685602c,86.86,RON,Carrefour ref 42262445,2025-11-20T18:02:57+00:00,0e5779ec-be1a-470f-ad83-a4c869f8d3e4,
e66b2b38-ed03-41cd-9caf-20ae3f45f107,107.49,RON,Kaufland ref 78681119,2025-11-20T18:10:57+00:00,d3228db7-ef32-4e3e-8fa9-f9f8a84cc34d,
bf6d3117-6b66-4778-89a9-128ef2d16b75,116.1,RON,Carrefour ref 16205963,2025-11-20T18:50:57+00:00,d3228db7-ef32-4e3e-8fa9-f9f8a84cc34d,
69c81dbb-9230-44ae-8804-a28f856dbbd5,74.13,RON,Kaufland ref 59488546,2025-11-20T20:28:57+00:00,97c83e0a-8a40-4c3e-b8e3-ae37cffa9985,
d6f34114-292f-4954-8863-453a9786eef2,61.73,RON,Lidl ref 24531132,2025-11-20T22:23:57+00:00,56cc310a-2a4b-4ab3-87df-66009aa0bf74,
658a006d-328d-4044-a406-befcb3e9d15d,321.47,RON,OMV benzina ref 30381128,2025-11-21T00:55:57+00:00,82112000-16b4-4f2b-9dee-8ec850f886ea,
5dee6318-4391-4c2e-9293-fa3c5a023875,34.95,RON,Glovo ref 90675554,2025-11-21T02:47:57+00:00,818e12e2-7146-4ffe-a877-ba23cf63df5b,
138d994c-2b0a-4edd-8774-44cb5543fc3c,110.88,RON,Carrefour ref 39738898,2025-11-21T03:58:57+00:00,bdd640fb-0667-4ad1-9c80-317fa3b1799d,
b84cc165-be8f-49b3-be57-d79b81dd27f3,43.61,RON,Lidl ref 14207820,2025-11-21T15:00:57+00:00,56cc310a-2a4b-4ab3-87df-66009aa0bf74,
6f93327d-4ea6-45cf-b3ab-d8314d7f7468,152.61,RON,Carrefour ref 96785467,2025-11-21T15:18:57+00:00,5588e5c9-786a-4f09-8721-a8cedc57f9c8,
48c3a59d-ec71-42e7-b028-eb2d5e9432d6,41.71,RON,Glovo ref 82195140,2025-11-21T15:19:57+00:00,aa7898aa-95b2-468b-ac92-275a68599dc4,
c257cf73-c29d-482b-a722-796e9a36d1ec,24.9,RON,Mega Image ref 33286644,2025-11-21T15:48:57+00:00,bdd640fb-0667-4ad1-9c80-317fa3b1799d,
49ec6e32-17ca-426b-8bfe-fd65623b3463,47.5,RON,Lidl ref 60019101,2025-11-21T16:31:57+00:00,7bf7bf91-9958-41e0-bb31-0f54e9f410c9,
e3d8f9ae-4d4d-44c3-b341-eb551baaa5f0,35.62,RON,Farmacia Tei ref 14097493,2025-11-21T16:32:57+00:00,5588e5c9-786a-4f09-8721-a8cedc57f9c8,
0e29c12e-e907-4ae7-a222-f39ef00f7fc9,131.09,RON,Carrefour ref 43146793,2025-11-21T16:51:57+00:00,33a2f3d5-7d4c-460f-ba3e-5b7745b7b856,
fdc56285-8f50-411f-bc42-049476d32b96,63.19,RON,Carrefour ref 51680049,2025-11-21T17:40:57+00:00,0e5779ec-be1a-470f-ad83-a4c869f8d3e4,
c672c7ad-a3f7-4352-82b4-e9b1b7557aba,229.51,RON,OMV benzina ref 60585556,2025-11-21T17:56:57+00:00,82112000-16b4-4f2b-9dee-8ec850f886ea,
afd5b90b-41a6-4c90-a91c-0da1a5630d3a,200.2,RON,OMV benzina ref 48526473,2025-11-21T18:33:57+00:00,0e5779ec-be1a-470f-ad83-a4c869f8d3e4,
a38c9963-cea6-46c3-88c7-4528f0758e0a,67.83,RON,Carrefour ref 23342054,2025-11-21T18:37:57+00:00,6e36dc96-4f61-48f4-b69f-4ca617af9323,
fcc810a4-41cc-43a2-9d6b-05ac53e090d0,42.21,RON,Mega Image ref 89907129,2025-11-21T20:58:57+00:00,2eb300a6-bd34-43d9-94c9-8697b97c5ba7,
0f6e1a61-37bd-41e6-aace-0e47dc57a5a9,86.8,RON,Carrefour ref 95704444,2025-11-21T21:29:57+00:00,818e12e2-7146-4ffe-a877-ba23cf63df5b,
79ab0ee0-d355-4a29-9951-301ccf4fffdb,14.7,RON,Mega Image ref 55293092,2025-11-21T22:19:57+00:00,d3228db7-ef32-4e3e-8fa9-f9f8a84cc34d,
adcd5acb-51c3-4102-ab58-2f1a2849141c,230.42,RON,OMV benzina ref 66311713,2025-11-21T22:27:57+00:00,6e36dc96-4f61-48f4-b69f-4ca617af9323,
dc12be61-5f45-47f0-a8d0-6d92cb499646,79.9,RON,Carrefour ref 62643186,2025-11-21T22:42:57+00:00,82112000-16b4-4f2b-9dee-8ec850f886ea,
d1a69d87-f54e-4019-ba35-844e59e1ac09,143.25,RON,Kaufland ref 56892354,2025-11-21T22:51:57+00:00,bdd640fb-0667-4ad1-9c80-317fa3b1799d,
c04675c7-c875-43e5-abcf-d76f46bfc38b,23.57,RON,Glovo ref 74771844,2025-11-21T23:27:57+00:00,7bf7bf91-9958-41e0-bb31-0f54e9f410c9,
66c62fc8-7ef8-4fa6-98bd-2133916a50b7,50.46,RON,Mega Image ref 38022091,2025-11-22T00:16:57+00:00,56cc310a-2a4b-4ab3-87df-66009aa0bf74,
9b510232-fca7-444d-87b7-6d173ff5ea79,46.61,RON,Mega Image ref 75369583,2025-11-22T01:03:57+00:00,aa7898aa-95b2-468b-ac92-275a68599dc4,
3e74ba44-a65e-4003-91bf-4361edb5db91,54.04,RON,Mega Image ref 48837643,2025-11-22T01:54:57+00:00,7bf7bf91-9958-41e0-bb31-0f54e9f410c9,
3bc0e592-692d-47cf-b529-945fea474d74,79.23,RON,Mega Image ref 37069786,2025-11-22T02:43:57+00:00,12cbffe1-d83b-42c0-8120-8703b8fbd5c6,
ae5ec365-72eb-4474-9458-054ec2874f06,48.91,RON,Glovo ref 85663295,2025-11-22T03:19:57+00:00,bdd640fb-0667-4ad1-9c80-317fa3b1799d,
88e06703-bc62-4ccf-9c88-df908a61f755,43.69,RON,Mega Image ref 16511082,2025-11-22T03:23:57+00:00,02c27ee1-ff57-48d4-82c7-6cf491fd62b9,
91718c7e-fdd8-42b2-b00b-fc961b3a2f89,53.88,RON,Glovo ref 47309803,2025-11-22T15:10:57+00:00,56cc310a-2a4b-4ab3-87df-66009aa0bf74,
4ea58999-9d76-4868-a84a-9c8d50185627,14.92,RON,Mega Image ref 39984459,2025-11-22T15:16:57+00:00,56cc310a-2a4b-4ab3-87df-66009aa0bf74,
31f1b6ec-e1ae-4875-9c41-dfd1d713bdaf,22.61,RON,Farmacia Tei ref 21939466,2025-11-22T15:19:57+00:00,d3228db7-ef32-4e3e-8fa9-f9f8a84cc34d,
4088858a-0baf-4fab-a07a-c9fae800a10b,73.51,RON,Farmacia Tei ref 98987822,2025-11-22T16:41:57+00:00,6e36dc96-4f61-48f4-b69f-4ca617af9323,
a89ea4df-471c-40ae-8db4-adabca27cd69,38.45,RON,Lidl ref 44681437,2025-11-22T16:56:57+00:00,0e5779ec-be1a-470f-ad83-a4c869f8d3e4,
ed53583b-33f1-41d8-9a64-93229e303781,78.99,RON,Glovo ref 46981505,2025-11-22T17:20:57+00:00,97c83e0a-8a40-4c3e-b8e3-ae37cffa9985,
4931a8cd-ca56-407a-b881-c3046fd180dd,226.04,RON,Kaufland ref 16980385,2025-11-22T17:22:57+00:00,12cbffe1-d83b-42c0-8120-8703b8fbd5c6,
929ea405-53ed-45f6-bec7-2cca7031e2cd,33.52,RON,Glovo ref 21811852,2025-11-22T19:15:57+00:00,aa7898aa-95b2-468b-ac92-275a68599dc4,
0a4f1e56-8053-4271-8410-1a5f1639f7ca,272.31,RON,OMV benzina ref 22051796,2025-11-22T19:19:57+00:00,97c83e0a-8a40-4c3e-b8e3-ae37cffa9985,
982b555f-1eba-431c-b434-7dd9baf0c07c,68.05,RON,Carrefour ref 34951678,2025-11-22T21:30:57+00:00,33a2f3d5-7d4c-460f-ba3e-5b7745b7b856,
81e0d489-5a18-42a3-8e61-4bcd97674900,38.26,RON,Glovo ref 46866075,2025-11-22T22:19:57+00:00,bdd640fb-0667-4ad1-9c80-317fa3b1799d,
d738177c-228a-4cd7-bcaa-a252e0ad01a0,83.65,RON,Glovo ref 87290137,2025-11-23T00:09:57+00:00,02c27ee1-ff57-48d4-82c7-6cf491fd62b9,
505c1021-157c-4813-a581-620fdc0db266,68.98,RON,Glovo ref 17425900,2025-11-23T02:10:57+00:00,0e5779ec-be1a-470f-ad83-a4c869f8d3e4,
0c7b5f76-3365-4c20-b0dc-f8c744ba505c,27.5,RON,Lidl ref 15168405,2025-11-23T02:26:57+00:00,d3228db7-ef32-4e3e-8fa9-f9f8a84cc34d,
ea7eee0b-677e-4e4d-8068-a64cd5d64a82,133.76,RON,Carrefour ref 71343415,2025-11-23T02:28:57+00:00,7bf7bf91-9958-41e0-bb31-0f54e9f410c9,
4d059883-1778-4020-9edd-3b3aef85866b,161.5,RON,Kaufland ref 60586755,2025-11-23T02:38:57+00:00,97c83e0a-8a40-4c3e-b8e3-ae37cffa9985,
505321a6-78e8-45fa-b1e4-41549ccee93c,73.21,RON,Mega Image ref 59449491,2025-11-23T02:51:57+00:00,33a2f3d5-7d4c-460f-ba3e-5b7745b7b856,
7a3be3f3-7e95-44bd-a972-35043a03001a,41.24,RON,Lidl ref 51027455,2025-11-23T03:05:57+00:00,97c83e0a-8a40-4c3e-b8e3-ae37cffa9985,
abd7126d-c5bf-463c-b842-203186b1e44d,76.62,RON,Lidl ref 43384061,2025-11-23T03:29:57+00:00,56cc310a-2a4b-4ab3-87df-66009aa0bf74,
6527a28e-8f2e-4953-a67c-43a2415d1bd7,43.88,RON,Mega Image ref 38703415,2025-11-23T04:18:57+00:00,818e12e2-7146-4ffe-a877-ba23cf63df5b,
ab1f0327-e59a-4f4e-b8f2-18d06ecf4ff1,102.98,RON,Carrefour ref 68507072,2025-11-23T15:36:57+00:00,7bf7bf91-9958-41e0-bb31-0f54e9f410c9,
2a7a9fa2-0111-4814-8e41-7d6d677afddc,58.2,RON,Glovo ref 94803643,2025-11-23T17:07:57+00:00,56cc310a-2a4b-4ab3-87df-66009aa0bf74,
c10df3f3-7d03-44a2-b172-3f3a17190958,45.66,RON,Glovo ref 38829551,2025-11-23T17:10:57+00:00,97c83e0a-8a40-4c3e-b8e3-ae37cffa9985,
4c956e1e-7dfd-451b-b0f9-245cc07571f2,128.33,RON,Lidl ref 60686092,2025-11-23T18:01:57+00:00,02c27ee1-ff57-48d4-82c7-6cf491fd62b9,
77d5415f-be59-4254-a1da-969f5f4dc37c,118.98,RON,Carrefour ref 15228178,2025-11-23T18:36:57+00:00,56cc310a-2a4b-4ab3-87df-66009aa0bf74,
d87f07ef-4608-4ab9-b7da-1e7d316828ce,74.28,RON,Glovo ref 41012700,2025-11-23T18:50:57+00:00,82112000-16b4-4f2b-9dee-8ec850f886ea,
cdf7eca7-ba01-4aff-a217-39c57c3a4a17,132.18,RON,Dedeman ref 33096117,2025-11-23T19:09:57+00:00,82112000-16b4-4f2b-9dee-8ec850f886ea,
ea1458df-5159-4534-8c7f-bca1035fedea,166.96,RON,Kaufland ref 80682648,2025-11-23T20:03:57+00:00,02c27ee1-ff57-48d4-82c7-6cf491fd62b9,
04d299f8-ad44-44f8-804f-9c8692b290a6,87.39,RON,Glovo ref 39899953,2025-11-23T20:10:57+00:00,02c27ee1-ff57-48d4-82c7-6cf491fd62b9,
58149816-68fb-417a-9bad-e135fdd04ae7,65.74,RON,Carrefour ref 33475938,2025-11-23T20:28:57+00:00,97c83e0a-8a40-4c3e-b8e3-ae37cffa9985,
1a0e54f9-f39f-47a9-9b4e-ca11f30d6f31,65.65,RON,Mega Image ref 53882319,2025-11-23T21:08:57+00:00,5588e5c9-786a-4f09-8721-a8cedc57f9c8,
7eb3cbe9-fee0-40ee-bae1-f7af405b7809,48.32,RON,Glovo ref 81533615,2025-11-23T21:31:57+00:00,6e36dc96-4f61-48f4-b69f-4ca617af9323,
81165a52-787f-4a4c-a205-5618534163d2,128.52,RON,Kaufland ref 94450591,2025-11-23T22:14:57+00:00,33a2f3d5-7d4c-460f-ba3e-5b7745b7b856,
7330a404-6394-4bea-ae90-60ab0dc8a778,59.29,RON,Carrefour ref 82915643,2025-11-23T23:02:57+00:00,d3228db7-ef32-4e3e-8fa9-f9f8a84cc34d,
8c8b9928-30b7-4750-b3ac-97e0950abd73,133.23,RON,Kaufland ref 95975249,2025-11-23T23:44:57+00:00,818e12e2-7146-4ffe-a877-ba23cf63df5b,
485752c6-41e3-4aa6-adbf-b0f0c7cb54a4,67.41,RON,Glovo ref 17026662,2025-11-24T00:08:57+00:00,12cbffe1-d83b-42c0-8120-8703b8fbd5c6,
cc670a1f-9b0a-4c94-8599-3420198aed06,40.92,RON,Mega Image ref 58214537,2025-11-24T00:10:57+00:00,56cc310a-2a4b-4ab3-87df-66009aa0bf74,
bd29ede9-cab4-423b-b448-83858de7ad6c,42.8,RON,Glovo ref 87890494,2025-11-24T00:11:57+00:00,bdd640fb-0667-4ad1-9c80-317fa3b1799d,
e7b4dcd3-5c79-4b20-9a7a-9b4ff50b1168,55.48,RON,Mega Image ref 52139163,2025-11-24T02:43:57+00:00,aa7898aa-95b2-468b-ac92-275a68599dc4,
0d00c96f-1f99-4e9c-8ea2-5b2d1f6c1bef,63.3,RON,Glovo ref 75166886,2025-11-24T03:06:57+00:00,d3228db7-ef32-4e3e-8fa9-f9f8a84cc34d,
836dd2a9-f909-41a5-922b-dfde67959e1b,62.67,RON,Mega Image ref 25519458,2025-11-24T04:09:57+00:00,12cbffe1-d83b-42c0-8120-8703b8fbd5c6,
bb3ce6fa-0a3a-4571-bd32-d75004a278a2,96.19,RON,Lidl ref 22004020,2025-11-24T04:16:57+00:00,12cbffe1-d83b-42c0-8120-8703b8fbd5c6,
80104995-bc06-486b-922b-4fb21ca79972,266.74,RON,OMV benzina ref 41680907,2025-11-24T04:25:57+00:00,0e5779ec-be1a-470f-ad83-a4c869f8d3e4,
40316268-2b22-488f-8645-04beec99239f,127.39,RON,Carrefour ref 14158041,2025-11-24T14:40:57+00:00,97c83e0a-8a40-4c3e-b8e3-ae37cffa9985,
43df099f-162e-4472-af47-a214180b5e04,38.8,RON,Mega Image ref 56401620,2025-11-24T15:04:57+00:00,818e12e2-7146-4ffe-a877-ba23cf63df5b,
37bd0ad8-232c-40a7-a1f6-981e508c99e1,38.25,RON,Farmacia Tei ref 79441887,2025-11-24T15:45:57+00:00,5588e5c9-786a-4f09-8721-a8cedc57f9c8,
432c4995-d379-4bc3-8b21-7f94bc906e5e,27.18,RON,Mega Image ref 85680278,2025-11-24T16:21:57+00:00,56cc310a-2a4b-4ab3-87df-66009aa0bf74,
cbbcacc6-48fd-4cc3-9b47-a43afb92fbcc,189.07,RON,Kaufland ref 90989449,2025-11-24T16:26:57+00:00,82112000-16b4-4f2b-9dee-8ec850f886ea,
812a1f9b-1596-4802-b6dd-6257fb7d9f1c,71.45,RON,Glovo ref 56095437,2025-11-24T16:30:57+00:00,bdd640fb-0667-4ad1-9c80-317fa3b1799d,
695363a6-ccaf-4330-9829-4c36eb8722f7,35.27,RON,Mega Image ref 52751436,2025-11-24T17:12:57+00:00,82112000-16b4-4f2b-9dee-8ec850f886ea,
56f8409c-5264-405a-b078-7539a378dacb,67.68,RON,Lidl ref 81433456,2025-11-24T18:18:57+00:00,818e12e2-7146-4ffe-a877-ba23cf63df5b,
a6928bbf-25aa-44ba-8530-13c6403fe009,59.26,RON,Lidl ref 92811164,2025-11-24T20:39:57+00:00,02c27ee1-ff57-48d4-82c7-6cf491fd62b9,
4a31a020-3c5e-4e12-b6f2-eec0e3204881,149.6,RON,Carrefour ref 32927797,2025-11-24T21:32:57+00:00,5588e5c9-786a-4f09-8721-a8cedc57f9c8,
001b482e-ac33-479f-bfbe-76839fc7d097,172.01,RON,Carrefour ref 97606853,2025-11-24T21:44:57+00:00,6e36dc96-4f61-48f4-b69f-4ca617af9323,
ea9326f6-ec22-4123-9164-d6519d36dea0,66.21,RON,Carrefour ref 63529154,2025-11-24T22:13:57+00:00,7bf7bf91-9958-41e0-bb31-0f54e9f410c9,
2796e547-48c2-444b-981f-f6dd0b299a72,77.35,RON,Carrefour ref 12975459,2025-11-25T00:26:57+00:00,12cbffe1-d83b-42c0-8120-8703b8fbd5c6,
bb24c389-a4d4-4e7e-9e0a-d653ff208ad0,48.55,RON,Lidl ref 67074201,2025-11-25T00:34:57+00:00,82112000-16b4-4f2b-9dee-8ec850f886ea,
171da81d-b57e-426c-9627-999ade14b989,94.39,RON,Lidl ref 50143289,2025-11-25T01:04:57+00:00,7bf7bf91-9958-41e0-bb31-0f54e9f410c9,
5d286aa4-28a3-4779-9c1c-351785d2d0a6,136.07,RON,Carrefour ref 80339290,2025-11-25T02:07:57+00:00,bdd640fb-0667-4ad1-9c80-317fa3b1799d,
bf957403-ce4b-42bb-a3d3-ce8ebcbb859a,42.21,RON,Glovo ref 88426937,2025-11-25T02:59:57+00:00,0e5779ec-be1a-470f-ad83-a4c869f8d3e4,
f5fb2fbd-6d1e-4722-a0ab-bc7fc47b90ed,47.98,RON,Kaufland ref 72872905,2025-11-25T03:28:57+00:00,2eb300a6-bd34-43d9-94c9-8697b97c5ba7,
57767816-7166-4346-aed5-d9fb58b8aa20,80.93,RON,Glovo ref 39511127,2025-11-25T15:10:57+00:00,6e36dc96-4f61-48f4-b69f-4ca617af9323,
a8149562-da00-4f16-b946-9bcf4082cbb9,103.95,RON,Carrefour ref 48137561,2025-11-25T16:14:57+00:00,bdd640fb-0667-4ad1-9c80-317fa3b1799d,
649ff39c-f152-4a82-ac95-722065005015,65.34,RON,Mega Image ref 43795754,2025-11-25T16:48:57+00:00,5588e5c9-786a-4f09-8721-a8cedc57f9c8,
fda029e7-65da-473f-b625-a53a639d2d06,69.52,RON,Lidl ref 13768502,2025-11-25T17:07:57+00:00,97c83e0a-8a40-4c3e-b8e3-ae37cffa9985,
4923d0c9-789e-44cc-b5b7-d56faa3ca596,60.34,RON,Mega Image ref 69058283,2025-11-25T17:45:57+00:00,02c27ee1-ff57-48d4-82c7-6cf491fd62b9,
7d8823d2-0e51-4083-96e8-3922dce70289,94.89,RON,Kaufland ref 44132362,2025-11-25T17:56:57+00:00,0e5779ec-be1a-470f-ad83-a4c869f8d3e4,
d5c4b7af-eff2-4b85-bf34-a4af502998fa,36.31,RON,Glovo ref 28714992,2025-11-25T18:28:57+00:00,5588e5c9-786a-4f09-8721-a8cedc57f9c8,
44e5b5c2-4e15-423e-a699-e308f5582545,38.6,RON,Mega Image ref 26525870,2025-11-25T18:31:57+00:00,818e12e2-7146-4ffe-a877-ba23cf63df5b,
0eb46e1a-3720-48c6-8441-c6ff984a3d02,87.34,RON,Carrefour ref 65008482,2025-11-25T18:33:57+00:00,82112000-16b4-4f2b-9dee-8ec850f886ea,
86ed28c8-c311-4ee3-bc0c-e0803e562fdd,100.13,RON,Carrefour ref 20027472,2025-11-25T18:55:57+00:00,12cbffe1-d83b-42c0-8120-8703b8fbd5c6,
326a2092-d75b-4263-b9f8-573eea03f1a5,238.1,RON,OMV benzina ref 43564081,2025-11-25T20:59:57+00:00,d3228db7-ef32-4e3e-8fa9-f9f8a84cc34d,
6efd8fb1-e4a9-4588-a015-5171ed850f27,68.43,RON,Mega Image ref 43913420,2025-11-25T21:18:57+00:00,6e36dc96-4f61-48f4-b69f-4ca617af9323,
02db6c2d-99c4-449d-9b81-35085c8b1373,58.37,RON,Mega Image ref 57678673,2025-11-25T21:21:57+00:00,82112000-16b4-4f2b-9dee-8ec850f886ea,
3156193e-d6c8-408c-96e4-dc165e11bf34,142.01,RON,Kaufland ref 29127432,2025-11-25T21:26:57+00:00,82112000-16b4-4f2b-9dee-8ec850f886ea,
ee1015e4-536e-44a7-8f77-43a780d4a6dc,94.08,RON,Lidl ref 76919658,2025-11-25T22:21:57+00:00,33a2f3d5-7d4c-460f-ba3e-5b7745b7b856,
4feaf4ed-d829-4d37-b0f3-201577f90adb,111.44,RON,Lidl ref 12357163,2025-11-25T22:56:57+00:00,02c27ee1-ff57-48d4-82c7-6cf491fd62b9,
81140235-f5b4-4ee1-8836-a865fee33607,22.98,RON,Glovo ref 68680918,2025-11-25T23:02:57+00:00,aa7898aa-95b2-468b-ac92-275a68599dc4,
7bc1262e-464b-412c-ab98-82aea98ba830,365.69,RON,OMV benzina ref 65714968,2025-11-26T01:28:57+00:00,6e36dc96-4f61-48f4-b69f-4ca617af9323,
4cdd48a7-d98b-4422-99a1-cdc1a4a8c8d4,59.46,RON,Farmacia Tei ref 30847169,2025-11-26T01:40:57+00:00,2eb300a6-bd34-43d9-94c9-8697b97c5ba7,
f917a8b2-e50c-42f4-9c1b-add7f1f5a5a1,74.15,RON,Glovo ref 31082657,2025-11-26T01:47:57+00:00,33a2f3d5-7d4c-460f-ba3e-5b7745b7b856,
b72a2965-e023-4bc9-b648-415dacc73535,58.94,RON,Lidl ref 31750910,2025-11-26T02:27:57+00:00,818e12e2-7146-4ffe-a877-ba23cf63df5b,
a96914f6-5d21-4c63-bef6-cdbc47066625,308.75,RON,OMV benzina ref 49236726,2025-11-26T02:42:57+00:00,33a2f3d5-7d4c-460f-ba3e-5b7745b7b856,
ae5e8962-9c44-4f56-ae07-950ce8e77d1e,169.89,RON,Kaufland ref 75538147,2025-11-26T02:51:57+00:00,6e36dc96-4f61-48f4-b69f-4ca617af9323,
4b50c34d-33ca-41ee-8c59-1d006b70d4d5,234.39,RON,OMV benzina ref 67699732,2025-11-26T03:14:57+00:00,7bf7bf91-9958-41e0-bb31-0f54e9f410c9,
28815cd9-8821-4541-9cc1-fb5ec7d4a10f,17.7,RON,Mega Image ref 84932501,2025-11-26T16:15:57+00:00,aa7898aa-95b2-468b-ac92-275a68599dc4,
b2cf952d-a7f3-43b3-b7ba-f55e4f6b58c8,76.83,RON,Lidl ref 56952151,2025-11-26T16:16:57+00:00,bdd640fb-0667-4ad1-9c80-317fa3b1799d,
cfe06ac9-cf70-45e7-8d39-4846d441b7f0,38.83,RON,Glovo ref 53346833,2025-11-26T17:09:57+00:00,56cc310a-2a4b-4ab3-87df-66009aa0bf74,
afce14ca-f95f-4755-9df8-434fe853a764,113.23,RON,Dedeman ref 19850957,2025-11-26T17:20:57+00:00,818e12e2-7146-4ffe-a877-ba23cf63df5b,
13429ed6-0152-4a02-a6c3-6f0202ed7cba,200.48,RON,Kaufland ref 35873835,2025-11-26T17:45:57+00:00,6e36dc96-4f61-48f4-b69f-4ca617af9323,
90d52b99-a2a1-4620-a5d0-111f852146cd,187.76,RON,OMV benzina ref 84547316,2025-11-26T18:13:57+00:00,7bf7bf91-9958-41e0-bb31-0f54e9f410c9,
524a430b-42f8-4a63-8b49-b87c3e7e2098,45.12,RON,Glovo ref 38511758,2025-11-26T18:55:57+00:00,818e12e2-7146-4ffe-a877-ba23cf63df5b,
1412a377-abb3-4a24-8de5-e9029f03d1c1,46.83,RON,Glovo ref 54636298,2025-11-26T19:03:57+00:00,33a2f3d5-7d4c-460f-ba3e-5b7745b7b856,
dcc6e16c-83d4-440d-b4fb-03b3ab14e526,44.65,RON,Glovo ref 42238553,2025-11-26T20:19:57+00:00,d3228db7-ef32-4e3e-8fa9-f9f8a84cc34d,
b21b993c-b61a-420b-a0a7-1f07e053deae,34.06,RON,Glovo ref 61430193,2025-11-26T21:57:57+00:00,6e36dc96-4f61-48f4-b69f-4ca617af9323,
c466b657-0f38-4f0d-8c32-0c0f7e27b1e1,53.41,RON,Mega Image ref 80947322,2025-11-26T22:07:57+00:00,d3228db7-ef32-4e3e-8fa9-f9f8a84cc34d,
eb30ea1a-9e7b-4e5a-a276-2a35c5d376db,37.23,RON,Mega Image ref 51733227,2025-11-26T22:09:57+00:00,5588e5c9-786a-4f09-8721-a8cedc57f9c8,
679e7254-25c6-44ba-b317-2b9fb0928aeb,58.85,RON,Lidl ref 34423105,2025-11-26T22:18:57+00:00,33a2f3d5-7d4c-460f-ba3e-5b7745b7b856,
e7bd1db7-f780-4afc-a538-c6a705651e80,57.39,RON,Lidl ref 51362065,2025-11-26T22:24:57+00:00,0e5779ec-be1a-470f-ad83-a4c869f8d3e4,
089cfd5a-9d3c-44ab-a287-dd107c64df0e,65.22,RON,Kaufland ref 46965029,2025-11-26T23:14:57+00:00,56cc310a-2a4b-4ab3-87df-66009aa0bf74,
5d34a219-1299-4cb3-9d47-0a35c8163c27,57.02,RON,Glovo ref 75135201,2025-11-26T23:22:57+00:00,7bf7bf91-9958-41e0-bb31-0f54e9f410c9,
851eb39e-a431-4df2-8965-afa751eb8526,408.86,RON,Dedeman ref 91386119,2025-11-26T23:27:57+00:00,02c27ee1-ff57-48d4-82c7-6cf491fd62b9,
98e6c1b8-a318-4ff6-a826-d8330e567e61,166.23,RON,OMV benzina ref 56424185,2025-11-27T00:12:57+00:00,d3228db7-ef32-4e3e-8fa9-f9f8a84cc34d,
f90a46bc-7beb-4a17-97ed-56c42cb5c00a,56.28,RON,Lidl ref 48525631,2025-11-27T02:11:57+00:00,97c83e0a-8a40-4c3e-b8e3-ae37cffa9985,
91c0e6c0-13d9-4ad0-9809-5e6d741ad2c2,49.18,RON,Farmacia Tei ref 58723900,2025-11-27T03:16:57+00:00,7bf7bf91-9958-41e0-bb31-0f54e9f410c9,
fe70bd6c-130d-4e10-809a-0c5d67d149ba,108.92,RON,Farmacia Tei ref 96692867,2025-11-27T04:09:57+00:00,82112000-16b4-4f2b-9dee-8ec850f886ea,
9198f69d-fd3a-42df-a888-d6cf549d9bfe,31.35,RON,Mega Image ref 22157326,2025-11-27T04:12:57+00:00,6e36dc96-4f61-48f4-b69f-4ca617af9323,
a18d218d-f6a0-401f-9969-c458745d8729,32.52,RON,Mega Image ref 58117953,2025-11-27T15:47:57+00:00,7bf7bf91-9958-41e0-bb31-0f54e9f410c9,
5df323f5-4cda-419d-93a9-c83176472dce,48.34,RON,Mega Image ref 41501634,2025-11-27T15:54:57+00:00,56cc310a-2a4b-4ab3-87df-66009aa0bf74,
b20904fb-0814-4870-8873-93d3e9d491ba,224.94,RON,OMV benzina ref 24747409,2025-11-27T16:32:57+00:00,56cc310a-2a4b-4ab3-87df-66009aa0bf74,
92ecfd73-8dbd-4e25-8e50-5cee3ebb5527,78.81,RON,Glovo ref 91421648,2025-11-27T16:42:57+00:00,818e12e2-7146-4ffe-a877-ba23cf63df5b,
d5ca69ab-8a2e-4a93-8558-0bb281f7f3fb,25.7,RON,Glovo ref 23574883,2025-11-27T16:48:57+00:00,bdd640fb-0667-4ad1-9c80-317fa3b1799d,
f1cf2534-169e-4ccf-9a68-190390bf8f54,62.37,RON,Glovo ref 93488047,2025-11-27T16:48:57+00:00,82112000-16b4-4f2b-9dee-8ec850f886ea,
8b51fdb5-8964-46a9-8045-9b31263059b7,136.26,RON,Kaufland ref 84533976,2025-11-27T17:30:57+00:00,56cc310a-2a4b-4ab3-87df-66009aa0bf74,
fc493658-408b-43a6-bd4e-e51dd636f560,137.56,RON,Lidl ref 61269135,2025-11-27T17:33:57+00:00,6e36dc96-4f61-48f4-b69f-4ca617af9323,
7da0d3a5-65d7-4425-98af-27a93c32362f,138.57,RON,Kaufland ref 99045683,2025-11-27T18:48:57+00:00,6e36dc96-4f61-48f4-b69f-4ca617af9323,
31274148-7c7c-404e-8422-d03ef29a6339,266.89,RON,OMV benzina ref 55866538,2025-11-27T18:50:57+00:00,bdd640fb-0667-4ad1-9c80-317fa3b1799d,
f92cc0e6-8663-4c8f-aae4-641aa16de5b9,31.26,RON,Glovo ref 19407838,2025-11-27T21:09:57+00:00,97c83e0a-8a40-4c3e-b8e3-ae37cffa9985,
9e59dc6d-e2b3-4007-8819-2c5d8742d40f,78.96,RON,Carrefour ref 70817881,2025-11-27T22:20:57+00:00,6e36dc96-4f61-48f4-b69f-4ca617af9323,
1335bd82-2253-443a-9cfe-7b2e7c9e9676,149.44,RON,Carrefour ref 77002394,2025-11-27T23:23:57+00:00,5588e5c9-786a-4f09-8721-a8cedc57f9c8,
2a384110-0a22-40c6-b656-1efb26cb2e3b,116.03,RON,Dedeman ref 34874957,2025-11-28T00:23:57+00:00,818e12e2-7146-4ffe-a877-ba23cf63df5b,
1f1c0b97-c9b9-47f3-8379-56f8eb8acd15,50.86,RON,Glovo ref 26345515,2025-11-28T01:03:57+00:00,56cc310a-2a4b-4ab3-87df-66009aa0bf74,
6c645c15-aba3-41cb-a561-e1e917ec889c,98.67,RON,Lidl ref 80651318,2025-11-28T02:32:57+00:00,bdd640fb-0667-4ad1-9c80-317fa3b1799d,
d9696ac6-9035-4e30-b940-d2818e99313e,29.9,RON,Mega Image ref 73464834,2025-11-28T02:35:57+00:00,97c83e0a-8a40-4c3e-b8e3-ae37cffa9985,
649a0bf9-f5f3-443a-a8e7-f03002038340,129.99,RON,Carrefour ref 62139697,2025-11-28T03:54:57+00:00,0e5779ec-be1a-470f-ad83-a4c869f8d3e4,
83315ec6-99c3-4f06-9e20-af637a90a7ac,75.51,RON,Mega Image ref 76478372,2025-11-28T04:03:57+00:00,12cbffe1-d83b-42c0-8120-8703b8fbd5c6,
5ec9cc06-06aa-4965-a47b-eef74d65e066,73.33,RON,Carrefour ref 50841613,2025-11-28T04:05:57+00:00,82112000-16b4-4f2b-9dee-8ec850f886ea,
d553f769-915f-4514-8059-2bd0df945be7,62.08,RON,Kaufland ref 22417137,2025-11-28T15:40:57+00:00,56cc310a-2a4b-4ab3-87df-66009aa0bf74,
72e7270b-0428-4b5e-af76-66c47135c7d1,112.0,RON,Carrefour ref 96265795,2025-11-28T16:06:57+00:00,d3228db7-ef32-4e3e-8fa9-f9f8a84cc34d,
64055132-c474-4e25-9847-c729bc1f1d42,59.31,RON,Carrefour ref 18181011,2025-11-28T16:20:57+00:00,6e36dc96-4f61-48f4-b69f-4ca617af9323,
739054d7-207c-4452-8fce-6368b0171e20,289.76,RON,OMV benzina ref 81284323,2025-11-28T17:03:57+00:00,97c83e0a-8a40-4c3e-b8e3-ae37cffa9985,
e0803d25-aa1c-464b-bb53-7ad637fe827c,90.92,RON,Lidl ref 37842617,2025-11-28T17:14:57+00:00,82112000-16b4-4f2b-9dee-8ec850f886ea,
6a57330e-c3e2-49ff-bbf9-ba1af698a2fd,103.62,RON,Kaufland ref 90352183,2025-11-28T17:28:57+00:00,2eb300a6-bd34-43d9-94c9-8697b97c5ba7,
d95b7380-e3b2-4ac8-bc80-6f94e18e06f6,123.83,RON,Kaufland ref 55276138,2025-11-28T17:41:57+00:00,82112000-16b4-4f2b-9dee-8ec850f886ea,
8f4ef87a-1963-4979-b422-bd322e7b824e,97.62,RON,Carrefour ref 81961880,2025-11-28T18:50:57+00:00,82112000-16b4-4f2b-9dee-8ec850f886ea,
dc60fbae-c8d5-4ba1-b72b-22a0423d243c,74.83,RON,Glovo ref 76488306,2025-11-28T19:31:57+00:00,82112000-16b4-4f2b-9dee-8ec850f886ea,
bcca38a6-a1df-4370-989f-91b5f174188a,78.81,RON,Kaufland ref 52291774,2025-11-28T20:52:57+00:00,12cbffe1-d83b-42c0-8120-8703b8fbd5c6,
788e7872-41d8-457c-a923-d32680f7e737,68.48,RON,Mega Image ref 13412435,2025-11-28T21:49:57+00:00,6e36dc96-4f61-48f4-b69f-4ca617af9323,
75e7f531-1e26-4c3d-b514-083ef8b53c16,50.54,RON,Lidl ref 52191957,2025-11-28T22:02:57+00:00,7bf7bf91-9958-41e0-bb31-0f54e9f410c9,
d1f92f96-bd4d-48c8-b14d-53b0c7f7040b,53.45,RON,Lidl ref 80828569,2025-11-29T01:15:57+00:00,aa7898aa-95b2-468b-ac92-275a68599dc4,
78464785-3f19-4434-b217-ffcb0835172b,13.7,RON,Mega Image ref 76853659,2025-11-29T01:30:57+00:00,d3228db7-ef32-4e3e-8fa9-f9f8a84cc34d,
131ad6fa-c8b8-4c6c-af54-2dc69a24beb8,47.63,RON,Glovo ref 61686786,2025-11-29T01:47:57+00:00,7bf7bf91-9958-41e0-bb31-0f54e9f410c9,
692e07b6-0b2f-4d5c-b00b-5d5fb89f72f3,56.18,RON,Glovo ref 32218290,2025-11-29T02:28:57+00:00,bdd640fb-0667-4ad1-9c80-317fa3b1799d,
33ab6ceb-1cf0-4f03-802f-74068c13ea4e,244.84,RON,Dedeman ref 92509986,2025-11-29T02:53:57+00:00,2eb300a6-bd34-43d9-94c9-8697b97c5ba7,
ccd5b30f-6ff7-4cec-bdd6-8c3e32429a7d,341.55,RON,OMV benzina ref 19951749,2025-11-29T03:14:57+00:00,82112000-16b4-4f2b-9dee-8ec850f886ea,
f0d4ad0c-23a2-4fe4-af3c-fc8f5e58e27a,124.02,RON,Kaufland ref 86724177,2025-11-29T03:39:57+00:00,7bf7bf91-9958-41e0-bb31-0f54e9f410c9,
b01bb171-04c7-4f58-92b2-eb13dabec72a,72.5,RON,Glovo ref 59710339,2025-11-29T03:52:57+00:00,5588e5c9-786a-4f09-8721-a8cedc57f9c8,
d6755ee0-6165-48d7-a2ff-51181ba2f4ca,91.04,RON,Carrefour ref 80910930,2025-11-29T16:01:57+00:00,2eb300a6-bd34-43d9-94c9-8697b97c5ba7,
b89e2855-9a59-4a85-8762-6fec1dd79d6f,31.98,RON,Farmacia Tei ref 24441316,2025-11-29T16:42:57+00:00,12cbffe1-d83b-42c0-8120-8703b8fbd5c6,
ba6d4b35-dee5-4934-b60f-1d7da0e0ead7,362.41,RON,Dedeman ref 63481086,2025-11-29T18:30:57+00:00,6e36dc96-4f61-48f4-b69f-4ca617af9323,
539d5223-c48d-476c-acae-8af89599b267,57.62,RON,Kaufland ref 39915787,2025-11-29T20:06:57+00:00,aa7898aa-95b2-468b-ac92-275a68599dc4,
c22b6013-977b-45d6-95d2-215d562e4c33,82.53,RON,Kaufland ref 15950259,2025-11-29T21:20:57+00:00,d3228db7-ef32-4e3e-8fa9-f9f8a84cc34d,
9a7a7055-0bc4-4b11-a45a-c5af3219f9f1,105.46,RON,Lidl ref 38320915,2025-11-29T21:54:57+00:00,97c83e0a-8a40-4c3e-b8e3-ae37cffa9985,
5c3b6de7-8bf0-4cc4-97ab-53dee9112990,68.73,RON,Glovo ref 32808573,2025-11-29T22:49:57+00:00,97c83e0a-8a40-4c3e-b8e3-ae37cffa9985,
196ba2d1-020e-408f-b887-5e4b7b58a163,212.47,RON,OMV benzina ref 71328452,2025-11-29T23:43:57+00:00,2eb300a6-bd34-43d9-94c9-8697b97c5ba7,
9cfc867e-44ae-4639-8612-ca2bfaa96362,37.21,RON,Mega Image ref 35254832,2025-11-29T23:56:57+00:00,d3228db7-ef32-4e3e-8fa9-f9f8a84cc34d,
c2fae71c-4c0f-4a98-9e45-7872b323fa5b,42.7,RON,Glovo ref 85384355,2025-11-30T00:06:57+00:00,82112000-16b4-4f2b-9dee-8ec850f886ea,
a30a3a38-ef1a-45c1-9834-ea93d041efa4,142.12,RON,Dedeman ref 67367547,2025-11-30T00:48:57+00:00,82112000-16b4-4f2b-9dee-8ec850f886ea,
8f3648b4-ca53-4e22-afcd-e2a70b2c7790,24.42,RON,Glovo ref 92889402,2025-11-30T01:03:57+00:00,d3228db7-ef32-4e3e-8fa9-f9f8a84cc34d,
fe8a9b66-3dce-4e36-88d9-2803f08e66bc,110.75,RON,Lidl ref 74587324,2025-11-30T01:06:57+00:00,12cbffe1-d83b-42c0-8120-8703b8fbd5c6,
6ea8a10d-2ecf-4d77-86c9-5074583bfc76,60.97,RON,Mega Image ref 28464221,2025-11-30T03:08:57+00:00,5588e5c9-786a-4f09-8721-a8cedc57f9c8,
53e6ec05-38ac-4f0f-bcdc-75627b1960d8,27.64,RON,Lidl ref 99016074,2025-11-30T15:21:57+00:00,818e12e2-7146-4ffe-a877-ba23cf63df5b,
d6a01a22-957f-4ad2-9e6e-293db75437c8,126.89,RON,Carrefour ref 92945169,2025-11-30T15:31:57+00:00,6e36dc96-4f61-48f4-b69f-4ca617af9323,
f1a158d1-1c61-4ade-9a88-73ec8402dccf,15.5,RON,Mega Image ref 19363099,2025-11-30T15:56:57+00:00,56cc310a-2a4b-4ab3-87df-66009aa0bf74,
8b9c988a-5bb2-4e92-9cf7-b51012c47718,57.42,RON,Kaufland ref 83660543,2025-11-30T18:18:57+00:00,2eb300a6-bd34-43d9-94c9-8697b97c5ba7,
0a199083-d83e-462a-b1ca-680c9a178669,18.13,RON,Mega Image ref 81594695,2025-11-30T18:50:57+00:00,aa7898aa-95b2-468b-ac92-275a68599dc4,
77d53329-9c30-476d-a38d-ce1ba4842360,48.58,RON,Farmacia Tei ref 21608188,2025-11-30T19:29:57+00:00,82112000-16b4-4f2b-9dee-8ec850f886ea,
309c19fb-cc29-4cfa-9502-9eca596537cd,351.35,RON,Dedeman ref 13225980,2025-11-30T22:26:57+00:00,33a2f3d5-7d4c-460f-ba3e-5b7745b7b856,
5ee27a01-cd6f-4850-9f2b-399a1eea952e,60.87,RON,Farmacia Tei ref 28402177,2025-11-30T22:31:57+00:00,2eb300a6-bd34-43d9-94c9-8697b97c5ba7,
5f07c1a5-dfc6-40ce-bb07-fd31a4244f23,69.99,RON,Glovo ref 17003454,2025-11-30T23:47:57+00:00,bdd640fb-0667-4ad1-9c80-317fa3b1799d,
5f1c9ef6-1621-43fe-ae6f-0fa2ea2d97c8,175.43,RON,Kaufland ref 96200200,2025-11-30T23:52:57+00:00,02c27ee1-ff57-48d4-82c7-6cf491fd62b9,
61c2645a-c733-4304-8822-3120c4f9eccd,152.33,RON,Kaufland ref 71965637,2025-12-01T01:15:57+00:00,bdd640fb-0667-4ad1-9c80-317fa3b1799d,
94080eb5-a4fb-404d-87ca-19f00fe72140,74.88,RON,Carrefour ref 22412108,2025-12-01T01:17:57+00:00,2eb300a6-bd34-43d9-94c9-8697b97c5ba7,
5d421f5e-a338-495c-a167-903572d0277a,34.68,RON,Glovo ref 90549751,2025-12-01T02:43:57+00:00,2eb300a6-bd34-43d9-94c9-8697b97c5ba7,
264af6f3-802a-4717-8a77-444a77ff4810,148.37,RON,Lidl ref 22123631,2025-12-01T03:12:57+00:00,02c27ee1-ff57-48d4-82c7-6cf491fd62b9,
b306604b-51ae-4696-8d08-4d9494b7d5df,58.04,RON,Mega Image ref 41398029,2025-12-01T04:06:57+00:00,5588e5c9-786a-4f09-8721-a8cedc57f9c8,
45d5a68d-290a-4abb-835b-9fea1578d709,121.71,RON,Carrefour ref 48260510,2025-12-01T04:12:57+00:00,bdd640fb-0667-4ad1-9c80-317fa3b1799d,
22d6f0a2-a41f-4d38-8a80-3df87182fcf2,79.81,RON,Lidl ref 94578152,2025-12-01T15:20:57+00:00,0e5779ec-be1a-470f-ad83-a4c869f8d3e4,
77ab7fff-0fcc-4ca4-897f-c82ceebace0a,28.87,RON,Farmacia Tei ref 69651460,2025-12-01T15:35:57+00:00,82112000-16b4-4f2b-9dee-8ec850f886ea,
dd26a8e8-fa89-4b0c-92f2-e31fb822b8f5,82.22,RON,Carrefour ref 32200740,2025-12-01T16:28:57+00:00,97c83e0a-8a40-4c3e-b8e3-ae37cffa9985,
60049bb5-ad65-420a-839e-9816c000fae6,51.84,RON,Lidl ref 28565837,2025-12-01T17:08:57+00:00,2eb300a6-bd34-43d9-94c9-8697b97c5ba7,
55d596af-a663-42cd-b6f6-dbf1d6d441cc,66.99,RON,Carrefour ref 23298711,2025-12-01T17:40:57+00:00,bdd640fb-0667-4ad1-9c80-317fa3b1799d,
568db4e8-296b-4d75-9e40-10480d428dae,30.02,RON,Mega Image ref 35354100,2025-12-01T18:02:57+00:00,818e12e2-7146-4ffe-a877-ba23cf63df5b,
3fe604f4-2867-4d3b-9c5f-3cba150d28eb,28.93,RON,Mega Image ref 87283822,2025-12-01T18:19:57+00:00,0e5779ec-be1a-470f-ad83-a4c869f8d3e4,
0da23e5c-6a36-4f18-86d3-db93ee33688d,34.09,RON,Mega Image ref 56920514,2025-12-01T18:31:57+00:00,bdd640fb-0667-4ad1-9c80-317fa3b1799d,
b1f94a09-7408-4646-93a7-1719bcdf8302,130.47,RON,Kaufland ref 83514771,2025-12-01T21:17:57+00:00,0e5779ec-be1a-470f-ad83-a4c869f8d3e4,
2057111f-243b-4306-93f6-5b6fd84ccc20,198.09,RON,OMV benzina ref 10387371,2025-12-01T21:28:57+00:00,7bf7bf91-9958-41e0-bb31-0f54e9f410c9,
38561675-24f8-4a96-b995-30cf75cd9559,30.7,RON,Mega Image ref 27920423,2025-12-01T21:38:57+00:00,02c27ee1-ff57-48d4-82c7-6cf491fd62b9,
2bd7e12e-e247-4f64-a6c8-fd99fb0ee501,113.45,RON,Glovo ref 13620505,2025-12-02T00:11:57+00:00,02c27ee1-ff57-48d4-82c7-6cf491fd62b9,
86b15cf8-a205-4bdc-958e-fc89022e6b2a,46.17,RON,Glovo ref 84304128,2025-12-02T01:05:57+00:00,2eb300a6-bd34-43d9-94c9-8697b97c5ba7,
3ba1e896-6a63-46a9-bb6d-4b6e0668bd6b,21.97,RON,Glovo ref 61517501,2025-12-02T01:18:57+00:00,d3228db7-ef32-4e3e-8fa9-f9f8a84cc34d,
9655c748-dfb6-4993-b1e7-36721da7f6dc,33.96,RON,Lidl ref 95386753,2025-12-02T01:53:57+00:00,56cc310a-2a4b-4ab3-87df-66009aa0bf74,
d5c31b18-d55c-41b2-bc71-7adb5f72fe57,28.59,RON,Mega Image ref 49412831,2025-12-02T04:14:57+00:00,7bf7bf91-9958-41e0-bb31-0f54e9f410c9,
4592796f-63c5-4cd3-a911-9ba1c34f36da,15.98,RON,Mega Image ref 57471125,2025-12-02T14:51:57+00:00,56cc310a-2a4b-4ab3-87df-66009aa0bf74,
97187943-6168-44a8-855f-30a134a450e3,34.51,RON,Mega Image ref 36660705,2025-12-02T15:07:57+00:00,aa7898aa-95b2-468b-ac92-275a68599dc4,
fdebd029-7852-48de-9d50-f7e7d8fd8386,243.96,RON,OMV benzina ref 47372406,2025-12-02T16:52:57+00:00,7bf7bf91-9958-41e0-bb31-0f54e9f410c9,
35aad597-c1b0-444b-a9b2-b32c1f27fa2c,74.42,RON,Glovo ref 79322944,2025-12-02T17:11:57+00:00,aa7898aa-95b2-468b-ac92-275a68599dc4,
c99cb5f3-e2ae-4d53-b89b-4995e32e3ac4,51.54,RON,Glovo ref 54036615,2025-12-02T17:37:57+00:00,7bf7bf91-9958-41e0-bb31-0f54e9f410c9,
43b77afc-b857-46a8-929b-91f92c3339eb,107.08,RON,Carrefour ref 32152203,2025-12-02T18:21:57+00:00,97c83e0a-8a40-4c3e-b8e3-ae37cffa9985,
c6b33fe6-1c76-4df6-ac5a-6c93871c0884,150.2,RON,OMV benzina ref 91722503,2025-12-02T18:32:57+00:00,bdd640fb-0667-4ad1-9c80-317fa3b1799d,
72d78bdd-7817-49ff-b49e-04ccc24369e7,134.45,RON,Kaufland ref 28628439,2025-12-02T19:37:57+00:00,bdd640fb-0667-4ad1-9c80-317fa3b1799d,
3835b4d1-aa7b-4257-84ce-5acf07f33e14,61.35,RON,Glovo ref 81684558,2025-12-02T20:29:57+00:00,d3228db7-ef32-4e3e-8fa9-f9f8a84cc34d,
438459ad-0659-4675-b647-d396e08190ed,85.26,RON,Kaufland ref 45509197,2025-12-02T20:32:57+00:00,6e36dc96-4f61-48f4-b69f-4ca617af9323,
86cd19b5-7572-4920-80da-2406d1498761,30.04,RON,Lidl ref 98661834,2025-12-02T21:08:57+00:00,56cc310a-2a4b-4ab3-87df-66009aa0bf74,
329a18c6-ddad-4203-a5d1-da47edcefcf6,21.58,RON,Mega Image ref 42932999,2025-12-02T21:15:57+00:00,d3228db7-ef32-4e3e-8fa9-f9f8a84cc34d,
e7b7b4c6-d631-4a80-9c61-2ec210142131,115.82,RON,Carrefour ref 71352751,2025-12-02T21:19:57+00:00,bdd640fb-0667-4ad1-9c80-317fa3b1799d,
be7301e9-de16-40ea-b1a6-de4806822e13,139.04,RON,Kaufland ref 60346941,2025-12-02T21:46:57+00:00,aa7898aa-95b2-468b-ac92-275a68599dc4,
430679d8-b058-4c0b-a931-e8032ec9e5f6,99.25,RON,Carrefour ref 79351663,2025-12-02T22:12:57+00:00,7bf7bf91-9958-41e0-bb31-0f54e9f410c9,
c4edd24a-f3f5-4283-a484-ab252766f589,179.41,RON,OMV benzina ref 13148100,2025-12-02T22:33:57+00:00,6e36dc96-4f61-48f4-b69f-4ca617af9323,
426df154-b409-4d74-92ad-8e9194b77fa7,101.86,RON,Glovo ref 69945416,2025-12-02T22:56:57+00:00,02c27ee1-ff57-48d4-82c7-6cf491fd62b9,
eb7227e1-27bd-4c9a-ba15-5cc485134083,22.45,RON,Mega Image ref 41402502,2025-12-03T00:06:57+00:00,12cbffe1-d83b-42c0-8120-8703b8fbd5c6,
9e9b9e37-12f4-41b0-9e98-ef952ef86e99,65.07,RON,Carrefour ref 33553318,2025-12-03T00:44:57+00:00,818e12e2-7146-4ffe-a877-ba23cf63df5b,
5f168191-f051-4dcf-bcb7-2e3c25ecc2ec,104.97,RON,Farmacia Tei ref 41164955,2025-12-03T01:14:57+00:00,97c83e0a-8a40-4c3e-b8e3-ae37cffa9985,
e6028d06-b441-4695-ace3-21fd3834e80b,44.95,RON,Kaufland ref 63592929,2025-12-03T01:42:57+00:00,7bf7bf91-9958-41e0-bb31-0f54e9f410c9,
5a2f237b-3b74-4dc3-a05b-fdf3a69528e9,34.56,RON,Lidl ref 34245844,2025-12-03T02:37:57+00:00,5588e5c9-786a-4f09-8721-a8cedc57f9c8,
44cfa196-9982-4cb4-b8ee-fa7afa0a1acb,42.17,RON,Glovo ref 98770579,2025-12-03T02:48:57+00:00,56cc310a-2a4b-4ab3-87df-66009aa0bf74,
32064d6e-29f8-4f8a-927f-e7aa8854bc87,90.28,RON,Kaufland ref 82550282,2025-12-03T03:16:57+00:00,97c83e0a-8a40-4c3e-b8e3-ae37cffa9985,
363eebe7-5fbe-4142-bd5c-8cab2ec6125e,80.66,RON,Glovo ref 32254976,2025-12-03T03:52:57+00:00,12cbffe1-d83b-42c0-8120-8703b8fbd5c6,
6ad89382-8552-40c9-96ea-4132fd0b06e2,46.17,RON,Farmacia Tei ref 38240498,2025-12-03T04:16:57+00:00,82112000-16b4-4f2b-9dee-8ec850f886ea,
df77c1cc-45d1-4fbd-92ec-8e7a50fcdd45,194.15,RON,Kaufland ref 67500657,2025-12-03T04:29:57+00:00,02c27ee1-ff57-48d4-82c7-6cf491fd62b9,
4ab5f262-e529-45de-b8a1-03646e8f4bbe,99.61,RON,Carrefour ref 34957701,2025-12-03T15:56:57+00:00,2eb300a6-bd34-43d9-94c9-8697b97c5ba7,
d54985ac-d18e-41d8-8e51-03b91a4be434,36.04,RON,Mega Image ref 98459586,2025-12-03T16:09:57+00:00,97c83e0a-8a40-4c3e-b8e3-ae37cffa9985,
f1e4c27a-1cab-47e2-823c-794a415a53c1,37.83,RON,Mega Image ref 74153249,2025-12-03T16:30:57+00:00,aa7898aa-95b2-468b-ac92-275a68599dc4,
540bafd0-ca68-44f0-988f-3807e915855f,252.17,RON,OMV benzina ref 65809173,2025-12-03T19:16:57+00:00,d3228db7-ef32-4e3e-8fa9-f9f8a84cc34d,
f60e9686-6058-46f4-a481-2b64dd7ed3eb,261.36,RON,OMV benzina ref 42674816,2025-12-03T19:23:57+00:00,82112000-16b4-4f2b-9dee-8ec850f886ea,
1a7a0ecc-791f-4c72-b902-877c159fe675,53.89,RON,Mega Image ref 51631635,2025-12-03T19:25:57+00:00,33a2f3d5-7d4c-460f-ba3e-5b7745b7b856,
8603156a-15ea-4bcf-ab10-21ceaa143cd8,61.1,RON,Farmacia Tei ref 35140847,2025-12-03T19:54:57+00:00,bdd640fb-0667-4ad1-9c80-317fa3b1799d,
5f2e621e-9309-41a6-9dbd-3a83176a5eb8,55.99,RON,Glovo ref 17919095,2025-12-03T20:14:57+00:00,7bf7bf91-9958-41e0-bb31-0f54e9f410c9,
c5bde81d-cb7a-4831-ae65-3bb6ec981b8e,54.61,RON,Lidl ref 82778882,2025-12-03T20:43:57+00:00,7bf7bf91-9958-41e0-bb31-0f54e9f410c9,
da90e6e4-789a-4a33-9aa6-1a0314a6af19,68.52,RON,Glovo ref 55835191,2025-12-03T20:52:57+00:00,6e36dc96-4f61-48f4-b69f-4ca617af9323,
5f3a0393-8778-4ad4-b517-a8c0d4314919,43.42,RON,Glovo ref 14743285,2025-12-03T21:23:57+00:00,33a2f3d5-7d4c-460f-ba3e-5b7745b7b856,
6cd031a7-dc40-4520-ba4f-a0ff3445b47c,141.29,RON,Carrefour ref 77358487,2025-12-03T22:55:57+00:00,33a2f3d5-7d4c-460f-ba3e-5b7745b7b856,
0733db36-5125-4886-a347-72a8c123e1b2,119.13,RON,Kaufland ref 27724621,2025-12-04T01:41:57+00:00,12cbffe1-d83b-42c0-8120-8703b8fbd5c6,
4f5af64e-f21b-4a7f-9c42-adcf5acc616d,45.01,RON,Glovo ref 23430634,2025-12-04T03:05:57+00:00,aa7898aa-95b2-468b-ac92-275a68599dc4,
cf7aea34-658a-4e2f-99cf-afdf29a85a55,44.53,RON,Glovo ref 40480656,2025-12-04T04:01:57+00:00,818e12e2-7146-4ffe-a877-ba23cf63df5b,
5ffd2214-7abf-4970-bee0-d61d00d80a5b,42.01,RON,Mega Image ref 97971854,2025-12-04T15:31:57+00:00,5588e5c9-786a-4f09-8721-a8cedc57f9c8,
c489bd45-290b-4cb8-a0c3-e18a3bfaa9a6,112.9,RON,Lidl ref 74004868,2025-12-04T16:11:57+00:00,82112000-16b4-4f2b-9dee-8ec850f886ea,
f4fcb6bc-012d-41c4-83c3-c30dae344b14,44.46,RON,Glovo ref 52132300,2025-12-04T16:30:57+00:00,7bf7bf91-9958-41e0-bb31-0f54e9f410c9,
10bbeed7-f0b7-4577-bbd6-916f59c074d1,214.92,RON,OMV benzina ref 70521495,2025-12-04T17:06:57+00:00,56cc310a-2a4b-4ab3-87df-66009aa0bf74,
ffb686e4-f83c-4357-bf6f-6cc464a7bbde,97.93,RON,Kaufland ref 40703561,2025-12-04T17:54:57+00:00,56cc310a-2a4b-4ab3-87df-66009aa0bf74,
22dba981-91cb-47c7-9220-f7040da124c5,56.31,RON,Mega Image ref 69134843,2025-12-04T19:53:57+00:00,7bf7bf91-9958-41e0-bb31-0f54e9f410c9,
5a46b8d9-0384-43ca-9e0d-2664cc67c183,93.11,RON,Farmacia Tei ref 48271025,2025-12-04T21:31:57+00:00,818e12e2-7146-4ffe-a877-ba23cf63df5b,
2e351b81-4703-4aaf-9428-43c84ae3981c,51.12,RON,Kaufland ref 23276858,2025-12-04T21:51:57+00:00,97c83e0a-8a40-4c3e-b8e3-ae37cffa9985,
fcd123a0-828a-403e-9e9d-b47c4d70a2ea,37.75,RON,Glovo ref 87984645,2025-12-04T22:17:57+00:00,02c27ee1-ff57-48d4-82c7-6cf491fd62b9,
a76108d6-7059-4958-9872-63799236f028,75.48,RON,Farmacia Tei ref 43862494,2025-12-04T22:23:57+00:00,d3228db7-ef32-4e3e-8fa9-f9f8a84cc34d,
93ef3396-a89b-4c8a-8855-5e7890fbd067,315.18,RON,OMV benzina ref 49934203,2025-12-04T23:14:57+00:00,5588e5c9-786a-4f09-8721-a8cedc57f9c8,
10649d99-e98d-4f6e-a484-3c1c45a0539a,59.99,RON,Mega Image ref 26638536,2025-12-05T00:28:57+00:00,82112000-16b4-4f2b-9dee-8ec850f886ea,
4653cbd3-f6d8-41ef-b388-fef7040ebf47,32.14,RON,Mega Image ref 73265064,2025-12-05T01:30:57+00:00,aa7898aa-95b2-468b-ac92-275a68599dc4,
d7c906e0-f92e-4a3d-aee8-46b78daaf308,28.57,RON,Farmacia Tei ref 44659708,2025-12-05T03:37:57+00:00,6e36dc96-4f61-48f4-b69f-4ca617af9323,
23e57b50-27df-46e0-84c4-69b120c13845,31.73,RON,Farmacia Tei ref 11244728,2025-12-05T03:54:57+00:00,aa7898aa-95b2-468b-ac92-275a68599dc4,
62a39105-d55d-49ed-811a-436112207f72,28.69,RON,Mega Image ref 50326991,2025-12-05T04:19:57+00:00,56cc310a-2a4b-4ab3-87df-66009aa0bf74,
e14f043f-bf5e-49fb-94b3-f3526d6a53cb,31.69,RON,Lidl ref 34955072,2025-12-05T04:21:57+00:00,7bf7bf91-9958-41e0-bb31-0f54e9f410c9,
f5348c17-cd2f-4a12-b985-f1de16f8a267,106.28,RON,Kaufland ref 31992107,2025-12-05T04:30:57+00:00,6e36dc96-4f61-48f4-b69f-4ca617af9323,
5b6a8102-0428-4378-bf50-23f440ef3935,6750.29,RON,Salariu,2025-12-05T06:39:57+00:00,,bdd640fb-0667-4ad1-9c80-317fa3b1799d
3dba6da8-5844-49fc-914b-9547c9dc72b8,24.99,RON,Spotify,2025-12-05T06:39:57+00:00,bdd640fb-0667-4ad1-9c80-317fa3b1799d,
9e35836f-66aa-494c-8cbe-938d2b339734,12351.06,RON,Salariu,2025-12-05T06:39:57+00:00,,0e5779ec-be1a-470f-ad83-a4c869f8d3e4
263553ba-4299-4351-99b3-568d6dcc9c60,24.99,RON,Spotify,2025-12-05T06:39:57+00:00,0e5779ec-be1a-470f-ad83-a4c869f8d3e4,
35b7215e-cd68-4b39-98a0-db610fa99695,5381.4,RON,Salariu,2025-12-05T06:39:57+00:00,,aa7898aa-95b2-468b-ac92-275a68599dc4
4b079752-a934-49ae-bd66-c203ddc8ca37,24.99,RON,Spotify,2025-12-05T06:39:57+00:00,aa7898aa-95b2-468b-ac92-275a68599dc4,
8111f0f3-e093-42cf-962c-f897a75554fe,5648.15,RON,Salariu,2025-12-05T06:39:57+00:00,,7bf7bf91-9958-41e0-bb31-0f54e9f410c9
8fd0720c-4ff0-4a31-8903-5d4c92f1d3d0,24.99,RON,Spotify,2025-12-05T06:39:57+00:00,7bf7bf91-9958-41e0-bb31-0f54e9f410c9,
35c8f998-8cc8-4670-93a7-79d367ad3af1,5655.08,RON,Salariu,2025-12-05T06:39:57+00:00,,02c27ee1-ff57-48d4-82c7-6cf491fd62b9
830080fc-8ced-4d5d-8379-9f1c816a47ad,24.99,RON,Spotify,2025-12-05T06:39:57+00:00,02c27ee1-ff57-48d4-82c7-6cf491fd62b9,
af795462-166c-4d7f-bdce-be0c65861976,6060.09,RON,Salariu,2025-12-05T06:39:57+00:00,,56cc310a-2a4b-4ab3-87df-66009aa0bf74
06d9e391-14ca-4405-8944-c6e5d625e7cd,24.99,RON,Spotify,2025-12-05T06:39:57+00:00,56cc310a-2a4b-4ab3-87df-66009aa0bf74,
6a88b70c-812b-4b4c-a0bd-0ea874c0e9b6,8327.13,RON,Salariu,2025-12-05T06:39:57+00:00,,5588e5c9-786a-4f09-8721-a8cedc57f9c8
20101b24-6a23-4315-b54c-0df4b4503db2,24.99,RON,Spotify,2025-12-05T06:39:57+00:00,5588e5c9-786a-4f09-8721-a8cedc57f9c8,
5f13a3f0-7b12-4aa2-b98c-b633662acc6c,10719.62,RON,Salariu,2025-12-05T06:39:57+00:00,,33a2f3d5-7d4c-460f-ba3e-5b7745b7b856
906a49ef-5992-494c-af1c-dd65fee50866,24.99,RON,Spotify,2025-12-05T06:39:57+00:00,33a2f3d5-7d4c-460f-ba3e-5b7745b7b856,
b0fdede4-e397-423a-8907-35eb0354bb94,9195.15,RON,Salariu,2025-12-05T06:39:57+00:00,,6e36dc96-4f61-48f4-b69f-4ca617af9323
e16b410b-6de2-405d-b6a6-b43183f94f58,24.99,RON,Spotify,2025-12-05T06:39:57+00:00,6e36dc96-4f61-48f4-b69f-4ca617af9323,
e7b86544-d56f-403a-b3a7-bb68bbd3f066,4272.19,RON,Salariu,2025-12-05T06:39:57+00:00,,2eb300a6-bd34-43d9-94c9-8697b97c5ba7
bef89588-df40-4b5d-819a-2f42ba51f278,24.99,RON,Spotify,2025-12-05T06:39:57+00:00,2eb300a6-bd34-43d9-94c9-8697b97c5ba7,
766bc38c-0dc4-4771-a44d-f27aba2e3b7d,11834.0,RON,Salariu,2025-12-05T06:39:57+00:00,,818e12e2-7146-4ffe-a877-ba23cf63df5b
8f7f950e-fc3c-4245-a617-7ee028b2d427,24.99,RON,Spotify,2025-12-05T06:39:57+00:00,818e12e2-7146-4ffe-a877-ba23cf63df5b,
1f590257-a66f-460e-9d00-531d5fc4f598,7310.52,RON,Salariu,2025-12-05T06:39:57+00:00,,97c83e0a-8a40-4c3e-b8e3-ae37cffa9985
c27a6d42-710c-4571-b046-f3dbffb1fb05,24.99,RON,Spotify,2025-12-05T06:39:57+00:00,97c83e0a-8a40-4c3e-b8e3-ae37cffa9985,
0433d40a-6c70-407d-8778-cbafb0dfd7b9,4764.6,RON,Salariu,2025-12-05T06:39:57+00:00,,d3228db7-ef32-4e3e-8fa9-f9f8a84cc34d
8aee4564-fe21-4e82-bbd8-ca7bab51703e,24.99,RON,Spotify,2025-12-05T06:39:57+00:00,d3228db7-ef32-4e3e-8fa9-f9f8a84cc34d,
78b7bc73-8120-4bc3-8812-ac68e9da8158,13610.85,RON,Salariu,2025-12-05T06:39:57+00:00,,12cbffe1-d83b-42c0-8120-8703b8fbd5c6
028b29ea-da86-4fe7-b090-1f6e1f717ea9,24.99,RON,Spotify,2025-12-05T06:39:57+00:00,12cbffe1-d83b-42c0-8120-8703b8fbd5c6,
1690815d-e1b1-41fa-aef5-0b9573adb2b9,11396.61,RON,Salariu,2025-12-05T06:39:57+00:00,,82112000-16b4-4f2b-9dee-8ec850f886ea
7c9ebc79-bbff-402b-815c-53ce74678f61,24.99,RON,Spotify,2025-12-05T06:39:57+00:00,82112000-16b4-4f2b-9dee-8ec850f886ea,
6d661971-55a8-418d-9e03-ceaf214ba8a8,110.27,RON,Farmacia Tei ref 38551356,2025-12-05T15:04:57+00:00,12cbffe1-d83b-42c0-8120-8703b8fbd5c6,
6460c7d2-749f-4ea9-81fd-6c36d74d4419,32.65,RON,Mega Image ref 45195513,2025-12-05T16:05:57+00:00,97c83e0a-8a40-4c3e-b8e3-ae37cffa9985,
d9878d2d-a1cd-48f8-8721-a8139a45c779,86.66,RON,Glovo ref 99644032,2025-12-05T16:38:57+00:00,02c27ee1-ff57-48d4-82c7-6cf491fd62b9,
97fb450f-3ce0-4798-a6a3-da0d144b45a4,69.12,RON,Mega Image ref 63498338,2025-12-05T16:40:57+00:00,02c27ee1-ff57-48d4-82c7-6cf491fd62b9,
ab2dd056-cf71-4c2c-8f35-fdb9bdf18708,58.66,RON,Mega Image ref 30317946,2025-12-05T16:50:57+00:00,aa7898aa-95b2-468b-ac92-275a68599dc4,
168d1def-bb92-4370-9619-e0ce69d5ddf5,129.93,RON,Carrefour ref 25511151,2025-12-05T18:56:57+00:00,7bf7bf91-9958-41e0-bb31-0f54e9f410c9,
6f669013-869d-4cb7-b7f5-155a039d08d0,157.24,RON,Kaufland ref 25750520,2025-12-05T19:49:57+00:00,0e5779ec-be1a-470f-ad83-a4c869f8d3e4,
9dde43be-b232-43b2-a7c2-72c407d8a281,85.53,RON,Lidl ref 62735979,2025-12-05T20:07:57+00:00,d3228db7-ef32-4e3e-8fa9-f9f8a84cc34d,
17bed924-207a-44dd-bbd4-499fec2f02e5,69.91,RON,Mega Image ref 72334125,2025-12-05T20:22:57+00:00,6e36dc96-4f61-48f4-b69f-4ca617af9323,
87e29a89-908e-406e-8033-d65c1b0f5962,310.86,RON,OMV benzina ref 79327797,2025-12-05T21:45:57+00:00,6e36dc96-4f61-48f4-b69f-4ca617af9323,
985654c5-b9ec-4a27-8a4b-83d1b0c65f67,98.63,RON,Kaufland ref 28034044,2025-12-05T21:58:57+00:00,2eb300a6-bd34-43d9-94c9-8697b97c5ba7,
76f186ab-af47-4b49-8775-e395d49405f0,79.82,RON,Farmacia Tei ref 33500064,2025-12-05T23:00:57+00:00,bdd640fb-0667-4ad1-9c80-317fa3b1799d,
0d2a26b2-79d8-4d23-8fe4-5ad21122439d,66.33,RON,Glovo ref 68771408,2025-12-05T23:16:57+00:00,d3228db7-ef32-4e3e-8fa9-f9f8a84cc34d,
8e2a4c5a-97d5-4683-a9c7-c2dd77e42950,49.41,RON,Mega Image ref 80048631,2025-12-06T00:48:57+00:00,7bf7bf91-9958-41e0-bb31-0f54e9f410c9,
217ea378-a8b0-4733-a673-b55b7b3c6de6,135.08,RON,Carrefour ref 69313302,2025-12-06T02:27:57+00:00,33a2f3d5-7d4c-460f-ba3e-5b7745b7b856,
3b4e6d3b-e136-4499-b3bc-04714df6de09,86.76,RON,Lidl ref 50612277,2025-12-06T03:02:57+00:00,6e36dc96-4f61-48f4-b69f-4ca617af9323,
85e2fbd7-8a3e-46a9-8a03-382ea5a4757d,68.18,RON,Carrefour ref 86111173,2025-12-06T03:13:57+00:00,02c27ee1-ff57-48d4-82c7-6cf491fd62b9,
808fbfa1-bcc5-4c88-9d66-d6f0a6a70b93,103.41,RON,Kaufland ref 81564006,2025-12-06T14:50:57+00:00,33a2f3d5-7d4c-460f-ba3e-5b7745b7b856,
e327e496-e3a6-4010-84cf-829af0cb05b6,69.38,RON,Farmacia Tei ref 55703282,2025-12-06T15:04:57+00:00,818e12e2-7146-4ffe-a877-ba23cf63df5b,
0b36e356-339b-47a8-8b1f-0d7b0977c513,121.3,RON,Kaufland ref 71428713,2025-12-06T16:43:57+00:00,bdd640fb-0667-4ad1-9c80-317fa3b1799d,
9c5bad2e-a9fb-4b54-8fbd-2cfdc651a34f,23.46,RON,Glovo ref 57217126,2025-12-06T19:00:57+00:00,7bf7bf91-9958-41e0-bb31-0f54e9f410c9,
4ce15a7c-9975-4d8d-b6c0-c89e6666c620,43.25,RON,Lidl ref 79934637,2025-12-06T19:07:57+00:00,56cc310a-2a4b-4ab3-87df-66009aa0bf74,
739c075d-a748-4aa1-93ff-e27233b4bb79,98.76,RON,Glovo ref 74960600,2025-12-06T19:48:57+00:00,6e36dc96-4f61-48f4-b69f-4ca617af9323,
c4b2f307-1398-445f-a777-c32840243eef,130.09,RON,Carrefour ref 61927606,2025-12-06T21:48:57+00:00,97c83e0a-8a40-4c3e-b8e3-ae37cffa9985,
c5404be9-e6d5-4568-b695-6a3815280e7c,49.75,RON,Mega Image ref 82265483,2025-12-06T21:51:57+00:00,7bf7bf91-9958-41e0-bb31-0f54e9f410c9,
36132f0b-26b8-4b54-b292-e76487523b4d,37.76,RON,Mega Image ref 53665510,2025-12-06T23:37:57+00:00,33a2f3d5-7d4c-460f-ba3e-5b7745b7b856,
ac071ddb-71ce-489c-938c-dcca5ce607fb,55.62,RON,Mega Image ref 81550103,2025-12-07T00:51:57+00:00,82112000-16b4-4f2b-9dee-8ec850f886ea,
6ee2864f-a510-436e-86a6-98c06910000a,175.76,RON,Carrefour ref 81689927,2025-12-07T02:39:57+00:00,6e36dc96-4f61-48f4-b69f-4ca617af9323,
01cd8f3c-7d0b-47ce-93d8-57dba61b6d5d,78.52,RON,Mega Image ref 13563869,2025-12-07T02:47:57+00:00,02c27ee1-ff57-48d4-82c7-6cf491fd62b9,
0ec10f5d-b6c9-42c9-87ec-00860da73ae7,90.68,RON,Lidl ref 86849735,2025-12-07T03:10:57+00:00,82112000-16b4-4f2b-9dee-8ec850f886ea,
1cf8039c-d78a-4da4-aebc-845e04d5ccf5,25.29,RON,Lidl ref 98398182,2025-12-07T03:30:57+00:00,d3228db7-ef32-4e3e-8fa9-f9f8a84cc34d,
15ecf897-4948-4a08-8b00-249d0433d97c,97.15,RON,Kaufland ref 25319801,2025-12-07T14:48:57+00:00,33a2f3d5-7d4c-460f-ba3e-5b7745b7b856,
fcfc7f44-067d-4b79-9b45-22cfcee13087,68.14,RON,Lidl ref 64396768,2025-12-07T15:36:57+00:00,56cc310a-2a4b-4ab3-87df-66009aa0bf74,
10fab909-fcfa-4e61-ab7d-71bc17956e87,30.15,RON,Mega Image ref 39890245,2025-12-07T15:39:57+00:00,aa7898aa-95b2-468b-ac92-275a68599dc4,
d740e77d-e942-404b-bbd4-69abf03444fb,157.51,RON,Kaufland ref 50803418,2025-12-07T16:09:57+00:00,97c83e0a-8a40-4c3e-b8e3-ae37cffa9985,
b0e00fc4-cb87-4110-bc21-3ab1f6797d4d,88.14,RON,Lidl ref 91514253,2025-12-07T17:31:57+00:00,97c83e0a-8a40-4c3e-b8e3-ae37cffa9985,
de3e120e-412c-4cb4-b2d4-db5d1a6c8555,46.28,RON,Mega Image ref 67075728,2025-12-07T19:50:57+00:00,818e12e2-7146-4ffe-a877-ba23cf63df5b,
56cb1ab0-62fb-46d7-b4db-ca07e506f670,94.23,RON,Lidl ref 69020451,2025-12-07T20:06:57+00:00,bdd640fb-0667-4ad1-9c80-317fa3b1799d,
354a922f-69d9-445e-94f3-241a18a4fb51,19.25,RON,Mega Image ref 49479509,2025-12-07T20:18:57+00:00,5588e5c9-786a-4f09-8721-a8cedc57f9c8,
226f09a1-6966-4ec2-afb9-3d104f768822,44.64,RON,Farmacia Tei ref 29019632,2025-12-07T21:00:57+00:00,d3228db7-ef32-4e3e-8fa9-f9f8a84cc34d,
605bd022-63a4-4cca-8b29-a956d7f1ce32,117.48,RON,Lidl ref 87969841,2025-12-07T21:42:57+00:00,82112000-16b4-4f2b-9dee-8ec850f886ea,
622cc212-b69d-4f48-b653-e588afd58fe7,131.5,RON,Carrefour ref 63358890,2025-12-07T21:47:57+00:00,0e5779ec-be1a-470f-ad83-a4c869f8d3e4,
71bae28f-7599-4117-9148-3b902c220b7b,102.12,RON,Glovo ref 56008784,2025-12-07T21:57:57+00:00,6e36dc96-4f61-48f4-b69f-4ca617af9323,
33b58ba1-cf17-4059-b280-54eb9873e3ac,48.0,RON,Glovo ref 51599753,2025-12-07T21:59:57+00:00,56cc310a-2a4b-4ab3-87df-66009aa0bf74,
8e09cb50-96e8-4445-a590-6585c7828c90,82.41,RON,Kaufland ref 74565120,2025-12-07T22:16:57+00:00,02c27ee1-ff57-48d4-82c7-6cf491fd62b9,
f4ac6197-f31e-4081-bc7d-471a71cbc95c,31.4,RON,Mega Image ref 19638979,2025-12-07T22:30:57+00:00,56cc310a-2a4b-4ab3-87df-66009aa0bf74,
8c9c0a38-6d7f-4d5b-8f94-a5f1d7044f6b,32.24,RON,Mega Image ref 91453620,2025-12-07T22:35:57+00:00,6e36dc96-4f61-48f4-b69f-4ca617af9323,
82e9db99-b4d9-4221-a7c1-0651465fe8be,144.85,RON,Lidl ref 40051846,2025-12-07T23:17:57+00:00,02c27ee1-ff57-48d4-82c7-6cf491fd62b9,
45f18619-54f9-4429-a7de-02ccdda4f4a7,71.6,RON,Kaufland ref 16416148,2025-12-08T00:51:57+00:00,bdd640fb-0667-4ad1-9c80-317fa3b1799d,
8623f5ac-37b9-4d6e-809d-cfae021ac68a,74.26,RON,Mega Image ref 58053907,2025-12-08T02:33:57+00:00,12cbffe1-d83b-42c0-8120-8703b8fbd5c6,
8eef6fba-e000-40bb-b47b-d95041e3806c,265.84,RON,OMV benzina ref 17513157,2025-12-08T02:35:57+00:00,12cbffe1-d83b-42c0-8120-8703b8fbd5c6,
e846a9df-7373-4554-9e20-4ac73c48c936,15.08,RON,Mega Image ref 45138129,2025-12-08T02:48:57+00:00,0e5779ec-be1a-470f-ad83-a4c869f8d3e4,
9937c931-c333-49b9-a085-7b5f8a1b0744,148.5,RON,Kaufland ref 16241050,2025-12-08T03:48:57+00:00,aa7898aa-95b2-468b-ac92-275a68599dc4,
75e3863e-0492-4028-b1f6-7ec1a7115a55,77.24,RON,Glovo ref 41347309,2025-12-08T04:29:57+00:00,818e12e2-7146-4ffe-a877-ba23cf63df5b,
dab814f0-a325-44d6-91b1-cd0be2f4ae23,147.13,RON,Kaufland ref 98421498,2025-12-08T14:41:57+00:00,818e12e2-7146-4ffe-a877-ba23cf63df5b,
ff2a50c0-5ab3-43c9-a881-88c3788f06ed,30.29,RON,Mega Image ref 41519884,2025-12-08T14:42:57+00:00,0e5779ec-be1a-470f-ad83-a4c869f8d3e4,
f2ef3eb1-08ae-457e-8d05-c1138d4f9a2d,91.36,RON,Glovo ref 55058925,2025-12-08T15:34:57+00:00,33a2f3d5-7d4c-460f-ba3e-5b7745b7b856,
5b4ee0c5-cf66-4bc3-b8c3-dfcaf1df46a0,23.69,RON,Mega Image ref 21560307,2025-12-08T15:56:57+00:00,56cc310a-2a4b-4ab3-87df-66009aa0bf74,
0958f5b5-fe21-4e91-8d54-8373d5079c79,45.75,RON,Kaufland ref 66790757,2025-12-08T16:07:57+00:00,56cc310a-2a4b-4ab3-87df-66009aa0bf74,
d021e97a-26f2-444d-ab12-992c2dd5ef49,47.35,RON,Mega Image ref 46880844,2025-12-08T16:29:57+00:00,d3228db7-ef32-4e3e-8fa9-f9f8a84cc34d,
07879108-a131-43a2-b990-9cd1807c99c8,54.33,RON,Lidl ref 28184217,2025-12-08T19:43:57+00:00,d3228db7-ef32-4e3e-8fa9-f9f8a84cc34d,
dc4dcfcb-fa32-49ee-bafb-00f9ac2a8ede,89.2,RON,Kaufland ref 24395475,2025-12-08T21:10:57+00:00,5588e5c9-786a-4f09-8721-a8cedc57f9c8,
c86ecb62-84c0-42e5-9cbc-8f6469ec8c8e,93.7,RON,Lidl ref 92434304,2025-12-08T21:59:57+00:00,02c27ee1-ff57-48d4-82c7-6cf491fd62b9,
ce2e2e2a-d701-497c-abba-1b17c414c913,204.08,RON,Dedeman ref 23631328,2025-12-08T22:07:57+00:00,02c27ee1-ff57-48d4-82c7-6cf491fd62b9,
ee59047a-0c12-4100-9554-0165d844f459,65.59,RON,Glovo ref 78799908,2025-12-08T22:09:57+00:00,818e12e2-7146-4ffe-a877-ba23cf63df5b,
83c59c14-3824-462b-a036-971a323fdf19,123.27,RON,Carrefour ref 86670472,2025-12-08T22:26:57+00:00,aa7898aa-95b2-468b-ac92-275a68599dc4,
8abcb652-ee52-4b7b-8cb0-fe85e4184c38,74.99,RON,Glovo ref 43738434,2025-12-08T22:53:57+00:00,7bf7bf91-9958-41e0-bb31-0f54e9f410c9,
91f3aae2-714a-4eb8-b1ca-ce88e2f40b2a,53.41,RON,Mega Image ref 10625362,2025-12-08T23:57:57+00:00,818e12e2-7146-4ffe-a877-ba23cf63df5b,
e7235658-e648-47ae-b830-4c6c79eb1797,115.55,RON,Kaufland ref 51799545,2025-12-09T00:30:57+00:00,aa7898aa-95b2-468b-ac92-275a68599dc4,
53f28f11-147f-4570-9a43-db54523ae993,39.59,RON,Lidl ref 49428661,2025-12-09T00:31:57+00:00,bdd640fb-0667-4ad1-9c80-317fa3b1799d,
84de96a9-0724-4bba-82ae-ed0fdb101bc7,274.7,RON,OMV benzina ref 45981618,2025-12-09T00:39:57+00:00,97c83e0a-8a40-4c3e-b8e3-ae37cffa9985,
5de1a084-a29d-40fc-97e0-f61e160379b4,119.03,RON,Kaufland ref 25378741,2025-12-09T00:46:57+00:00,33a2f3d5-7d4c-460f-ba3e-5b7745b7b856,
a2dc91de-4cda-48eb-9cde-2ea802699ba1,16.35,RON,Mega Image ref 12862761,2025-12-09T00:56:57+00:00,2eb300a6-bd34-43d9-94c9-8697b97c5ba7,
5b3613de-a787-430c-a9df-667070c15f8e,176.97,RON,OMV benzina ref 46975988,2025-12-09T00:57:57+00:00,33a2f3d5-7d4c-460f-ba3e-5b7745b7b856,
ab06c37b-f962-48ed-a93c-ea1ab9a309d4,99.57,RON,Carrefour ref 40139076,2025-12-09T01:36:57+00:00,6e36dc96-4f61-48f4-b69f-4ca617af9323,
4d6fd0e1-30b3-4d69-ab99-09f95ef09db3,122.37,RON,Lidl ref 38185055,2025-12-09T03:02:57+00:00,12cbffe1-d83b-42c0-8120-8703b8fbd5c6,
72a35369-6de4-4fed-bece-128609f68439,265.61,RON,OMV benzina ref 68441314,2025-12-09T03:56:57+00:00,7bf7bf91-9958-41e0-bb31-0f54e9f410c9,
9136f1f8-f310-46dc-a202-bee65cb5e69c,77.12,RON,Farmacia Tei ref 59167775,2025-12-09T15:54:57+00:00,bdd640fb-0667-4ad1-9c80-317fa3b1799d,
5835b783-b484-4204-ba06-cd049bcfecff,134.58,RON,Carrefour ref 96227082,2025-12-09T16:02:57+00:00,6e36dc96-4f61-48f4-b69f-4ca617af9323,
22620589-42c4-4311-bcbc-eeee2402bd52,79.3,RON,Kaufland ref 29107575,2025-12-09T16:10:57+00:00,5588e5c9-786a-4f09-8721-a8cedc57f9c8,
402bf495-39e9-46ef-bff1-80d21af03c73,32.83,RON,Mega Image ref 92545856,2025-12-09T16:24:57+00:00,aa7898aa-95b2-468b-ac92-275a68599dc4,
f5787642-e21b-4bd9-b7f2-69114d36c425,138.49,RON,Kaufland ref 79882316,2025-12-09T16:26:57+00:00,12cbffe1-d83b-42c0-8120-8703b8fbd5c6,
77d468ea-e0bd-4765-96d4-4952ee29e80e,22.14,RON,Mega Image ref 76147841,2025-12-09T16:55:57+00:00,0e5779ec-be1a-470f-ad83-a4c869f8d3e4,
13aec376-c359-410a-b1a6-014c5f3c44dc,80.48,RON,Carrefour ref 59790013,2025-12-09T17:22:57+00:00,bdd640fb-0667-4ad1-9c80-317fa3b1799d,
6b2700cd-974c-4e29-b7bd-4aca5637cbd9,117.67,RON,Farmacia Tei ref 30259794,2025-12-09T19:10:57+00:00,6e36dc96-4f61-48f4-b69f-4ca617af9323,
f75c07f1-a57f-410b-b665-49805a5a2445,63.29,RON,Mega Image ref 92548559,2025-12-09T19:22:57+00:00,6e36dc96-4f61-48f4-b69f-4ca617af9323,
08614abb-e7b2-4e4a-ad16-24e170a26ad8,65.29,RON,Mega Image ref 52720394,2025-12-09T20:00:57+00:00,02c27ee1-ff57-48d4-82c7-6cf491fd62b9,
20c8102e-eefa-4cd2-a263-e8fd6159cf7f,58.41,RON,Farmacia Tei ref 83335618,2025-12-09T20:07:57+00:00,2eb300a6-bd34-43d9-94c9-8697b97c5ba7,
a34c1731-bec2-494e-8ae5-f9add193ef51,48.56,RON,Glovo ref 15235425,2025-12-09T20:22:57+00:00,d3228db7-ef32-4e3e-8fa9-f9f8a84cc34d,
e1ac1bcf-97f7-4b22-a3a3-419b8eef3cd0,108.29,RON,Carrefour ref 25356388,2025-12-09T21:26:57+00:00,82112000-16b4-4f2b-9dee-8ec850f886ea,
098c3ecc-9758-408c-9d01-d427b230e787,247.31,RON,OMV benzina ref 24362810,2025-12-09T22:27:57+00:00,97c83e0a-8a40-4c3e-b8e3-ae37cffa9985,
c483a6c5-fedf-4c3f-a4e5-f22659e4c462,299.82,RON,OMV benzina ref 20291302,2025-12-09T22:29:57+00:00,6e36dc96-4f61-48f4-b69f-4ca617af9323,
443e61a2-4664-4837-a430-774c059996dd,38.67,RON,Mega Image ref 82426852,2025-12-09T22:43:57+00:00,d3228db7-ef32-4e3e-8fa9-f9f8a84cc34d,
f7d2a2ee-21da-4db1-9ef3-61c2abd7d3f1,87.7,RON,Kaufland ref 62975309,2025-12-09T23:18:57+00:00,0e5779ec-be1a-470f-ad83-a4c869f8d3e4,
393da26d-240d-4aa5-b8f5-c4afbcc7dc2e,83.48,RON,Glovo ref 94714232,2025-12-10T00:03:57+00:00,6e36dc96-4f61-48f4-b69f-4ca617af9323,
a959d4dd-a1ca-4817-8ec0-def0a1a3266d,117.05,RON,Lidl ref 47405058,2025-12-10T01:01:57+00:00,82112000-16b4-4f2b-9dee-8ec850f886ea,
6fe57159-5500-46bf-bdf3-75559fb2568e,52.29,RON,Glovo ref 51305577,2025-12-10T01:03:57+00:00,33a2f3d5-7d4c-460f-ba3e-5b7745b7b856,
d942644c-248d-41ec-87f8-d4f0f3ea0184,29.95,RON,Mega Image ref 31473054,2025-12-10T01:04:57+00:00,bdd640fb-0667-4ad1-9c80-317fa3b1799d,
1bded87f-e1e0-472b-a254-4d044f26414f,40.26,RON,Mega Image ref 13719487,2025-12-10T01:57:57+00:00,82112000-16b4-4f2b-9dee-8ec850f886ea,
d0edfc2c-a50a-4199-bb35-c50fc1229ff0,147.71,RON,Carrefour ref 99526525,2025-12-10T02:03:57+00:00,12cbffe1-d83b-42c0-8120-8703b8fbd5c6,
7a50e489-5be4-466c-876e-33ac2fd9cdd8,366.15,RON,OMV benzina ref 36606696,2025-12-10T03:12:57+00:00,12cbffe1-d83b-42c0-8120-8703b8fbd5c6,
0b468e77-a20b-4d63-8857-5b3f85d08c52,55.16,RON,Glovo ref 70010936,2025-12-10T03:57:57+00:00,818e12e2-7146-4ffe-a877-ba23cf63df5b,
ca9e4a62-fae3-414b-a3b4-42bd46494296,79.28,RON,Kaufland ref 68376726,2025-12-10T04:37:57+00:00,bdd640fb-0667-4ad1-9c80-317fa3b1799d,
938de86c-d096-475f-bceb-09957683cdb5,102.96,RON,Kaufland ref 79550339,2025-12-10T15:22:57+00:00,818e12e2-7146-4ffe-a877-ba23cf63df5b,
bab5858a-efa4-49d7-808c-ef2f85a49dd0,51.67,RON,Glovo ref 56525619,2025-12-10T15:50:57+00:00,d3228db7-ef32-4e3e-8fa9-f9f8a84cc34d,
7c091027-18e7-41ea-be69-b262ea92ed68,56.26,RON,Glovo ref 78449316,2025-12-10T16:58:57+00:00,33a2f3d5-7d4c-460f-ba3e-5b7745b7b856,
6e1a1e1b-ed1d-4efa-9c4f-c55ebf715a28,147.96,RON,Kaufland ref 47715268,2025-12-10T17:10:57+00:00,0e5779ec-be1a-470f-ad83-a4c869f8d3e4,
c48c0240-dae2-4ef6-a152-bc85600494ff,92.7,RON,Carrefour ref 32602284,2025-12-10T18:04:57+00:00,d3228db7-ef32-4e3e-8fa9-f9f8a84cc34d,
0cd4ba10-b466-4d99-86d5-d341ed50a84e,88.26,RON,Kaufland ref 69637432,2025-12-10T19:42:57+00:00,7bf7bf91-9958-41e0-bb31-0f54e9f410c9,
105b2fdc-4fb5-41b3-938b-aaf1f8cbb96e,78.62,RON,Glovo ref 24048653,2025-12-10T20:11:57+00:00,02c27ee1-ff57-48d4-82c7-6cf491fd62b9,
b3288760-a102-4a45-be4e-72730ae19e7e,74.63,RON,Farmacia Tei ref 24380105,2025-12-10T20:36:57+00:00,7bf7bf91-9958-41e0-bb31-0f54e9f410c9,
9814c00c-027d-4f7e-931c-63fbbaabf7ec,32.22,RON,Glovo ref 34531277,2025-12-10T20:49:57+00:00,7bf7bf91-9958-41e0-bb31-0f54e9f410c9,
08c2fd6f-d9ca-4609-af43-8b80bc85630c,59.97,RON,Glovo ref 87761531,2025-12-10T21:02:57+00:00,aa7898aa-95b2-468b-ac92-275a68599dc4,
8a7ec6c6-941c-414d-a3b4-3fb60b85d727,77.25,RON,Mega Image ref 45054073,2025-12-10T21:21:57+00:00,82112000-16b4-4f2b-9dee-8ec850f886ea,
84f2440a-7592-40e6-85fd-2547ec58211d,85.9,RON,Glovo ref 99058907,2025-12-10T21:40:57+00:00,97c83e0a-8a40-4c3e-b8e3-ae37cffa9985,
19a1459d-ff2d-40f4-9555-6b95f3777cff,306.08,RON,Dedeman ref 23385516,2025-12-10T23:45:57+00:00,7bf7bf91-9958-41e0-bb31-0f54e9f410c9,
67487e97-37b0-46e6-8ffa-ecb9360ef55f,67.59,RON,Mega Image ref 62847086,2025-12-11T00:53:57+00:00,33a2f3d5-7d4c-460f-ba3e-5b7745b7b856,
4303cbc1-1e25-45b8-8fc9-c86be9ddebf5,49.18,RON,Glovo ref 61940566,2025-12-11T01:50:57+00:00,bdd640fb-0667-4ad1-9c80-317fa3b1799d,
4bfa3a9c-c5d5-454c-835f-962fc847f156,47.72,RON,Farmacia Tei ref 18673345,2025-12-11T01:53:57+00:00,33a2f3d5-7d4c-460f-ba3e-5b7745b7b856,
ef5d15d9-1d58-40bb-976e-caec2240c667,228.82,RON,OMV benzina ref 31554962,2025-12-11T02:04:57+00:00,818e12e2-7146-4ffe-a877-ba23cf63df5b,
59eb52d5-bcfc-4993-98ae-462ca783c1f8,34.77,RON,Mega Image ref 27159828,2025-12-11T02:21:57+00:00,2eb300a6-bd34-43d9-94c9-8697b97c5ba7,
edf10170-ed27-4ce4-bdc1-dfc8cd1bd3ca,53.98,RON,Kaufland ref 55419793,2025-12-11T02:52:57+00:00,2eb300a6-bd34-43d9-94c9-8697b97c5ba7,
4431bcd9-9d45-4b0d-821c-6173563e68c6,33.26,RON,Mega Image ref 82449185,2025-12-11T14:40:57+00:00,82112000-16b4-4f2b-9dee-8ec850f886ea,
a420cfea-c643-47e1-b88f-fa304f53648c,44.44,RON,Mega Image ref 88086462,2025-12-11T15:28:57+00:00,818e12e2-7146-4ffe-a877-ba23cf63df5b,
ae92ea71-cf7d-4b43-9679-742fff4c96d6,31.02,RON,Glovo ref 69741812,2025-12-11T16:07:57+00:00,bdd640fb-0667-4ad1-9c80-317fa3b1799d,
0c99a75b-d9d0-4c72-929c-bc09cb1451d0,66.14,RON,Lidl ref 96996788,2025-12-11T17:38:57+00:00,02c27ee1-ff57-48d4-82c7-6cf491fd62b9,
94ff69bb-e442-43d7-9155-1de67bae8ff5,24.1,RON,Glovo ref 51714811,2025-12-11T17:44:57+00:00,d3228db7-ef32-4e3e-8fa9-f9f8a84cc34d,
831b4361-7755-486e-8709-25066c8c0bf7,68.49,RON,Kaufland ref 44257189,2025-12-11T18:23:57+00:00,d3228db7-ef32-4e3e-8fa9-f9f8a84cc34d,
10c55a1b-f39b-4e07-9f23-133d37de78b5,17.88,RON,Mega Image ref 92590353,2025-12-11T19:49:57+00:00,d3228db7-ef32-4e3e-8fa9-f9f8a84cc34d,
a984f5b1-96ec-4553-b51e-0a201bc50478,68.85,RON,Lidl ref 27182456,2025-12-11T22:49:57+00:00,d3228db7-ef32-4e3e-8fa9-f9f8a84cc34d,
ef346f0d-d1b2-4d0f-a4bf-4bffc0036851,27.89,RON,Mega Image ref 94259904,2025-12-11T23:07:57+00:00,02c27ee1-ff57-48d4-82c7-6cf491fd62b9,
d8c6e329-7a49-45a7-b2e2-8ddf4ee317b4,74.92,RON,Kaufland ref 11851092,2025-12-11T23:12:57+00:00,818e12e2-7146-4ffe-a877-ba23cf63df5b,
02ff9754-5291-4b6d-a592-4c9f29714f1f,53.77,RON,Mega Image ref 41920912,2025-12-12T00:41:57+00:00,aa7898aa-95b2-468b-ac92-275a68599dc4,
1c9648c1-b7b6-4caf-a2cb-71fcb826ba1b,68.32,RON,Glovo ref 38781963,2025-12-12T01:04:57+00:00,56cc310a-2a4b-4ab3-87df-66009aa0bf74,
3de60b38-ee3d-4285-9d48-15c111a73d95,69.43,RON,Mega Image ref 10968563,2025-12-12T02:30:57+00:00,12cbffe1-d83b-42c0-8120-8703b8fbd5c6,
c007a6c6-91f8-4e94-b9b9-0b8fa7622252,119.46,RON,Kaufland ref 93495185,2025-12-12T03:34:57+00:00,5588e5c9-786a-4f09-8721-a8cedc57f9c8,
acee6873-0c93-477b-b8dc-fcf16efea2c7,18.16,RON,Mega Image ref 53023560,2025-12-12T04:10:57+00:00,97c83e0a-8a40-4c3e-b8e3-ae37cffa9985,
8acbbe09-8ccc-4cea-909f-d8eeb5a47200,55.99,RON,Netflix,2025-12-12T06:39:57+00:00,bdd640fb-0667-4ad1-9c80-317fa3b1799d,
2ee25989-3ad8-4406-8df8-1d2b260c037e,55.99,RON,Netflix,2025-12-12T06:39:57+00:00,0e5779ec-be1a-470f-ad83-a4c869f8d3e4,
fe2181fd-73bd-485b-a7d9-20b393c379fd,55.99,RON,Netflix,2025-12-12T06:39:57+00:00,aa7898aa-95b2-468b-ac92-275a68599dc4,
0dd1db5f-6399-4513-ae96-0e3e71f7a87c,55.99,RON,Netflix,2025-12-12T06:39:57+00:00,7bf7bf91-9958-41e0-bb31-0f54e9f410c9,
7247d6f8-9e2f-4c7f-b349-1aefdf6a056a,55.99,RON,Netflix,2025-12-12T06:39:57+00:00,02c27ee1-ff57-48d4-82c7-6cf491fd62b9,
fe943ff1-1a90-42c7-bc40-6ca274d42426,55.99,RON,Netflix,2025-12-12T06:39:57+00:00,56cc310a-2a4b-4ab3-87df-66009aa0bf74,
12133d64-1eb8-49b5-9233-d02af4479d5e,55.99,RON,Netflix,2025-12-12T06:39:57+00:00,5588e5c9-786a-4f09-8721-a8cedc57f9c8,
bac91c21-0a66-4125-8539-dd0b09040b35,55.99,RON,Netflix,2025-12-12T06:39:57+00:00,33a2f3d5-7d4c-460f-ba3e-5b7745b7b856,
689bf92d-baab-4d4f-b212-3a66b83a4bcc,55.99,RON,Netflix,2025-12-12T06:39:57+00:00,6e36dc96-4f61-48f4-b69f-4ca617af9323,
d71c077c-b82a-4c6f-87e4-cc5c5cb5e5fe,55.99,RON,Netflix,2025-12-12T06:39:57+00:00,2eb300a6-bd34-43d9-94c9-8697b97c5ba7,
e3ddfabe-f45d-4018-8464-ef4a2f9be194,55.99,RON,Netflix,2025-12-12T06:39:57+00:00,818e12e2-7146-4ffe-a877-ba23cf63df5b,
6ceaf7eb-bb41-48e1-9e45-778c54719352,55.99,RON,Netflix,2025-12-12T06:39:57+00:00,97c83e0a-8a40-4c3e-b8e3-ae37cffa9985,
9fb540d0-df0e-4915-81f1-1885022f83bb,55.99,RON,Netflix,2025-12-12T06:39:57+00:00,d3228db7-ef32-4e3e-8fa9-f9f8a84cc34d,
ba4dd289-824a-4090-bef6-f3c1b4f44177,55.99,RON,Netflix,2025-12-12T06:39:57+00:00,12cbffe1-d83b-42c0-8120-8703b8fbd5c6,
8776b89d-96a5-433f-9ae2-a41b2c5b473a,55.99,RON,Netflix,2025-12-12T06:39:57+00:00,82112000-16b4-4f2b-9dee-8ec850f886ea,
d0d0105c-462c-4c93-b335-7b7eee59cad0,118.43,RON,Carrefour ref 45307128,2025-12-12T16:19:57+00:00,6e36dc96-4f61-48f4-b69f-4ca617af9323,
5e70f65f-9280-45aa-8dd4-595b5c63b6f3,65.4,RON,Glovo ref 13527782,2025-12-12T16:54:57+00:00,bdd640fb-0667-4ad1-9c80-317fa3b1799d,
1f364366-59de-4688-b1e5-7f1e1000b251,67.61,RON,Lidl ref 25699798,2025-12-12T17:45:57+00:00,2eb300a6-bd34-43d9-94c9-8697b97c5ba7,
ed5d6510-e52a-43e6-bec5-8a891db3c075,127.61,RON,Kaufland ref 68576625,2025-12-12T18:49:57+00:00,0e5779ec-be1a-470f-ad83-a4c869f8d3e4,
182a1027-1d10-4d97-b4b6-21e6fbb97ffb,79.06,RON,Carrefour ref 97651879,2025-12-12T18:54:57+00:00,818e12e2-7146-4ffe-a877-ba23cf63df5b,
f90fa0a6-b393-4aea-85f2-167004a753fc,144.6,RON,Kaufland ref 83655063,2025-12-12T19:52:57+00:00,33a2f3d5-7d4c-460f-ba3e-5b7745b7b856,
560c5bd8-6ef4-423a-9a3b-1f244735b784,93.74,RON,Lidl ref 71300475,2025-12-12T21:10:57+00:00,818e12e2-7146-4ffe-a877-ba23cf63df5b,
8e49a31f-70d5-4f0c-b679-cbccc36901a4,59.05,RON,Mega Image ref 60341665,2025-12-12T21:56:57+00:00,818e12e2-7146-4ffe-a877-ba23cf63df5b,
4f093c1a-0cdc-4065-bcce-9d8920f62580,200.48,RON,OMV benzina ref 47072587,2025-12-12T22:06:57+00:00,82112000-16b4-4f2b-9dee-8ec850f886ea,
8d989790-8b10-40be-9b0e-3aa316e5b6a6,107.02,RON,Carrefour ref 55624776,2025-12-12T23:29:57+00:00,97c83e0a-8a40-4c3e-b8e3-ae37cffa9985,
77d5e0cb-5dac-4452-8410-e65ca79d5cde,101.62,RON,Lidl ref 29589610,2025-12-12T23:38:57+00:00,97c83e0a-8a40-4c3e-b8e3-ae37cffa9985,
832b3664-6d25-4249-9b6e-dedf445abdce,77.71,RON,Mega Image ref 94230088,2025-12-13T00:58:57+00:00,02c27ee1-ff57-48d4-82c7-6cf491fd62b9,
65ebd249-b5d8-4db6-a42f-9cc47654ccde,54.0,RON,Mega Image ref 95004459,2025-12-13T01:40:57+00:00,82112000-16b4-4f2b-9dee-8ec850f886ea,
48bbdb12-de40-47c3-b427-e46617f4b85d,52.54,RON,Carrefour ref 56923095,2025-12-13T02:34:57+00:00,0e5779ec-be1a-470f-ad83-a4c869f8d3e4,
3967e60a-823d-4107-9c8a-c066cb2fafa3,45.82,RON,Mega Image ref 33366099,2025-12-13T02:38:57+00:00,bdd640fb-0667-4ad1-9c80-317fa3b1799d,
f42ad9b5-6d61-42b7-9b31-8c10b9c2d65b,448.94,RON,Dedeman ref 66808785,2025-12-13T02:53:57+00:00,02c27ee1-ff57-48d4-82c7-6cf491fd62b9,
aa9e500c-1558-46c0-b314-ae42eeff0a6f,84.1,RON,Glovo ref 48715100,2025-12-13T04:00:57+00:00,97c83e0a-8a40-4c3e-b8e3-ae37cffa9985,
506b97e4-091f-423f-a93a-26d460f68115,121.44,RON,Carrefour ref 12322134,2025-12-13T04:24:57+00:00,d3228db7-ef32-4e3e-8fa9-f9f8a84cc34d,
7d9ddd1e-4d01-44e0-be71-f81885abdca9,51.53,RON,Glovo ref 67750858,2025-12-13T16:36:57+00:00,818e12e2-7146-4ffe-a877-ba23cf63df5b,
c396d35b-9592-498c-a473-09f355745ef5,67.77,RON,Glovo ref 88210253,2025-12-13T17:14:57+00:00,12cbffe1-d83b-42c0-8120-8703b8fbd5c6,
86ab5a4c-d886-4f93-9957-ccf6d29b5e25,112.25,RON,Kaufland ref 85183066,2025-12-13T18:29:57+00:00,56cc310a-2a4b-4ab3-87df-66009aa0bf74,
c2255b2c-37f8-4f31-bad1-ef0251bd838f,150.06,RON,Lidl ref 92296403,2025-12-13T20:52:57+00:00,02c27ee1-ff57-48d4-82c7-6cf491fd62b9,
d2c65ee4-68d0-42a8-84e7-f7dd6929de73,81.09,RON,Lidl ref 80557676,2025-12-13T21:24:57+00:00,bdd640fb-0667-4ad1-9c80-317fa3b1799d,
d57b5f77-214d-441a-ade6-9ed8139838cf,38.0,RON,Glovo ref 96484725,2025-12-13T22:56:57+00:00,d3228db7-ef32-4e3e-8fa9-f9f8a84cc34d,
bb64915f-6e96-4d8c-9100-544b0dc856a6,68.19,RON,Lidl ref 42311282,2025-12-13T23:11:57+00:00,5588e5c9-786a-4f09-8721-a8cedc57f9c8,
ff7d39f7-9563-4c97-b65f-982b95eef45c,74.42,RON,Kaufland ref 99004832,2025-12-13T23:31:57+00:00,0e5779ec-be1a-470f-ad83-a4c869f8d3e4,
038fb640-d31b-44b9-bf70-e52d12d1f4b9,121.66,RON,Farmacia Tei ref 38287293,2025-12-14T00:11:57+00:00,33a2f3d5-7d4c-460f-ba3e-5b7745b7b856,
e5cd69f3-1aeb-4382-bcef-304bfd9386d9,178.88,RON,Kaufland ref 42025091,2025-12-14T00:32:57+00:00,5588e5c9-786a-4f09-8721-a8cedc57f9c8,
7d6be102-88fb-4e9c-9813-7db6fbf2df25,144.46,RON,Kaufland ref 75790004,2025-12-14T01:29:57+00:00,97c83e0a-8a40-4c3e-b8e3-ae37cffa9985,
dd47e704-675d-4e77-a538-35b09d645844,164.92,RON,OMV benzina ref 43874433,2025-12-14T02:59:57+00:00,97c83e0a-8a40-4c3e-b8e3-ae37cffa9985,
b479d898-3e53-4429-84ca-56c4cd193f76,257.76,RON,Dedeman ref 78374717,2025-12-14T04:38:57+00:00,5588e5c9-786a-4f09-8721-a8cedc57f9c8,
138e4d8e-084f-49b9-98b7-c2f7561055e3,356.92,RON,OMV benzina ref 40071918,2025-12-14T14:41:57+00:00,12cbffe1-d83b-42c0-8120-8703b8fbd5c6,
ebf8e648-5e48-4c02-8f28-6cdb54d861dc,80.97,RON,Glovo ref 21908902,2025-12-14T14:47:57+00:00,02c27ee1-ff57-48d4-82c7-6cf491fd62b9,
22b7dd21-58a5-48cd-8ad5-88718d7403a5,31.09,RON,Mega Image ref 61247792,2025-12-14T15:06:57+00:00,12cbffe1-d83b-42c0-8120-8703b8fbd5c6,
1367cec9-4df7-470f-a72f-544380346aec,162.19,RON,OMV benzina ref 19089530,2025-12-14T15:37:57+00:00,5588e5c9-786a-4f09-8721-a8cedc57f9c8,
ec857017-a874-4928-aa60-3c3c06ee0a6f,19.61,RON,Mega Image ref 20990499,2025-12-14T15:39:57+00:00,818e12e2-7146-4ffe-a877-ba23cf63df5b,
100bdf50-6c33-4aea-b8f6-bf244304b63a,24.81,RON,Farmacia Tei ref 79497382,2025-12-14T16:07:57+00:00,5588e5c9-786a-4f09-8721-a8cedc57f9c8,
b596ca7c-ef4a-4a88-9299-e5052976aab2,150.71,RON,OMV benzina ref 32099899,2025-12-14T16:12:57+00:00,bdd640fb-0667-4ad1-9c80-317fa3b1799d,
1fd6943e-ca81-4028-b364-e3a69395f587,52.18,RON,Mega Image ref 46705807,2025-12-14T16:38:57+00:00,56cc310a-2a4b-4ab3-87df-66009aa0bf74,
f6d4beb8-4987-4f32-bb67-2fd6c2c11f7f,67.31,RON,Mega Image ref 36951178,2025-12-14T17:45:57+00:00,97c83e0a-8a40-4c3e-b8e3-ae37cffa9985,
15b7f5b1-0da0-4dde-9399-a5a545158d3f,108.27,RON,Carrefour ref 19075716,2025-12-14T19:15:57+00:00,818e12e2-7146-4ffe-a877-ba23cf63df5b,
737f43e8-870a-4a33-bdcf-f48ef6828d38,66.63,RON,Glovo ref 45267166,2025-12-14T19:15:57+00:00,d3228db7-ef32-4e3e-8fa9-f9f8a84cc34d,
f10d27c8-9780-4215-ab2b-b8e9a417c093,89.06,RON,Carrefour ref 77454225,2025-12-14T19:18:57+00:00,bdd640fb-0667-4ad1-9c80-317fa3b1799d,
f99f5c06-3a24-4e17-9836-a02720507d45,77.46,RON,Lidl ref 82923013,2025-12-14T20:06:57+00:00,aa7898aa-95b2-468b-ac92-275a68599dc4,
ab46ad96-b241-4eec-a563-4d905939eda6,44.61,RON,Mega Image ref 38957666,2025-12-14T20:22:57+00:00,2eb300a6-bd34-43d9-94c9-8697b97c5ba7,
048fbc73-e4b0-496b-b90e-8d141a4717ac,202.06,RON,Kaufland ref 85289508,2025-12-14T21:05:57+00:00,33a2f3d5-7d4c-460f-ba3e-5b7745b7b856,
f4d375c1-a293-49fa-b240-d7a14027ab7d,37.22,RON,Glovo ref 20584397,2025-12-14T23:36:57+00:00,bdd640fb-0667-4ad1-9c80-317fa3b1799d,
1b2765f6-f383-44f7-addc-ac0a97206c66,37.27,RON,Lidl ref 60138147,2025-12-15T01:22:57+00:00,0e5779ec-be1a-470f-ad83-a4c869f8d3e4,
64bc999b-8250-4470-9abd-edcf3bc80f65,56.75,RON,Lidl ref 68946043,2025-12-15T02:21:57+00:00,02c27ee1-ff57-48d4-82c7-6cf491fd62b9,
4de006ad-c384-42df-a56f-a70d05d4725a,88.12,RON,Glovo ref 71946384,2025-12-15T02:31:57+00:00,12cbffe1-d83b-42c0-8120-8703b8fbd5c6,
5656b5f9-1c6a-46e0-91cb-3f06143567ed,62.43,RON,Glovo ref 16814758,2025-12-15T04:05:57+00:00,7bf7bf91-9958-41e0-bb31-0f54e9f410c9,
981dc530-44f2-4d97-b488-1671a0dbfca2,61.73,RON,Glovo ref 70942299,2025-12-15T04:24:57+00:00,0e5779ec-be1a-470f-ad83-a4c869f8d3e4,
21084dd9-f75d-4e3c-848d-56502e9522d6,102.26,RON,Kaufland ref 88891300,2025-12-15T04:28:57+00:00,bdd640fb-0667-4ad1-9c80-317fa3b1799d,
7c6d0687-e0bd-4573-8fbc-ea4d887ca18f,53.97,RON,Kaufland ref 23605742,2025-12-15T15:16:57+00:00,d3228db7-ef32-4e3e-8fa9-f9f8a84cc34d,
92779574-c457-4cc3-b5f7-89bca6b07458,49.15,RON,Mega Image ref 45521514,2025-12-15T15:20:57+00:00,bdd640fb-0667-4ad1-9c80-317fa3b1799d,
2556939b-a02a-4348-90d3-490858ff0cc8,235.94,RON,OMV benzina ref 49228857,2025-12-15T16:06:57+00:00,97c83e0a-8a40-4c3e-b8e3-ae37cffa9985,
3476581f-b967-456d-b68a-2097417cf2ed,49.43,RON,Farmacia Tei ref 76515024,2025-12-15T18:20:57+00:00,5588e5c9-786a-4f09-8721-a8cedc57f9c8,
76c77bc0-5a6b-40c5-91b1-ebb39c9b5993,62.48,RON,Mega Image ref 95128134,2025-12-15T18:31:57+00:00,97c83e0a-8a40-4c3e-b8e3-ae37cffa9985,
b4456f0d-7164-49a2-83d6-0e1e19929767,323.91,RON,Dedeman ref 76077091,2025-12-15T18:41:57+00:00,7bf7bf91-9958-41e0-bb31-0f54e9f410c9,
5ea429df-2749-4654-becd-d1036292fb95,92.92,RON,Kaufland ref 64875431,2025-12-15T18:59:57+00:00,33a2f3d5-7d4c-460f-ba3e-5b7745b7b856,
c29fdbce-84e8-4282-b89f-1f2b2c94e238,64.04,RON,Glovo ref 18323955,2025-12-15T19:35:57+00:00,97c83e0a-8a40-4c3e-b8e3-ae37cffa9985,
51c62a30-d323-4e73-ba9f-72f2df6a28de,101.32,RON,Kaufland ref 74114593,2025-12-15T20:14:57+00:00,56cc310a-2a4b-4ab3-87df-66009aa0bf74,
dead0e24-9689-46b0-be79-8e3218b28c2a,65.63,RON,Lidl ref 68544787,2025-12-15T20:22:57+00:00,818e12e2-7146-4ffe-a877-ba23cf63df5b,
cdbd174a-5276-443d-81ee-fcca2c3d7915,33.46,RON,Glovo ref 19091691,2025-12-15T22:42:57+00:00,818e12e2-7146-4ffe-a877-ba23cf63df5b,
19a2a602-28a3-43a3-9fdd-67bb2ab05af8,92.4,RON,Carrefour ref 81252175,2025-12-15T23:02:57+00:00,aa7898aa-95b2-468b-ac92-275a68599dc4,
493a8b05-6836-42ec-9e03-0ecc05456d2f,168.0,RON,Kaufland ref 42401922,2025-12-15T23:10:57+00:00,6e36dc96-4f61-48f4-b69f-4ca617af9323,
2c3d420a-609d-4eb2-9d75-f47914625b2e,47.76,RON,Mega Image ref 17503694,2025-12-15T23:48:57+00:00,d3228db7-ef32-4e3e-8fa9-f9f8a84cc34d,
f66feb4e-20dc-45c9-aa2c-64ac35a9f2b3,64.13,RON,Glovo ref 11442173,2025-12-16T00:17:57+00:00,5588e5c9-786a-4f09-8721-a8cedc57f9c8,
0a8bb5b4-9049-4583-ac86-a890d7b00bdc,142.8,RON,Kaufland ref 55314533,2025-12-16T00:25:57+00:00,bdd640fb-0667-4ad1-9c80-317fa3b1799d,
85c20673-4d45-4fde-bab7-d9f93c7b54b8,26.2,RON,Mega Image ref 80902870,2025-12-16T00:51:57+00:00,6e36dc96-4f61-48f4-b69f-4ca617af9323,
cfbc4cd9-b28e-40a8-a4a8-da03064579c8,28.01,RON,Mega Image ref 55499968,2025-12-16T01:46:57+00:00,56cc310a-2a4b-4ab3-87df-66009aa0bf74,
dc241f84-9019-49b7-a6da-7a1cc7a9ff30,42.35,RON,Glovo ref 90656304,2025-12-16T02:26:57+00:00,aa7898aa-95b2-468b-ac92-275a68599dc4,
8f629a1a-b344-41f9-8219-cc7577a889dc,119.37,RON,Kaufland ref 51004073,2025-12-16T02:44:57+00:00,818e12e2-7146-4ffe-a877-ba23cf63df5b,
9d4def75-56de-4f03-a16b-51c42eea7416,134.47,RON,Lidl ref 12456582,2025-12-16T02:52:57+00:00,12cbffe1-d83b-42c0-8120-8703b8fbd5c6,
32753963-8b4b-4b42-a068-de8abeea0c6c,69.8,RON,Lidl ref 90329537,2025-12-16T03:05:57+00:00,d3228db7-ef32-4e3e-8fa9-f9f8a84cc34d,
be69ad39-0e37-4b07-8c53-5c3e52bb530d,123.87,RON,Carrefour ref 47977444,2025-12-16T03:42:57+00:00,0e5779ec-be1a-470f-ad83-a4c869f8d3e4,
97efdfbe-6705-4665-b0fd-f5e620923175,31.32,RON,Mega Image ref 24496185,2025-12-16T04:01:57+00:00,33a2f3d5-7d4c-460f-ba3e-5b7745b7b856,
ae3a1f32-d70b-4463-a447-00ca31e3860a,22.09,RON,Mega Image ref 78572457,2025-12-16T04:11:57+00:00,aa7898aa-95b2-468b-ac92-275a68599dc4,
a4cd58be-8474-495e-b61a-8f3b2e316a66,67.49,RON,Lidl ref 88472331,2025-12-16T15:26:57+00:00,818e12e2-7146-4ffe-a877-ba23cf63df5b,
be3ff70d-b552-4386-9a96-ef37ee45a744,105.19,RON,Kaufland ref 16646123,2025-12-16T17:08:57+00:00,7bf7bf91-9958-41e0-bb31-0f54e9f410c9,
64860c75-fb89-45bc-827d-30940c5332b3,233.08,RON,OMV benzina ref 18826541,2025-12-16T18:21:57+00:00,7bf7bf91-9958-41e0-bb31-0f54e9f410c9,
9cf540d9-bbc4-4107-ac4d-25503570f44d,227.47,RON,Dedeman ref 51822962,2025-12-16T19:24:57+00:00,aa7898aa-95b2-468b-ac92-275a68599dc4,
007f6bd0-6525-4940-97ec-b2ab4b5293e4,167.32,RON,Kaufland ref 12793163,2025-12-16T19:43:57+00:00,5588e5c9-786a-4f09-8721-a8cedc57f9c8,
d5067263-c2ca-4f32-a84e-35c064ae18f3,31.77,RON,Farmacia Tei ref 99127415,2025-12-16T20:01:57+00:00,12cbffe1-d83b-42c0-8120-8703b8fbd5c6,
79fee842-e4cc-4065-abd7-f764f8d592a7,190.78,RON,OMV benzina ref 80027906,2025-12-16T20:57:57+00:00,aa7898aa-95b2-468b-ac92-275a68599dc4,
5005680f-24c7-48a5-9b4e-164b5716dc2e,84.01,RON,Carrefour ref 37383505,2025-12-16T22:05:57+00:00,bdd640fb-0667-4ad1-9c80-317fa3b1799d,
add3f1b4-20be-43b6-ae53-61acaf4413c8,110.98,RON,Farmacia Tei ref 29695271,2025-12-16T22:27:57+00:00,5588e5c9-786a-4f09-8721-a8cedc57f9c8,
0d24697f-d30c-4df3-b28a-f1b064786e9a,107.97,RON,Lidl ref 72466393,2025-12-16T22:46:57+00:00,97c83e0a-8a40-4c3e-b8e3-ae37cffa9985,
08310ab1-b88a-4c95-a426-c86da549dbf6,65.86,RON,Glovo ref 94007155,2025-12-17T00:08:57+00:00,d3228db7-ef32-4e3e-8fa9-f9f8a84cc34d,
a9454557-8895-4d6e-a933-2ef96bb2eb5f,39.93,RON,Carrefour ref 83738030,2025-12-17T00:18:57+00:00,2eb300a6-bd34-43d9-94c9-8697b97c5ba7,
5933fa7e-4fea-42e9-8e75-fe330a5f2b19,139.18,RON,Kaufland ref 89085410,2025-12-17T00:49:57+00:00,6e36dc96-4f61-48f4-b69f-4ca617af9323,
557e4697-5dcb-4850-9613-0c513c027c08,41.12,RON,Lidl ref 26369021,2025-12-17T00:57:57+00:00,5588e5c9-786a-4f09-8721-a8cedc57f9c8,
de272e15-2a36-498c-8b5c-800707f8a5ed,59.39,RON,Glovo ref 15200255,2025-12-17T01:05:57+00:00,82112000-16b4-4f2b-9dee-8ec850f886ea,
47469fb7-33c3-4015-9bb9-3bf66c8c4bac,20.61,RON,Mega Image ref 91827925,2025-12-17T03:24:57+00:00,aa7898aa-95b2-468b-ac92-275a68599dc4,
f455af73-c0a7-4d9c-a5ac-cd5a48f18eed,54.17,RON,Carrefour ref 64008708,2025-12-17T03:52:57+00:00,0e5779ec-be1a-470f-ad83-a4c869f8d3e4,
48c21370-c2a4-43f2-b8e8-e938b2dff2fe,38.17,RON,Carrefour ref 92084161,2025-12-17T18:06:57+00:00,7bf7bf91-9958-41e0-bb31-0f54e9f410c9,
0cf477ef-18c8-4616-a410-8e9a3f779cae,46.84,RON,Carrefour ref 70343755,2025-12-17T18:08:57+00:00,bdd640fb-0667-4ad1-9c80-317fa3b1799d,
1baa8a9b-e0c0-4f19-9fe0-b58062dc1ae6,96.82,RON,Kaufland ref 33117261,2025-12-17T19:22:57+00:00,818e12e2-7146-4ffe-a877-ba23cf63df5b,
40975e52-be06-49d1-9dfc-9f0cf987e24e,23.93,RON,Mega Image ref 69367715,2025-12-17T19:30:57+00:00,6e36dc96-4f61-48f4-b69f-4ca617af9323,
44bb10e0-79f7-438c-a359-d5cee2aa6dc7,23.64,RON,Mega Image ref 69786268,2025-12-17T20:11:57+00:00,0e5779ec-be1a-470f-ad83-a4c869f8d3e4,
2c284830-471a-4ceb-a4d0-7cd8096d3904,48.96,RON,Mega Image ref 66948837,2025-12-17T20:28:57+00:00,33a2f3d5-7d4c-460f-ba3e-5b7745b7b856,
e4272524-9993-41e5-83a7-600bccfd21c3,77.99,RON,Glovo ref 80160252,2025-12-17T21:29:57+00:00,5588e5c9-786a-4f09-8721-a8cedc57f9c8,
6cf9aff3-5590-48cc-a9f6-06a40e4f8fd3,51.44,RON,Mega Image ref 96304117,2025-12-17T21:37:57+00:00,d3228db7-ef32-4e3e-8fa9-f9f8a84cc34d,
219c00cb-9a7f-4e23-af59-aa66e75b2113,94.02,RON,Kaufland ref 51621092,2025-12-17T22:30:57+00:00,0e5779ec-be1a-470f-ad83-a4c869f8d3e4,
fb9900dd-64b2-46c3-b707-ec82e95a6dc2,72.27,RON,Kaufland ref 85215620,2025-12-17T22:45:57+00:00,6e36dc96-4f61-48f4-b69f-4ca617af9323,
21216473-71e3-4ccd-b739-d8112e666098,78.33,RON,Glovo ref 36746902,2025-12-18T00:14:57+00:00,97c83e0a-8a40-4c3e-b8e3-ae37cffa9985,
3b4636dc-e75b-4552-b75b-fba91ea6d222,131.15,RON,Kaufland ref 70579505,2025-12-18T00:20:57+00:00,33a2f3d5-7d4c-460f-ba3e-5b7745b7b856,
45219483-364b-497c-9fff-6340bf41503c,81.88,RON,Mega Image ref 56524634,2025-12-18T00:36:57+00:00,82112000-16b4-4f2b-9dee-8ec850f886ea,
7460aba0-1194-407d-a97b-b8981525f975,175.31,RON,Dedeman ref 76182662,2025-12-18T02:48:57+00:00,d3228db7-ef32-4e3e-8fa9-f9f8a84cc34d,
f8db37f6-c3bc-4ca7-a906-567dd28b829a,37.61,RON,Lidl ref 74549616,2025-12-18T03:05:57+00:00,aa7898aa-95b2-468b-ac92-275a68599dc4,
2b0bf28d-6d03-4ee6-b132-f19f33fa926c,56.43,RON,Mega Image ref 57909221,2025-12-18T03:15:57+00:00,97c83e0a-8a40-4c3e-b8e3-ae37cffa9985,
79b62e01-21df-4dc3-a952-4bf24023385d,36.94,RON,Mega Image ref 41854837,2025-12-18T03:53:57+00:00,56cc310a-2a4b-4ab3-87df-66009aa0bf74,
678c9f93-1813-495c-aa16-67b0837c9e63,145.33,RON,Lidl ref 20324372,2025-12-18T14:49:57+00:00,02c27ee1-ff57-48d4-82c7-6cf491fd62b9,
12d556e1-d615-4abe-980f-7c286d80b414,39.57,RON,Mega Image ref 97518125,2025-12-18T16:23:57+00:00,d3228db7-ef32-4e3e-8fa9-f9f8a84cc34d,
9e487819-7c64-4b71-b3c8-1b676f74e4c6,73.65,RON,Glovo ref 43189741,2025-12-18T16:39:57+00:00,12cbffe1-d83b-42c0-8120-8703b8fbd5c6,
85475ee1-1e06-496a-a302-7b2102c1c269,37.85,RON,Glovo ref 53952205,2025-12-18T17:22:57+00:00,aa7898aa-95b2-468b-ac92-275a68599dc4,
ee403b9f-27b2-45c1-b6b0-d0b9afad328e,47.48,RON,Mega Image ref 96920825,2025-12-18T20:08:57+00:00,0e5779ec-be1a-470f-ad83-a4c869f8d3e4,
59b42c11-46d1-4c5c-bb9e-8e6fc1417f0e,62.15,RON,Carrefour ref 50610637,2025-12-18T21:23:57+00:00,818e12e2-7146-4ffe-a877-ba23cf63df5b,
5bb32bb9-998d-4447-ad35-a4b61fb7f024,55.1,RON,Mega Image ref 91915775,2025-12-18T21:25:57+00:00,82112000-16b4-4f2b-9dee-8ec850f886ea,
c335e611-f0a9-4ba0-94c1-2a89cc5bdf58,147.08,RON,Kaufland ref 79262247,2025-12-18T21:33:57+00:00,6e36dc96-4f61-48f4-b69f-4ca617af9323,
54bfa7a4-ede3-40e9-90f6-63badafddb3b,70.22,RON,Kaufland ref 91963833,2025-12-18T22:07:57+00:00,d3228db7-ef32-4e3e-8fa9-f9f8a84cc34d,
f1fac6e7-170d-4507-85ee-e1d47f53a88e,49.17,RON,Glovo ref 51411602,2025-12-18T23:08:57+00:00,bdd640fb-0667-4ad1-9c80-317fa3b1799d,
3f5e9294-1ab4-42e8-b61c-ab86127870a4,41.53,RON,Lidl ref 59755406,2025-12-18T23:50:57+00:00,6e36dc96-4f61-48f4-b69f-4ca617af9323,
bcfcc24f-daf2-4060-b73f-39b650508d26,48.96,RON,Mega Image ref 83353038,2025-12-19T00:47:57+00:00,2eb300a6-bd34-43d9-94c9-8697b97c5ba7,
7123dc83-104a-47ea-acb8-cc221d6a62d5,106.45,RON,Kaufland ref 91840515,2025-12-19T01:10:57+00:00,02c27ee1-ff57-48d4-82c7-6cf491fd62b9,
1ff71e8c-d27e-4846-8c7f-9cd6703297d2,85.16,RON,Carrefour ref 98640264,2025-12-19T01:17:57+00:00,aa7898aa-95b2-468b-ac92-275a68599dc4,
6020ce12-6242-4a16-93ae-d6f8093fcb05,73.16,RON,Kaufland ref 57475077,2025-12-19T02:16:57+00:00,2eb300a6-bd34-43d9-94c9-8697b97c5ba7,
c0fed388-c8a0-4df4-a1ac-b714262d0dee,61.81,RON,Kaufland ref 71621054,2025-12-19T03:23:57+00:00,818e12e2-7146-4ffe-a877-ba23cf63df5b,
4cc317ef-c361-4cd3-89a9-0afc3a596560,395.55,RON,OMV benzina ref 23271700,2025-12-19T03:57:57+00:00,02c27ee1-ff57-48d4-82c7-6cf491fd62b9,
1f9bd2b4-66c4-4e9b-a483-f4f123f3e5c5,48.1,RON,Kaufland ref 47073335,2025-12-19T04:01:57+00:00,aa7898aa-95b2-468b-ac92-275a68599dc4,
500e15c0-b89b-4f7f-93e3-4c35ef0a573d,20.36,RON,Mega Image ref 53947691,2025-12-19T04:36:57+00:00,bdd640fb-0667-4ad1-9c80-317fa3b1799d,
d1ab143f-cbd8-40b8-b55b-0385c8a541c6,39.64,RON,Kaufland ref 20764846,2025-12-19T14:39:57+00:00,56cc310a-2a4b-4ab3-87df-66009aa0bf74,
b58fd661-5520-40ec-aed5-d45242835308,68.43,RON,Mega Image ref 69004940,2025-12-19T15:01:57+00:00,6e36dc96-4f61-48f4-b69f-4ca617af9323,
e7a504d2-2822-4678-a510-d4b59b33a68d,45.2,RON,Lidl ref 46844472,2025-12-19T15:35:57+00:00,d3228db7-ef32-4e3e-8fa9-f9f8a84cc34d,
4feac34f-5155-4911-8abb-d74fb51f81c1,22.85,RON,Mega Image ref 95525764,2025-12-19T15:44:57+00:00,2eb300a6-bd34-43d9-94c9-8697b97c5ba7,
673ba8bd-c38c-4dec-9da3-9a73ba3df7ff,19.15,RON,Mega Image ref 45496951,2025-12-19T16:06:57+00:00,bdd640fb-0667-4ad1-9c80-317fa3b1799d,
18302082-69bb-43c4-acc7-21f082ba0fed,143.4,RON,OMV benzina ref 24446145,2025-12-19T16:37:57+00:00,0e5779ec-be1a-470f-ad83-a4c869f8d3e4,
918b8e18-4ba4-4f25-ad7f-d4e285e95c6c,58.81,RON,Mega Image ref 43373708,2025-12-19T17:22:57+00:00,0e5779ec-be1a-470f-ad83-a4c869f8d3e4,
5e8c22f2-af4b-454c-bb1b-f8012b76cafc,110.24,RON,Carrefour ref 43530678,2025-12-19T18:27:57+00:00,2eb300a6-bd34-43d9-94c9-8697b97c5ba7,
896490ab-4926-4e5f-b878-6140ac2a4f71,71.73,RON,Lidl ref 97813295,2025-12-19T19:10:57+00:00,bdd640fb-0667-4ad1-9c80-317fa3b1799d,
39d0f832-1d72-40e5-8c51-669b84852c6c,52.28,RON,Glovo ref 71690292,2025-12-19T21:05:57+00:00,6e36dc96-4f61-48f4-b69f-4ca617af9323,
fb95151d-5fde-41e4-8163-7105c678f29c,131.01,RON,Kaufland ref 73437105,2025-12-19T21:59:57+00:00,97c83e0a-8a40-4c3e-b8e3-ae37cffa9985,
40bee298-9640-4569-9ded-c0fb5c7a9f00,68.94,RON,Carrefour ref 46897895,2025-12-19T23:09:57+00:00,5588e5c9-786a-4f09-8721-a8cedc57f9c8,
8f8b9cd2-6692-4641-b7d0-57560105101f,261.74,RON,OMV benzina ref 37346359,2025-12-19T23:28:57+00:00,97c83e0a-8a40-4c3e-b8e3-ae37cffa9985,
b174d31c-b771-4366-a4a7-76e30a91d7bd,23.23,RON,Glovo ref 79511019,2025-12-20T02:32:57+00:00,2eb300a6-bd34-43d9-94c9-8697b97c5ba7,
39240e23-92e1-4bc0-b890-ed188874b98d,49.77,RON,Mega Image ref 21277587,2025-12-20T02:52:57+00:00,5588e5c9-786a-4f09-8721-a8cedc57f9c8,
1206994d-6a4f-4b5f-92e4-87806c93f0c1,26.95,RON,Lidl ref 53849327,2025-12-20T03:26:57+00:00,56cc310a-2a4b-4ab3-87df-66009aa0bf74,
61aa189d-0a7d-4de0-bcea-e86bf311a3a1,83.63,RON,Lidl ref 46521017,2025-12-20T03:37:57+00:00,aa7898aa-95b2-468b-ac92-275a68599dc4,
7bbbfc3b-eace-45d1-b8c3-38e92ee6a318,26.86,RON,Mega Image ref 97526358,2025-12-20T03:42:57+00:00,12cbffe1-d83b-42c0-8120-8703b8fbd5c6,
3dd07e68-edfa-4cde-910b-c36b2e255050,90.67,RON,Kaufland ref 87381309,2025-12-20T03:46:57+00:00,d3228db7-ef32-4e3e-8fa9-f9f8a84cc34d,
734a6ca3-8116-43fc-a2e7-c1a612d2fa06,45.0,RON,Digi internet,2025-12-20T06:39:57+00:00,bdd640fb-0667-4ad1-9c80-317fa3b1799d,
80e1be4d-c4c6-48eb-94ee-d98795e7c6e4,45.0,RON,Digi internet,2025-12-20T06:39:57+00:00,0e5779ec-be1a-470f-ad83-a4c869f8d3e4,
c22a6772-7cbf-4645-8b61-716cdd91cf6b,45.0,RON,Digi internet,2025-12-20T06:39:57+00:00,aa7898aa-95b2-468b-ac92-275a68599dc4,
6855a90d-0f2f-4a57-8883-93111216e243,45.0,RON,Digi internet,2025-12-20T06:39:57+00:00,7bf7bf91-9958-41e0-bb31-0f54e9f410c9,
2018925e-dc03-42e2-b80e-2079cf7412ff,45.0,RON,Digi internet,2025-12-20T06:39:57+00:00,02c27ee1-ff57-48d4-82c7-6cf491fd62b9,
23aa26eb-14f7-414d-83a7-3323a075ed96,45.0,RON,Digi internet,2025-12-20T06:39:57+00:00,56cc310a-2a4b-4ab3-87df-66009aa0bf74,
edecae6a-68ee-4fdb-8054-a1debd40659e,45.0,RON,Digi internet,2025-12-20T06:39:57+00:00,5588e5c9-786a-4f09-8721-a8cedc57f9c8,
16187c53-41c7-4191-9e7e-0704fc6c12c8,45.0,RON,Digi internet,2025-12-20T06:39:57+00:00,33a2f3d5-7d4c-460f-ba3e-5b7745b7b856,
89288af1-7ed2-4698-8be4-fac06f8a8a4e,45.0,RON,Digi internet,2025-12-20T06:39:57+00:00,6e36dc96-4f61-48f4-b69f-4ca617af9323,
2bf5d1b2-ddf1-4ea6-9349-53cc8cc3e4c9,45.0,RON,Digi internet,2025-12-20T06:39:57+00:00,2eb300a6-bd34-43d9-94c9-8697b97c5ba7,
63ae9d8b-527a-4a82-bf4f-d05eb823b2b3,45.0,RON,Digi internet,2025-12-20T06:39:57+00:00,818e12e2-7146-4ffe-a877-ba23cf63df5b,
473c7958-0d35-4ff5-a30a-4310ec538d8a,45.0,RON,Digi internet,2025-12-20T06:39:57+00:00,97c83e0a-8a40-4c3e-b8e3-ae37cffa9985,
1fe99077-c6a5-4047-a93e-0fbad27be71e,45.0,RON,Digi internet,2025-12-20T06:39:57+00:00,d3228db7-ef32-4e3e-8fa9-f9f8a84cc34d,
8bd80039-4667-42ab-8d03-b2a78812f198,45.0,RON,Digi internet,2025-12-20T06:39:57+00:00,12cbffe1-d83b-42c0-8120-8703b8fbd5c6,
ae1c48bb-4d70-4118-b7c8-43c2cfce4fed,45.0,RON,Digi internet,2025-12-20T06:39:57+00:00,82112000-16b4-4f2b-9dee-8ec850f886ea,
bfc51a33-eecd-4622-b820-66f8590eb880,45.72,RON,Glovo ref 95149726,2025-12-20T15:30:57+00:00,02c27ee1-ff57-48d4-82c7-6cf491fd62b9,
c14565c7-5d98-4115-b05e-eefe8ece1128,42.18,RON,Glovo ref 55511258,2025-12-20T16:04:57+00:00,bdd640fb-0667-4ad1-9c80-317fa3b1799d,
8200b972-a3e8-4f41-806d-7f7ce79c797d,116.8,RON,Carrefour ref 47026058,2025-12-20T16:34:57+00:00,aa7898aa-95b2-468b-ac92-275a68599dc4,
52f3dae8-270c-4845-82b0-b97174f87e77,379.72,RON,OMV benzina ref 79243420,2025-12-20T17:00:57+00:00,12cbffe1-d83b-42c0-8120-8703b8fbd5c6,
736367f5-2754-4846-ac52-1c9deef1050f,28.57,RON,Mega Image ref 10258548,2025-12-20T17:14:57+00:00,818e12e2-7146-4ffe-a877-ba23cf63df5b,
05cb0b20-91b7-4f33-8cd9-3fb44a17f144,27.2,RON,Mega Image ref 48138781,2025-12-20T17:15:57+00:00,12cbffe1-d83b-42c0-8120-8703b8fbd5c6,
c27a5d2f-73e6-4ac2-bb47-7415f4df32d4,81.43,RON,Carrefour ref 14185898,2025-12-20T17:40:57+00:00,12cbffe1-d83b-42c0-8120-8703b8fbd5c6,
6c85dd96-7cb9-431c-9b9e-45aa4f28ceb2,226.93,RON,Dedeman ref 43328738,2025-12-20T18:35:57+00:00,6e36dc96-4f61-48f4-b69f-4ca617af9323,
df6615fc-630b-4c5d-9e62-ebca896883ea,63.71,RON,Carrefour ref 82622819,2025-12-20T19:02:57+00:00,6e36dc96-4f61-48f4-b69f-4ca617af9323,
d8c47272-0534-42a8-94ba-1caf17f231e8,39.88,RON,Kaufland ref 16637364,2025-12-20T20:08:57+00:00,d3228db7-ef32-4e3e-8fa9-f9f8a84cc34d,
d419a261-3373-49f3-8dbc-79ba10fa6c5f,386.83,RON,OMV benzina ref 87792407,2025-12-20T22:40:57+00:00,82112000-16b4-4f2b-9dee-8ec850f886ea,
a84629fe-9428-4c61-b977-90b2f63b2c0f,125.85,RON,Carrefour ref 76925145,2025-12-20T23:36:57+00:00,5588e5c9-786a-4f09-8721-a8cedc57f9c8,
b1fc0880-3303-4d5b-97e0-c203662359bc,72.02,RON,Kaufland ref 57527118,2025-12-21T00:44:57+00:00,2eb300a6-bd34-43d9-94c9-8697b97c5ba7,
87e62a56-3176-409e-8387-2f7da7b7d0fd,35.11,RON,Mega Image ref 28781308,2025-12-21T01:26:57+00:00,56cc310a-2a4b-4ab3-87df-66009aa0bf74,
aa3794fb-d997-4545-9e8e-76023dc559fc,59.8,RON,Mega Image ref 58660554,2025-12-21T02:17:57+00:00,aa7898aa-95b2-468b-ac92-275a68599dc4,
e85e74bd-6dd5-4a22-91ff-ce93efdcb451,72.55,RON,Glovo ref 88428644,2025-12-21T02:18:57+00:00,97c83e0a-8a40-4c3e-b8e3-ae37cffa9985,
304896aa-e404-4f1e-8ecd-f68c1dd7dcee,95.33,RON,Farmacia Tei ref 35120806,2025-12-21T02:20:57+00:00,02c27ee1-ff57-48d4-82c7-6cf491fd62b9,
155287c7-0b96-4346-a498-da39d7c8f02c,97.77,RON,Kaufland ref 34455561,2025-12-21T02:21:57+00:00,0e5779ec-be1a-470f-ad83-a4c869f8d3e4,
7c2febce-8188-4021-984d-cca241192e85,63.79,RON,Glovo ref 15977606,2025-12-21T02:31:57+00:00,33a2f3d5-7d4c-460f-ba3e-5b7745b7b856,
6fc970f1-b2c7-49b9-aa06-59c68d3375de,32.88,RON,Mega Image ref 69472984,2025-12-21T04:30:57+00:00,d3228db7-ef32-4e3e-8fa9-f9f8a84cc34d,
9b33e3a4-2620-49a9-b4fd-33d184f2fd0f,121.02,RON,Kaufland ref 73584863,2025-12-21T14:47:57+00:00,bdd640fb-0667-4ad1-9c80-317fa3b1799d,
76c61e2e-1262-4ecb-9044-2f78cfdf88f8,31.91,RON,Glovo ref 66135824,2025-12-21T16:20:57+00:00,d3228db7-ef32-4e3e-8fa9-f9f8a84cc34d,
baaf9fe5-b15b-4d98-aaa6-5a2a0064a287,63.18,RON,Mega Image ref 29617586,2025-12-21T19:27:57+00:00,97c83e0a-8a40-4c3e-b8e3-ae37cffa9985,
22f6dd04-507e-4fa4-a287-2d3c58dd0bd7,48.81,RON,Mega Image ref 17602882,2025-12-21T20:17:57+00:00,82112000-16b4-4f2b-9dee-8ec850f886ea,
f33bb643-cfb1-4ce1-ac84-740d47237612,85.9,RON,Lidl ref 42280747,2025-12-21T20:26:57+00:00,02c27ee1-ff57-48d4-82c7-6cf491fd62b9,
e5bda38b-c368-4e42-aceb-24d2d09b957c,52.63,RON,Carrefour ref 55221370,2025-12-21T22:20:57+00:00,2eb300a6-bd34-43d9-94c9-8697b97c5ba7,
b20921cd-c73e-4517-8b49-67db4344c269,119.04,RON,Kaufland ref 74089052,2025-12-21T23:03:57+00:00,7bf7bf91-9958-41e0-bb31-0f54e9f410c9,
017f319f-0496-4795-88cc-ddbc6f0d7229,74.27,RON,Glovo ref 24271459,2025-12-21T23:55:57+00:00,0e5779ec-be1a-470f-ad83-a4c869f8d3e4,
97fe56c5-4c9a-4f24-97b4-c294bd44089d,20.5,RON,Mega Image ref 92745294,2025-12-21T23:59:57+00:00,bdd640fb-0667-4ad1-9c80-317fa3b1799d,
be86f5d0-f73e-4b07-a860-25bfde68666d,86.61,RON,Carrefour ref 64370473,2025-12-22T01:09:57+00:00,0e5779ec-be1a-470f-ad83-a4c869f8d3e4,
4afb9204-198d-4b79-a774-9aad0858abdd,72.25,RON,Glovo ref 24658404,2025-12-22T01:28:57+00:00,6e36dc96-4f61-48f4-b69f-4ca617af9323,
54da025a-828f-479a-91a9-dff5ce0b2985,21.49,RON,Mega Image ref 75023119,2025-12-22T01:29:57+00:00,5588e5c9-786a-4f09-8721-a8cedc57f9c8,
0062050e-13f5-47c1-b3da-16646f7d696b,234.36,RON,Kaufland ref 65547743,2025-12-22T02:03:57+00:00,02c27ee1-ff57-48d4-82c7-6cf491fd62b9,
6f0b5b2b-9751-4f49-b8ac-e4867eb6c0a9,205.15,RON,OMV benzina ref 88622613,2025-12-22T02:30:57+00:00,aa7898aa-95b2-468b-ac92-275a68599dc4,
c71d5100-40b4-4859-ae52-0d8bafb1c9bb,66.47,RON,Mega Image ref 36977118,2025-12-22T03:02:57+00:00,12cbffe1-d83b-42c0-8120-8703b8fbd5c6,
4479fe28-fc0b-47e9-ac42-735aafa59730,116.62,RON,Carrefour ref 50287650,2025-12-22T15:59:57+00:00,97c83e0a-8a40-4c3e-b8e3-ae37cffa9985,
fc411721-3667-4c4a-be44-56d712a82af1,68.62,RON,Carrefour ref 11483668,2025-12-22T17:19:57+00:00,7bf7bf91-9958-41e0-bb31-0f54e9f410c9,
5039d53a-ce14-427c-b0ce-bb7e3c3c7ad6,53.92,RON,Mega Image ref 97546847,2025-12-22T17:32:57+00:00,6e36dc96-4f61-48f4-b69f-4ca617af9323,
6bc515b3-e41f-4845-b880-446d8dc10914,51.26,RON,Mega Image ref 66824661,2025-12-22T18:25:57+00:00,02c27ee1-ff57-48d4-82c7-6cf491fd62b9,
a20b0cee-7d94-4f7c-a54b-724d3c040d00,80.32,RON,Kaufland ref 56468103,2025-12-22T19:08:57+00:00,818e12e2-7146-4ffe-a877-ba23cf63df5b,
f1a5c20b-e393-4803-ad1f-f7977e690956,61.94,RON,Kaufland ref 26759624,2025-12-22T19:21:57+00:00,56cc310a-2a4b-4ab3-87df-66009aa0bf74,
01164e75-7519-43ce-a310-511dfd74d47f,161.87,RON,Kaufland ref 86593639,2025-12-22T19:41:57+00:00,82112000-16b4-4f2b-9dee-8ec850f886ea,
3c4c3c4e-c467-43df-b0f3-5dc399d7e738,31.23,RON,Mega Image ref 51025856,2025-12-22T20:36:57+00:00,5588e5c9-786a-4f09-8721-a8cedc57f9c8,
23e8e680-0228-4d07-b4c2-17b6e57ad2cf,252.49,RON,Dedeman ref 66435409,2025-12-22T20:53:57+00:00,5588e5c9-786a-4f09-8721-a8cedc57f9c8,
cc6c7bc2-96e1-4e24-9631-d1cb58336052,61.38,RON,Glovo ref 32859170,2025-12-22T21:48:57+00:00,d3228db7-ef32-4e3e-8fa9-f9f8a84cc34d,
4def1085-a2ba-4c1a-a654-0ba453d05823,79.65,RON,Farmacia Tei ref 19686066,2025-12-22T22:34:57+00:00,02c27ee1-ff57-48d4-82c7-6cf491fd62b9,
5a631cf4-6169-4de4-8941-9e1c9ed19d16,84.41,RON,Carrefour ref 19269520,2025-12-23T01:53:57+00:00,12cbffe1-d83b-42c0-8120-8703b8fbd5c6,
00b62158-0540-48d7-b99b-747bdca4b19e,72.53,RON,Kaufland ref 60327438,2025-12-23T03:57:57+00:00,7bf7bf91-9958-41e0-bb31-0f54e9f410c9,
dbe83664-302f-420e-b874-05cab22f2e91,54.67,RON,Kaufland ref 12132081,2025-12-23T14:51:57+00:00,0e5779ec-be1a-470f-ad83-a4c869f8d3e4,
2fd02b45-a0b3-443a-8fa7-6a5b95055ac7,37.39,RON,Mega Image ref 34665225,2025-12-23T16:08:57+00:00,7bf7bf91-9958-41e0-bb31-0f54e9f410c9,
9b110ca2-07c3-4441-8be8-0648ede551af,27.81,RON,Mega Image ref 98940815,2025-12-23T16:23:57+00:00,d3228db7-ef32-4e3e-8fa9-f9f8a84cc34d,
23c3fa41-e0f8-4620-a2de-d5d08c04f012,91.58,RON,Lidl ref 81176505,2025-12-23T16:47:57+00:00,56cc310a-2a4b-4ab3-87df-66009aa0bf74,
8c2f727d-8396-4c0c-a0b6-694a1ef6201d,124.4,RON,Dedeman ref 32822368,2025-12-23T16:48:57+00:00,818e12e2-7146-4ffe-a877-ba23cf63df5b,
d9f9b008-4dd5-4c39-b53a-531b100af3a9,68.32,RON,Lidl ref 57038194,2025-12-23T16:52:57+00:00,02c27ee1-ff57-48d4-82c7-6cf491fd62b9,
27a8ffcf-484c-478f-b0f7-d6e65a3094f1,107.04,RON,Lidl ref 35546357,2025-12-23T17:06:57+00:00,33a2f3d5-7d4c-460f-ba3e-5b7745b7b856,
36fd1ea9-e534-42de-858a-8565183a6c6c,118.87,RON,Kaufland ref 29150434,2025-12-23T17:18:57+00:00,97c83e0a-8a40-4c3e-b8e3-ae37cffa9985,
7f3582dd-25a2-4a07-8375-bd0dbbcaa7c5,49.19,RON,Farmacia Tei ref 99460221,2025-12-23T17:25:57+00:00,97c83e0a-8a40-4c3e-b8e3-ae37cffa9985,
0506536c-78b3-442a-bc2c-0791f6bffaa9,117.13,RON,Dedeman ref 69762583,2025-12-23T17:36:57+00:00,0e5779ec-be1a-470f-ad83-a4c869f8d3e4,
5dec567e-e2ba-46e6-acce-3122c1fd195c,46.36,RON,Lidl ref 36929433,2025-12-23T17:45:57+00:00,2eb300a6-bd34-43d9-94c9-8697b97c5ba7,
1699d28a-d4c4-46d3-a706-0974b8498f8c,90.46,RON,Glovo ref 67746152,2025-12-23T17:48:57+00:00,33a2f3d5-7d4c-460f-ba3e-5b7745b7b856,
7b0ea5cd-1f1e-45a9-8994-d0add26b24e9,15.01,RON,Mega Image ref 63369699,2025-12-23T18:27:57+00:00,56cc310a-2a4b-4ab3-87df-66009aa0bf74,
afd10343-0e1f-4be0-af97-e3ae47736caf,234.65,RON,OMV benzina ref 98144846,2025-12-23T19:51:57+00:00,5588e5c9-786a-4f09-8721-a8cedc57f9c8,
1ae880ef-b282-4fbc-bd66-02a7faca1a8f,73.03,RON,Kaufland ref 69383541,2025-12-23T21:43:57+00:00,6e36dc96-4f61-48f4-b69f-4ca617af9323,
0d259caa-b8ad-4d87-ba40-45dd93dfd907,150.32,RON,Kaufland ref 87641510,2025-12-23T21:55:57+00:00,bdd640fb-0667-4ad1-9c80-317fa3b1799d,
dbb24c33-a045-4992-9793-30f16f8fd55c,39.17,RON,Lidl ref 42451191,2025-12-23T22:20:57+00:00,0e5779ec-be1a-470f-ad83-a4c869f8d3e4,
ad362fe6-9ef8-4486-b9f8-8ad5a342380b,70.5,RON,Glovo ref 92741320,2025-12-23T23:09:57+00:00,82112000-16b4-4f2b-9dee-8ec850f886ea,
8b8f0c85-f1ad-4273-9f38-2affdaa01422,63.92,RON,Carrefour ref 78998246,2025-12-24T00:11:57+00:00,97c83e0a-8a40-4c3e-b8e3-ae37cffa9985,
894d34c9-78fb-4609-9815-42592c1b2ea9,137.41,RON,OMV benzina ref 95427614,2025-12-24T00:40:57+00:00,818e12e2-7146-4ffe-a877-ba23cf63df5b,
6c03d7b7-44a1-4896-a038-c12723904040,65.39,RON,Glovo ref 84124191,2025-12-24T01:09:57+00:00,818e12e2-7146-4ffe-a877-ba23cf63df5b,
3e00980e-ae44-4e21-9258-64f225d4a0fc,42.03,RON,Mega Image ref 61028283,2025-12-24T01:25:57+00:00,bdd640fb-0667-4ad1-9c80-317fa3b1799d,
69b7c0fa-26c4-42f6-ab35-2f85504e2687,156.21,RON,OMV benzina ref 69195194,2025-12-24T01:46:57+00:00,bdd640fb-0667-4ad1-9c80-317fa3b1799d,
66946aa9-49f4-4e31-bba6-c1afd037a903,122.59,RON,Lidl ref 19341407,2025-12-24T02:35:57+00:00,12cbffe1-d83b-42c0-8120-8703b8fbd5c6,
dfbf05af-2ab0-4306-8f48-3365f777f6d8,90.54,RON,Glovo ref 33273647,2025-12-24T03:28:57+00:00,12cbffe1-d83b-42c0-8120-8703b8fbd5c6,
74ee230d-551f-4a2e-8a2d-92b93264f4a7,19.86,RON,Mega Image ref 68190331,2025-12-24T03:35:57+00:00,2eb300a6-bd34-43d9-94c9-8697b97c5ba7,
e470dab0-e520-4332-a4a5-8bd60a328c88,84.67,RON,Lidl ref 86680961,2025-12-24T15:26:57+00:00,7bf7bf91-9958-41e0-bb31-0f54e9f410c9,
12478760-4496-446b-a360-31794250bfc1,30.97,RON,Glovo ref 50932378,2025-12-24T17:10:57+00:00,818e12e2-7146-4ffe-a877-ba23cf63df5b,
8685abaa-7a76-4555-a987-b218ff84faef,22.61,RON,Mega Image ref 53627409,2025-12-24T17:12:57+00:00,bdd640fb-0667-4ad1-9c80-317fa3b1799d,
2aa49db9-28f4-400b-bbce-d11f98588e87,67.66,RON,Mega Image ref 82190341,2025-12-24T17:40:57+00:00,6e36dc96-4f61-48f4-b69f-4ca617af9323,
041988d4-d5a7-46a5-b3c7-3214db19743b,344.73,RON,OMV benzina ref 73237295,2025-12-24T18:33:57+00:00,82112000-16b4-4f2b-9dee-8ec850f886ea,
667fb648-fe1d-4408-9c6d-715f02ed9190,154.61,RON,Carrefour ref 14256956,2025-12-24T19:08:57+00:00,12cbffe1-d83b-42c0-8120-8703b8fbd5c6,
db234c32-e47c-4649-9b11-adbf1b22709e,146.22,RON,Kaufland ref 82211602,2025-12-24T19:50:57+00:00,82112000-16b4-4f2b-9dee-8ec850f886ea,
914eff49-1105-4eba-b7da-fdb6612e1fcf,145.75,RON,Kaufland ref 27212173,2025-12-24T20:54:57+00:00,02c27ee1-ff57-48d4-82c7-6cf491fd62b9,
6c6e7717-3d1d-4aab-9b88-71526fb56ab0,114.16,RON,Kaufland ref 94260732,2025-12-24T20:55:57+00:00,56cc310a-2a4b-4ab3-87df-66009aa0bf74,
5367290f-6399-4656-838b-4cf79e22d9bc,90.96,RON,Glovo ref 91204662,2025-12-24T20:55:57+00:00,6e36dc96-4f61-48f4-b69f-4ca617af9323,
5c6c3e48-efbe-44cb-83fe-c1d104ef9571,181.54,RON,OMV benzina ref 57932324,2025-12-24T21:15:57+00:00,2eb300a6-bd34-43d9-94c9-8697b97c5ba7,
f9900256-1919-4fda-bfb1-6070817f806d,121.2,RON,Lidl ref 32750813,2025-12-24T21:17:57+00:00,82112000-16b4-4f2b-9dee-8ec850f886ea,
03961a04-409d-4dfb-b19e-a54ce8f946f3,94.2,RON,Kaufland ref 86493620,2025-12-24T21:57:57+00:00,6e36dc96-4f61-48f4-b69f-4ca617af9323,
2a846ba7-179c-4fbc-9707-1445e4ca20f5,65.46,RON,Farmacia Tei ref 17605853,2025-12-24T22:34:57+00:00,d3228db7-ef32-4e3e-8fa9-f9f8a84cc34d,
3790e2e8-d1bc-4f11-8959-fcb6d1d0fc1c,65.53,RON,Kaufland ref 52982976,2025-12-24T23:40:57+00:00,818e12e2-7146-4ffe-a877-ba23cf63df5b,
a1628abf-1a48-4803-8204-0c8155773297,55.36,RON,Mega Image ref 16834659,2025-12-25T00:32:57+00:00,0e5779ec-be1a-470f-ad83-a4c869f8d3e4,
8515985f-e884-4a83-9389-1467e1fb2a96,25.02,RON,Glovo ref 35509497,2025-12-25T00:44:57+00:00,d3228db7-ef32-4e3e-8fa9-f9f8a84cc34d,
9b98882f-79ca-445e-82ea-12773ac49257,100.83,RON,Carrefour ref 87894965,2025-12-25T00:55:57+00:00,d3228db7-ef32-4e3e-8fa9-f9f8a84cc34d,
7139eb20-b654-46f8-829c-d850ecb28cc9,70.76,RON,Glovo ref 90791519,2025-12-25T02:44:57+00:00,12cbffe1-d83b-42c0-8120-8703b8fbd5c6,
0391ddc5-3e33-4833-80d6-c0ac82abfb8d,58.78,RON,Farmacia Tei ref 65566748,2025-12-25T03:13:57+00:00,7bf7bf91-9958-41e0-bb31-0f54e9f410c9,
61bd1beb-fd0e-472f-b814-e54f74dc1c37,75.7,RON,Lidl ref 13117642,2025-12-25T04:37:57+00:00,2eb300a6-bd34-43d9-94c9-8697b97c5ba7,
4491be40-1042-4a8e-8da2-2a3950db8e34,23.86,RON,Glovo ref 87363548,2025-12-25T15:12:57+00:00,0e5779ec-be1a-470f-ad83-a4c869f8d3e4,
21269e2b-f757-4fb6-b3e1-e3678e1adc2b,43.71,RON,Mega Image ref 52813547,2025-12-25T17:31:57+00:00,6e36dc96-4f61-48f4-b69f-4ca617af9323,
810590fe-2daa-43f8-be06-72dcc1287512,92.49,RON,Lidl ref 77743348,2025-12-25T18:12:57+00:00,82112000-16b4-4f2b-9dee-8ec850f886ea,
2806d3e5-7048-44f2-8363-f8eeb276b405,168.15,RON,Carrefour ref 33075119,2025-12-25T19:20:57+00:00,33a2f3d5-7d4c-460f-ba3e-5b7745b7b856,
48164644-01a9-4bd0-ad71-d8749dc3a0c6,62.7,RON,Kaufland ref 28264493,2025-12-25T21:07:57+00:00,7bf7bf91-9958-41e0-bb31-0f54e9f410c9,
d1128bb8-e7b2-4f91-adbd-2e33ef6e9295,39.32,RON,Mega Image ref 92073508,2025-12-25T21:10:57+00:00,0e5779ec-be1a-470f-ad83-a4c869f8d3e4,
1d9ce59d-13e0-4f30-8f6f-13f78bb2a006,87.26,RON,Carrefour ref 92442134,2025-12-25T21:59:57+00:00,82112000-16b4-4f2b-9dee-8ec850f886ea,
4828cb71-af88-4b9a-b701-38dd13e2888d,55.79,RON,Mega Image ref 92046020,2025-12-25T22:31:57+00:00,12cbffe1-d83b-42c0-8120-8703b8fbd5c6,
2dcc6e66-f909-49a5-80a2-89d052c8cb58,56.62,RON,Carrefour ref 83494016,2025-12-25T23:41:57+00:00,02c27ee1-ff57-48d4-82c7-6cf491fd62b9,
69824369-ebb1-4253-8ad2-a7ba194b3b6e,19.56,RON,Farmacia Tei ref 54152565,2025-12-25T23:50:57+00:00,aa7898aa-95b2-468b-ac92-275a68599dc4,
68a52c22-3896-4ce6-91fe-681bc921e67b,47.67,RON,Farmacia Tei ref 85554831,2025-12-26T00:38:57+00:00,12cbffe1-d83b-42c0-8120-8703b8fbd5c6,
10699a9e-427a-4dce-b58a-1a10a604b598,40.15,RON,Glovo ref 24400920,2025-12-26T02:55:57+00:00,2eb300a6-bd34-43d9-94c9-8697b97c5ba7,
2dffd3ce-a899-4d62-ba65-ceedbbf2bd45,69.3,RON,Lidl ref 86714178,2025-12-26T03:15:57+00:00,56cc310a-2a4b-4ab3-87df-66009aa0bf74,
e365ab2c-af80-4a84-9bae-64a3a30eeb05,236.32,RON,OMV benzina ref 76313131,2025-12-26T04:29:57+00:00,97c83e0a-8a40-4c3e-b8e3-ae37cffa9985,
f8d9f45f-8bd0-4a6c-a75d-e2c489bf9377,76.19,RON,Mega Image ref 71211957,2025-12-26T15:00:57+00:00,6e36dc96-4f61-48f4-b69f-4ca617af9323,
03252bdc-b5b9-4c65-b9c4-dc6cd42eb4c3,38.08,RON,Carrefour ref 82223398,2025-12-26T16:00:57+00:00,d3228db7-ef32-4e3e-8fa9-f9f8a84cc34d,
89940521-7de5-40e2-ab2d-baaa5df7b5eb,90.89,RON,Carrefour ref 69538057,2025-12-26T16:57:57+00:00,5588e5c9-786a-4f09-8721-a8cedc57f9c8,
0be29694-652e-4957-aae0-6f264fca946a,61.19,RON,Glovo ref 66840903,2025-12-26T17:16:57+00:00,7bf7bf91-9958-41e0-bb31-0f54e9f410c9,
363e8337-9e49-4eef-a815-4f362f304dd5,100.08,RON,Kaufland ref 99115076,2025-12-26T17:52:57+00:00,33a2f3d5-7d4c-460f-ba3e-5b7745b7b856,
debef30e-c7a2-4fd9-b72e-668032578935,55.89,RON,Lidl ref 62472632,2025-12-26T18:34:57+00:00,d3228db7-ef32-4e3e-8fa9-f9f8a84cc34d,
383e69a4-81f4-4dfd-bb6b-1c0d702805af,34.1,RON,Glovo ref 56150415,2025-12-26T19:25:57+00:00,0e5779ec-be1a-470f-ad83-a4c869f8d3e4,
93dfbf53-34a8-4b05-b8fa-a87b20c442a4,150.94,RON,Carrefour ref 53111517,2025-12-26T20:10:57+00:00,12cbffe1-d83b-42c0-8120-8703b8fbd5c6,
8b3330da-9461-4bc3-9d74-4c75021617e7,205.76,RON,Kaufland ref 84413472,2025-12-26T20:41:57+00:00,6e36dc96-4f61-48f4-b69f-4ca617af9323,
ade07438-b8f4-45d1-90d4-ba5fe43dde13,54.63,RON,Kaufland ref 35793646,2025-12-26T21:03:57+00:00,d3228db7-ef32-4e3e-8fa9-f9f8a84cc34d,
91d42acb-8baf-4d69-8697-eab3b95eef51,63.96,RON,Mega Image ref 11225114,2025-12-26T21:31:57+00:00,82112000-16b4-4f2b-9dee-8ec850f886ea,
3a8bad91-8933-4ade-a91d-6821888fdb71,54.39,RON,Mega Image ref 34235418,2025-12-26T23:04:57+00:00,02c27ee1-ff57-48d4-82c7-6cf491fd62b9,
9152da10-9fe6-40f7-9880-be2a9ae22856,31.09,RON,Mega Image ref 44901538,2025-12-26T23:54:57+00:00,56cc310a-2a4b-4ab3-87df-66009aa0bf74,
aeefc38e-ece4-4dd8-89de-4eebc78c7f0f,137.56,RON,Lidl ref 46384571,2025-12-27T01:52:57+00:00,02c27ee1-ff57-48d4-82c7-6cf491fd62b9,
bd8226a6-0802-43b1-accc-1cc5c3252cec,147.75,RON,Kaufland ref 24207364,2025-12-27T02:36:57+00:00,5588e5c9-786a-4f09-8721-a8cedc57f9c8,
c4df0d2f-058b-47ea-86f8-aa1decf1f1ff,93.79,RON,Lidl ref 11227937,2025-12-27T02:47:57+00:00,5588e5c9-786a-4f09-8721-a8cedc57f9c8,
b2f1e6e3-01c5-4550-8375-48c982eee208,124.24,RON,Lidl ref 84049430,2025-12-27T03:46:57+00:00,6e36dc96-4f61-48f4-b69f-4ca617af9323,
7cff3b35-837e-4700-a6d4-2ea401fa9788,94.03,RON,Kaufland ref 30854963,2025-12-27T16:14:57+00:00,2eb300a6-bd34-43d9-94c9-8697b97c5ba7,
8f1cb614-386b-45a1-8e89-87fb936126f4,21.86,RON,Glovo ref 89512420,2025-12-27T16:15:57+00:00,2eb300a6-bd34-43d9-94c9-8697b97c5ba7,
28a7ffc8-dcd5-4e40-80e7-4e7097b50ca2,26.81,RON,Mega Image ref 53659812,2025-12-27T16:25:57+00:00,12cbffe1-d83b-42c0-8120-8703b8fbd5c6,
2a42dc3e-4104-4c1f-be9f-2768f8714566,98.24,RON,Lidl ref 63498387,2025-12-27T17:49:57+00:00,97c83e0a-8a40-4c3e-b8e3-ae37cffa9985,
e1d08b54-6f35-4934-8a9a-870e706017d2,122.27,RON,Kaufland ref 67652499,2025-12-27T20:47:57+00:00,33a2f3d5-7d4c-460f-ba3e-5b7745b7b856,
d7e539bb-ff0c-4c0b-b250-e3b6ee81aa82,304.08,RON,OMV benzina ref 22561466,2025-12-27T20:56:57+00:00,97c83e0a-8a40-4c3e-b8e3-ae37cffa9985,
8d407b4b-3cd6-49c8-8423-9bbf1939b74f,103.76,RON,Kaufland ref 74880861,2025-12-27T22:46:57+00:00,82112000-16b4-4f2b-9dee-8ec850f886ea,
5820ea4f-cd18-4ea5-9740-e77b1d522106,16.87,RON,Farmacia Tei ref 69715838,2025-12-27T23:47:57+00:00,7bf7bf91-9958-41e0-bb31-0f54e9f410c9,
551ce17b-69cf-4918-98a8-b0d520ea5176,68.25,RON,Carrefour ref 91058382,2025-12-28T00:13:57+00:00,2eb300a6-bd34-43d9-94c9-8697b97c5ba7,
b5ff2456-372c-4529-97a8-a0d61f2b2c8d,54.55,RON,Lidl ref 84007687,2025-12-28T00:52:57+00:00,2eb300a6-bd34-43d9-94c9-8697b97c5ba7,
9cd5d050-5716-4b3f-af1d-548532651bae,483.26,RON,Dedeman ref 37087242,2025-12-28T01:37:57+00:00,82112000-16b4-4f2b-9dee-8ec850f886ea,
417e5edc-13e6-4df3-afc0-fe9c854a05f9,33.72,RON,Mega Image ref 57475913,2025-12-28T01:48:57+00:00,7bf7bf91-9958-41e0-bb31-0f54e9f410c9,
6b1ec96c-8595-46c3-94f2-125d7bc50aea,250.98,RON,OMV benzina ref 64875568,2025-12-28T01:58:57+00:00,5588e5c9-786a-4f09-8721-a8cedc57f9c8,
66bcf6f0-bd9e-43fc-9266-cd86a5f62181,23.39,RON,Mega Image ref 83454371,2025-12-28T02:49:57+00:00,aa7898aa-95b2-468b-ac92-275a68599dc4,
8ada4996-dbd4-46a6-bc2b-fb2f0fb8d63a,35.66,RON,Lidl ref 19465118,2025-12-28T02:51:57+00:00,6e36dc96-4f61-48f4-b69f-4ca617af9323,
df836b0e-347f-4e75-aa92-d170f0858e79,53.55,RON,Mega Image ref 32824436,2025-12-28T03:06:57+00:00,6e36dc96-4f61-48f4-b69f-4ca617af9323,
6bc58c4c-74e3-4b63-9cae-a0f0bcad70e6,270.38,RON,Dedeman ref 72459096,2025-12-28T04:12:57+00:00,2eb300a6-bd34-43d9-94c9-8697b97c5ba7,
a7edc8d8-713f-4f8c-ac8b-e53758ab4778,57.83,RON,Mega Image ref 20607151,2025-12-28T14:57:57+00:00,bdd640fb-0667-4ad1-9c80-317fa3b1799d,
bfd8ae38-51c4-448b-979a-1414af054990,48.23,RON,Lidl ref 68993538,2025-12-28T15:12:57+00:00,2eb300a6-bd34-43d9-94c9-8697b97c5ba7,
8f06cbf7-f471-48d3-ad8b-2c5fddbc25fb,138.35,RON,OMV benzina ref 65057731,2025-12-28T15:38:57+00:00,d3228db7-ef32-4e3e-8fa9-f9f8a84cc34d,
cb2b42b2-5645-4b74-afbd-6f6bdf4f43c0,53.8,RON,Glovo ref 64184143,2025-12-28T16:37:57+00:00,2eb300a6-bd34-43d9-94c9-8697b97c5ba7,
4b33b3f3-a8dc-4db2-8907-2a0ab16464e8,189.82,RON,Dedeman ref 16309064,2025-12-28T17:49:57+00:00,5588e5c9-786a-4f09-8721-a8cedc57f9c8,
2c5cce54-210c-48d9-bb9e-a9ebaac4363f,63.57,RON,Glovo ref 21568480,2025-12-28T17:57:57+00:00,0e5779ec-be1a-470f-ad83-a4c869f8d3e4,
9ba585ae-cb96-4524-a5a4-14b21956673f,78.1,RON,Lidl ref 32581930,2025-12-28T18:06:57+00:00,7bf7bf91-9958-41e0-bb31-0f54e9f410c9,
85585910-7993-459a-9b0d-0f2a48162609,104.13,RON,Glovo ref 99814014,2025-12-28T18:40:57+00:00,12cbffe1-d83b-42c0-8120-8703b8fbd5c6,
04030ebe-ce21-401c-9d6f-5a801508b722,250.39,RON,OMV benzina ref 73084877,2025-12-28T19:15:57+00:00,5588e5c9-786a-4f09-8721-a8cedc57f9c8,
84b15881-afa5-4a1b-a0f2-3bb6557359f6,22.33,RON,Mega Image ref 21610878,2025-12-28T20:47:57+00:00,2eb300a6-bd34-43d9-94c9-8697b97c5ba7,
65524d69-120d-4d41-9805-8d8844c488d7,181.73,RON,Kaufland ref 44187325,2025-12-28T20:48:57+00:00,12cbffe1-d83b-42c0-8120-8703b8fbd5c6,
155a7be4-0686-421e-984f-0eeb45177af7,74.36,RON,Glovo ref 30150125,2025-12-28T21:06:57+00:00,97c83e0a-8a40-4c3e-b8e3-ae37cffa9985,
1c793f17-0f3b-414f-b2fa-1099e0ff5eba,123.93,RON,Carrefour ref 81915250,2025-12-28T21:16:57+00:00,82112000-16b4-4f2b-9dee-8ec850f886ea,
e50f8b4f-add0-436a-8752-3623d6a0c6a3,184.75,RON,OMV benzina ref 10350093,2025-12-29T00:14:57+00:00,6e36dc96-4f61-48f4-b69f-4ca617af9323,
7496edec-a01c-4b94-b79f-bd79f98e85a5,180.12,RON,Carrefour ref 28640625,2025-12-29T01:41:57+00:00,12cbffe1-d83b-42c0-8120-8703b8fbd5c6,
98277abb-b1cd-4eb7-924a-5915d4f23361,75.32,RON,Glovo ref 32369161,2025-12-29T01:47:57+00:00,6e36dc96-4f61-48f4-b69f-4ca617af9323,
d2eb13d1-96f3-40a4-b770-42d2845df425,108.83,RON,Lidl ref 80596261,2025-12-29T02:29:57+00:00,02c27ee1-ff57-48d4-82c7-6cf491fd62b9,
38df5403-e471-4fac-99bc-e82b72be8f53,27.61,RON,Mega Image ref 58908198,2025-12-29T03:32:57+00:00,d3228db7-ef32-4e3e-8fa9-f9f8a84cc34d,
6dae81dd-9ec9-449f-844b-49c3341f2023,20.83,RON,Mega Image ref 52131889,2025-12-29T04:08:57+00:00,82112000-16b4-4f2b-9dee-8ec850f886ea,
3e6d9f97-4910-4373-927d-b562954a29b9,198.59,RON,OMV benzina ref 11874217,2025-12-29T04:23:57+00:00,02c27ee1-ff57-48d4-82c7-6cf491fd62b9,
d3f471e7-2cba-4bc6-a89a-5e38ad4b24ec,74.82,RON,Glovo ref 57921617,2025-12-29T15:01:57+00:00,0e5779ec-be1a-470f-ad83-a4c869f8d3e4,
3ef85af4-91c1-449f-8a26-15c0e69f777e,89.7,RON,Kaufland ref 71859648,2025-12-29T16:33:57+00:00,2eb300a6-bd34-43d9-94c9-8697b97c5ba7,
ae62990c-19bd-4f93-b8ef-7666b7a4c719,17.56,RON,Mega Image ref 54331259,2025-12-29T17:42:57+00:00,bdd640fb-0667-4ad1-9c80-317fa3b1799d,
3a95416f-400b-4ed1-909e-c9c3f035a81d,215.59,RON,OMV benzina ref 22361346,2025-12-29T18:16:57+00:00,02c27ee1-ff57-48d4-82c7-6cf491fd62b9,
54684553-c46b-44fd-987b-ce0a78036104,37.28,RON,Carrefour ref 32750828,2025-12-29T18:17:57+00:00,2eb300a6-bd34-43d9-94c9-8697b97c5ba7,
ccd3ade3-6d3d-4a46-b33e-ffa7ad2667ba,66.04,RON,Lidl ref 75620401,2025-12-29T19:47:57+00:00,2eb300a6-bd34-43d9-94c9-8697b97c5ba7,
33e6fc58-5858-4f95-a7cb-4a86ade68538,26.81,RON,Glovo ref 23113866,2025-12-29T20:01:57+00:00,d3228db7-ef32-4e3e-8fa9-f9f8a84cc34d,
6659d2e2-d0d7-4392-b011-7f02959fda81,54.09,RON,Mega Image ref 13083690,2025-12-29T20:50:57+00:00,97c83e0a-8a40-4c3e-b8e3-ae37cffa9985,
d449f331-ddc7-4bf2-bcfa-005d28300b56,57.95,RON,Mega Image ref 76424981,2025-12-29T22:01:57+00:00,33a2f3d5-7d4c-460f-ba3e-5b7745b7b856,
b25b9a6d-b91c-4516-9993-644b0f4d626e,125.27,RON,Kaufland ref 16925406,2025-12-29T23:30:57+00:00,02c27ee1-ff57-48d4-82c7-6cf491fd62b9,
a0444581-6c82-40e1-a0a0-43aec0e26abf,23.34,RON,Glovo ref 68692593,2025-12-29T23:35:57+00:00,2eb300a6-bd34-43d9-94c9-8697b97c5ba7,
79c773a0-e0de-4c3d-a172-1c83ef5e4376,30.2,RON,Glovo ref 97629787,2025-12-29T23:38:57+00:00,bdd640fb-0667-4ad1-9c80-317fa3b1799d,
87f255d6-e7ba-46ac-ab7a-3d1c0cfef683,70.91,RON,Lidl ref 42542167,2025-12-30T00:26:57+00:00,bdd640fb-0667-4ad1-9c80-317fa3b1799d,
19ea32d8-1ae7-41a2-8df7-b2c6d579d65c,135.96,RON,Kaufland ref 25393958,2025-12-30T00:56:57+00:00,97c83e0a-8a40-4c3e-b8e3-ae37cffa9985,
d745f3fb-15cd-4409-ba99-5fba7feb2b41,12.59,RON,Mega Image ref 85420780,2025-12-30T02:12:57+00:00,56cc310a-2a4b-4ab3-87df-66009aa0bf74,
72544f41-41e2-489d-8d4a-a463d34de3fb,30.63,RON,Mega Image ref 57940371,2025-12-30T02:55:57+00:00,818e12e2-7146-4ffe-a877-ba23cf63df5b,
a8c3e448-6c4e-48ed-bdea-2265f3d3e2c7,23.73,RON,Mega Image ref 43156880,2025-12-30T03:01:57+00:00,2eb300a6-bd34-43d9-94c9-8697b97c5ba7,
5c88da6e-e551-4a7a-b011-a2bece4f4c66,49.89,RON,Glovo ref 55231541,2025-12-30T04:24:57+00:00,aa7898aa-95b2-468b-ac92-275a68599dc4,
733f4ae0-7bd1-4d83-9b78-376bdfd1d149,38.24,RON,Glovo ref 37701628,2025-12-30T16:04:57+00:00,33a2f3d5-7d4c-460f-ba3e-5b7745b7b856,
2550e249-436c-4827-9a2a-5b5f67964bd9,56.34,RON,Glovo ref 99011879,2025-12-30T16:24:57+00:00,aa7898aa-95b2-468b-ac92-275a68599dc4,
c8ee46bf-571f-4cdb-be60-afde4200a1aa,73.29,RON,Lidl ref 75278845,2025-12-30T17:46:57+00:00,0e5779ec-be1a-470f-ad83-a4c869f8d3e4,
836fe96e-3a42-49a1-b5e3-bde9cc4ff1cd,92.45,RON,Farmacia Tei ref 45001576,2025-12-30T18:19:57+00:00,5588e5c9-786a-4f09-8721-a8cedc57f9c8,
9c4e7b65-c81a-4f0f-9b1b-ba94f9834d4b,49.76,RON,Glovo ref 24888885,2025-12-30T22:30:57+00:00,0e5779ec-be1a-470f-ad83-a4c869f8d3e4,
b4d6f3e6-1aa9-4d26-ab63-6d669ab2b735,275.02,RON,OMV benzina ref 79174131,2025-12-30T22:56:57+00:00,0e5779ec-be1a-470f-ad83-a4c869f8d3e4,
56f4927f-c5eb-4017-be0e-eda1c01b07c4,23.41,RON,Glovo ref 16757047,2025-12-30T23:12:57+00:00,7bf7bf91-9958-41e0-bb31-0f54e9f410c9,
6afa828c-2cd1-4b9f-abe5-841fe9c96c52,206.34,RON,OMV benzina ref 15006085,2025-12-30T23:53:57+00:00,bdd640fb-0667-4ad1-9c80-317fa3b1799d,
8f56fffc-c1bb-4767-8bd4-01528f7bf6c2,147.94,RON,Kaufland ref 96209085,2025-12-30T23:58:57+00:00,aa7898aa-95b2-468b-ac92-275a68599dc4,
20fde180-4d1a-4053-ac59-c38c51f0fe1d,67.37,RON,Glovo ref 80397937,2025-12-31T00:21:57+00:00,02c27ee1-ff57-48d4-82c7-6cf491fd62b9,
2adfedf8-786f-486a-b90a-3610b0b55ce7,27.04,RON,Mega Image ref 72243471,2025-12-31T00:35:57+00:00,7bf7bf91-9958-41e0-bb31-0f54e9f410c9,
f00b240b-801e-4e92-9598-679a9d05c828,101.84,RON,Glovo ref 76392934,2025-12-31T00:59:57+00:00,12cbffe1-d83b-42c0-8120-8703b8fbd5c6,
a56b3436-706b-471e-a5c6-c8a46c358ce8,58.7,RON,Lidl ref 97125454,2025-12-31T01:00:57+00:00,33a2f3d5-7d4c-460f-ba3e-5b7745b7b856,
6ac5a03a-ef80-4fad-91a6-2e7a69b04a13,26.66,RON,Mega Image ref 96788820,2025-12-31T02:35:57+00:00,d3228db7-ef32-4e3e-8fa9-f9f8a84cc34d,
b6aef822-032b-4635-a6f9-f46548831d06,30.02,RON,Carrefour ref 37069776,2025-12-31T03:00:57+00:00,2eb300a6-bd34-43d9-94c9-8697b97c5ba7,
b54a31ba-4ac8-427e-ba75-1921283348ea,23.92,RON,Mega Image ref 58538289,2025-12-31T16:34:57+00:00,0e5779ec-be1a-470f-ad83-a4c869f8d3e4,
3c41e680-f426-4ca0-a3e2-68e1f45c0ef6,72.55,RON,Lidl ref 45761862,2025-12-31T16:40:57+00:00,56cc310a-2a4b-4ab3-87df-66009aa0bf74,
98d470d7-df0d-4871-9e86-1ea4de641c67,142.72,RON,Dedeman ref 17827726,2025-12-31T18:06:57+00:00,33a2f3d5-7d4c-460f-ba3e-5b7745b7b856,
4c0ea187-fe41-45d5-a734-5a2cbf3e16b1,45.04,RON,Lidl ref 57955687,2025-12-31T18:52:57+00:00,97c83e0a-8a40-4c3e-b8e3-ae37cffa9985,
d6f810b5-3075-4c55-879d-53fcdf38e1dc,127.44,RON,Kaufland ref 32712561,2025-12-31T19:00:57+00:00,d3228db7-ef32-4e3e-8fa9-f9f8a84cc34d,
65e42fe8-1afb-41b6-8406-7fdb83186314,102.17,RON,Glovo ref 22862873,2025-12-31T20:29:57+00:00,33a2f3d5-7d4c-460f-ba3e-5b7745b7b856,
25e7f2f2-490f-4019-a3fc-78b8b3b45a32,37.83,RON,Mega Image ref 81283228,2025-12-31T20:30:57+00:00,97c83e0a-8a40-4c3e-b8e3-ae37cffa9985,
e632ef0a-7ac6-4859-94f6-614ee89afbfe,56.11,RON,Mega Image ref 78252441,2025-12-31T21:17:57+00:00,7bf7bf91-9958-41e0-bb31-0f54e9f410c9,
36473025-8650-4714-8d5d-755aa5d30b9c,214.28,RON,OMV benzina ref 58954686,2025-12-31T21:55:57+00:00,818e12e2-7146-4ffe-a877-ba23cf63df5b,
a42d0cd7-fd35-4f6a-b450-388748d90846,45.28,RON,Carrefour ref 54968591,2026-01-01T00:17:57+00:00,bdd640fb-0667-4ad1-9c80-317fa3b1799d,
70696977-33af-45be-993d-87221f7bd82f,72.9,RON,Carrefour ref 28491507,2026-01-01T01:02:57+00:00,0e5779ec-be1a-470f-ad83-a4c869f8d3e4,
52f1b8c8-30b4-4f64-a550-25dd3763a3b1,39.04,RON,Glovo ref 13018198,2026-01-01T02:04:57+00:00,56cc310a-2a4b-4ab3-87df-66009aa0bf74,
150bd1d8-f882-4326-91f2-84859d091856,96.06,RON,Lidl ref 49448235,2026-01-01T02:31:57+00:00,aa7898aa-95b2-468b-ac92-275a68599dc4,
96e55bda-9e85-4200-a86b-bcdb583e4b4b,47.0,RON,Carrefour ref 52879199,2026-01-01T02:39:57+00:00,56cc310a-2a4b-4ab3-87df-66009aa0bf74,
f111a610-e782-4d04-9570-44a4bc0f80f4,29.76,RON,Glovo ref 79987656,2026-01-01T03:47:57+00:00,d3228db7-ef32-4e3e-8fa9-f9f8a84cc34d,
cf02bdb8-ecab-41e9-be90-6a8c32ab0e22,78.99,RON,Mega Image ref 98120072,2026-01-01T04:06:57+00:00,02c27ee1-ff57-48d4-82c7-6cf491fd62b9,
4f008b22-1dbb-46c8-8c69-3bbf92535094,112.38,RON,Carrefour ref 43130703,2026-01-01T14:48:57+00:00,d3228db7-ef32-4e3e-8fa9-f9f8a84cc34d,
d682a0b4-7bb7-4c42-9cba-7bc6db872c8f,25.06,RON,Mega Image ref 12788232,2026-01-01T14:57:57+00:00,aa7898aa-95b2-468b-ac92-275a68599dc4,
481a7a3f-7162-434d-b5f5-4cbb046fe166,42.77,RON,Farmacia Tei ref 29074864,2026-01-01T14:58:57+00:00,97c83e0a-8a40-4c3e-b8e3-ae37cffa9985,
2faabe0b-b7f6-4cdf-81dc-1c60a5f60735,30.45,RON,Glovo ref 71594457,2026-01-01T16:00:57+00:00,bdd640fb-0667-4ad1-9c80-317fa3b1799d,
fa1002b7-55d2-4466-9fd0-bb066e86546f,61.2,RON,Lidl ref 77404479,2026-01-01T17:42:57+00:00,02c27ee1-ff57-48d4-82c7-6cf491fd62b9,
0a000777-64b7-464c-a25b-513d71a87123,192.71,RON,OMV benzina ref 38855243,2026-01-01T18:00:57+00:00,82112000-16b4-4f2b-9dee-8ec850f886ea,
70bb2a0e-39d0-4b29-a008-e8ed3ecf5f0a,122.48,RON,Kaufland ref 39390348,2026-01-01T18:32:57+00:00,aa7898aa-95b2-468b-ac92-275a68599dc4,
ede9e32c-726b-44c6-91a1-468fd2b4abb4,127.37,RON,Carrefour ref 52519475,2026-01-01T19:15:57+00:00,12cbffe1-d83b-42c0-8120-8703b8fbd5c6,
a383889a-db2c-4ac8-9c67-83932ced3c0d,39.86,RON,Farmacia Tei ref 35925669,2026-01-01T20:29:57+00:00,bdd640fb-0667-4ad1-9c80-317fa3b1799d,
1888d0b8-1877-4282-bdab-a6d849ce7695,124.35,RON,Farmacia Tei ref 32575378,2026-01-01T20:37:57+00:00,02c27ee1-ff57-48d4-82c7-6cf491fd62b9,
d066fe9e-156f-47cf-bf59-92e622ca4d6d,161.92,RON,Carrefour ref 42891532,2026-01-01T21:28:57+00:00,5588e5c9-786a-4f09-8721-a8cedc57f9c8,
7da5eec1-91c4-4d4f-8e3c-5c30dc880691,37.44,RON,Glovo ref 80438292,2026-01-01T22:22:57+00:00,97c83e0a-8a40-4c3e-b8e3-ae37cffa9985,
7ccd8dfd-7462-4066-b36e-c549a3996761,62.75,RON,Farmacia Tei ref 10264286,2026-01-02T01:29:57+00:00,818e12e2-7146-4ffe-a877-ba23cf63df5b,
36b86a13-8d1b-4ecb-ad79-4edf0dd14338,34.6,RON,Mega Image ref 10163632,2026-01-02T02:27:57+00:00,7bf7bf91-9958-41e0-bb31-0f54e9f410c9,
523b7e15-036a-4b34-a47a-5b1ecc4ba943,197.28,RON,Kaufland ref 34923997,2026-01-02T03:05:57+00:00,12cbffe1-d83b-42c0-8120-8703b8fbd5c6,
df5c4886-8e34-4c1c-b566-ceee0f75cb33,98.88,RON,Glovo ref 53981486,2026-01-02T04:12:57+00:00,82112000-16b4-4f2b-9dee-8ec850f886ea,
441999b6-15d1-42f8-abd7-d03881492b7a,66.06,RON,Lidl ref 48488047,2026-01-02T04:30:57+00:00,0e5779ec-be1a-470f-ad83-a4c869f8d3e4,
2c4622e9-4abf-4028-904f-ec88d9485610,64.65,RON,Farmacia Tei ref 39754241,2026-01-02T14:51:57+00:00,97c83e0a-8a40-4c3e-b8e3-ae37cffa9985,
602d6c98-13e9-4c46-8b3f-03b9d67ecb25,121.31,RON,Carrefour ref 13022398,2026-01-02T15:32:57+00:00,82112000-16b4-4f2b-9dee-8ec850f886ea,
186f4fa5-04e3-4cb1-a444-524690feec12,42.75,RON,Mega Image ref 89030540,2026-01-02T15:55:57+00:00,02c27ee1-ff57-48d4-82c7-6cf491fd62b9,
c1b37480-cb59-4c89-91cd-fb48c3acb605,49.92,RON,Mega Image ref 11000092,2026-01-02T16:12:57+00:00,12cbffe1-d83b-42c0-8120-8703b8fbd5c6,
c5fc931c-8eec-4a83-a7f7-0a8076ab5b52,162.03,RON,OMV benzina ref 13320088,2026-01-02T16:44:57+00:00,97c83e0a-8a40-4c3e-b8e3-ae37cffa9985,
e13cd224-0c02-41fd-be03-fc9310d9bd8b,377.1,RON,OMV benzina ref 52826047,2026-01-02T17:02:57+00:00,12cbffe1-d83b-42c0-8120-8703b8fbd5c6,
97ce8e00-d36d-4a41-a1c2-85cf98f7f224,66.15,RON,Glovo ref 51930378,2026-01-02T18:06:57+00:00,97c83e0a-8a40-4c3e-b8e3-ae37cffa9985,
361fc924-a7a3-4e37-875c-e39ffcc6713a,46.14,RON,Lidl ref 75400901,2026-01-02T18:44:57+00:00,7bf7bf91-9958-41e0-bb31-0f54e9f410c9,
1a9a4693-a999-4ee3-9adf-663d76f658e4,58.25,RON,Glovo ref 87489644,2026-01-02T19:38:57+00:00,82112000-16b4-4f2b-9dee-8ec850f886ea,
2064774f-ac52-40b5-829c-fbdab37b574e,94.26,RON,Carrefour ref 36344669,2026-01-02T20:15:57+00:00,7bf7bf91-9958-41e0-bb31-0f54e9f410c9,
a2e0f852-b2bd-4452-84bf-be6a353ca07e,52.54,RON,Mega Image ref 59080539,2026-01-02T20:37:57+00:00,6e36dc96-4f61-48f4-b69f-4ca617af9323,
951c25d5-4d4c-4280-9462-52e7f43ba052,33.88,RON,Mega Image ref 45835371,2026-01-02T20:54:57+00:00,bdd640fb-0667-4ad1-9c80-317fa3b1799d,
c709f959-3185-4db5-be5f-95e7f25b8ef0,161.22,RON,Kaufland ref 93322191,2026-01-02T21:12:57+00:00,82112000-16b4-4f2b-9dee-8ec850f886ea,
a07fc20c-da5c-4778-a5ee-2658b2c59b83,40.03,RON,Mega Image ref 47791837,2026-01-02T21:22:57+00:00,97c83e0a-8a40-4c3e-b8e3-ae37cffa9985,
0ee4a0f7-142c-4034-b21d-9a333fc25d67,83.57,RON,Lidl ref 30001864,2026-01-02T21:54:57+00:00,82112000-16b4-4f2b-9dee-8ec850f886ea,
456f25c0-3ee8-41ac-8585-dedf0e8efff7,65.52,RON,Glovo ref 73703699,2026-01-02T22:02:57+00:00,5588e5c9-786a-4f09-8721-a8cedc57f9c8,
ba23590e-d361-4a9e-bb9c-007cd3ac1bf7,13.77,RON,Mega Image ref 69303202,2026-01-02T23:58:57+00:00,d3228db7-ef32-4e3e-8fa9-f9f8a84cc34d,
3f800385-ef92-40b6-92d7-8f107a3a6e96,39.93,RON,Lidl ref 28872606,2026-01-03T00:45:57+00:00,bdd640fb-0667-4ad1-9c80-317fa3b1799d,
4e8adc4b-7724-4041-9e43-fbd2aaf407f7,59.96,RON,Glovo ref 18338186,2026-01-03T01:02:57+00:00,bdd640fb-0667-4ad1-9c80-317fa3b1799d,
0848addf-f9f6-4ac4-95f8-4b1060652c1c,99.51,RON,Kaufland ref 60628582,2026-01-03T04:37:57+00:00,12cbffe1-d83b-42c0-8120-8703b8fbd5c6,
5bfc1f76-5b20-4a38-927f-4eb02cafe196,229.46,RON,Dedeman ref 60715575,2026-01-03T14:52:57+00:00,12cbffe1-d83b-42c0-8120-8703b8fbd5c6,
437ba45c-29bc-470a-928b-06515c2c1f79,93.72,RON,Farmacia Tei ref 86690343,2026-01-03T14:56:57+00:00,97c83e0a-8a40-4c3e-b8e3-ae37cffa9985,
e70af828-26a4-4bef-a437-199cec2a322b,67.62,RON,Glovo ref 98607345,2026-01-03T15:04:57+00:00,0e5779ec-be1a-470f-ad83-a4c869f8d3e4,
2acee707-c3da-43f6-b667-93b4c58ec65c,73.49,RON,Lidl ref 28054911,2026-01-03T15:27:57+00:00,82112000-16b4-4f2b-9dee-8ec850f886ea,
393fa137-3585-4fbf-8e86-fd9c88c05a8b,171.83,RON,Carrefour ref 44363225,2026-01-03T15:46:57+00:00,02c27ee1-ff57-48d4-82c7-6cf491fd62b9,
030890e2-74bf-4ad3-ac23-8cc1f692a870,104.89,RON,Kaufland ref 62548059,2026-01-03T16:09:57+00:00,56cc310a-2a4b-4ab3-87df-66009aa0bf74,
208fa98c-ee2c-42b2-99b9-7b795bf2e8db,45.69,RON,Mega Image ref 76844055,2026-01-03T16:47:57+00:00,7bf7bf91-9958-41e0-bb31-0f54e9f410c9,
1f9bdf4c-349b-473a-a7a3-51ffabf8106d,31.85,RON,Glovo ref 97161477,2026-01-03T16:59:57+00:00,5588e5c9-786a-4f09-8721-a8cedc57f9c8,
4f99b788-24bf-4b38-8f4b-100d2cb1e1bd,75.51,RON,Mega Image ref 97647044,2026-01-03T17:05:57+00:00,33a2f3d5-7d4c-460f-ba3e-5b7745b7b856,
569b111f-15b4-466e-91d0-12a7f19293c9,28.1,RON,Lidl ref 79437366,2026-01-03T17:28:57+00:00,0e5779ec-be1a-470f-ad83-a4c869f8d3e4,
3b6b6054-51cb-4ee7-bdc0-30040810da56,83.23,RON,Kaufland ref 15014140,2026-01-03T17:33:57+00:00,02c27ee1-ff57-48d4-82c7-6cf491fd62b9,
3f2423f2-2f31-434a-898a-cba1f76c3b2e,34.97,RON,Glovo ref 89164920,2026-01-03T18:11:57+00:00,818e12e2-7146-4ffe-a877-ba23cf63df5b,
eaa0555a-6882-46d1-8ec8-6e936dce06df,71.56,RON,Carrefour ref 58820841,2026-01-03T18:19:57+00:00,97c83e0a-8a40-4c3e-b8e3-ae37cffa9985,
de6b51a5-257b-42de-b241-6aedfe3dc3e5,135.02,RON,Carrefour ref 83854958,2026-01-03T19:45:57+00:00,33a2f3d5-7d4c-460f-ba3e-5b7745b7b856,
bd399a47-a9cb-426d-b5fc-402b18799ef1,44.72,RON,Glovo ref 13695188,2026-01-03T20:03:57+00:00,02c27ee1-ff57-48d4-82c7-6cf491fd62b9,
6d227438-c65f-49b0-a0a9-154dac7ae1c0,177.71,RON,Kaufland ref 12884172,2026-01-03T20:16:57+00:00,33a2f3d5-7d4c-460f-ba3e-5b7745b7b856,
55e10b39-6afd-4fed-97f2-0b4080dac46f,31.57,RON,Glovo ref 27534576,2026-01-03T20:24:57+00:00,7bf7bf91-9958-41e0-bb31-0f54e9f410c9,
cb402706-d001-4dde-b8f6-14ad0740ecda,94.12,RON,Lidl ref 49730869,2026-01-03T21:30:57+00:00,5588e5c9-786a-4f09-8721-a8cedc57f9c8,
65ad7673-4a2a-4677-8f42-3f8a5a6c627b,53.85,RON,Lidl ref 61010245,2026-01-03T21:33:57+00:00,33a2f3d5-7d4c-460f-ba3e-5b7745b7b856,
b091b483-bb08-4eb4-aea6-92d09d79bc56,87.4,RON,Glovo ref 78185736,2026-01-03T22:17:57+00:00,6e36dc96-4f61-48f4-b69f-4ca617af9323,
6d3e3d29-b73a-44d7-972f-cb00018f19bb,124.25,RON,Kaufland ref 25008006,2026-01-04T00:02:57+00:00,d3228db7-ef32-4e3e-8fa9-f9f8a84cc34d,
26366874-b225-48de-b6e2-887aefe61690,99.12,RON,Lidl ref 47178071,2026-01-04T00:52:57+00:00,7bf7bf91-9958-41e0-bb31-0f54e9f410c9,
d4be1299-20d1-4c2e-a23a-335d91a2da0b,194.73,RON,OMV benzina ref 99654671,2026-01-04T01:36:57+00:00,97c83e0a-8a40-4c3e-b8e3-ae37cffa9985,
20f6b8d8-9436-4f5d-89cc-6b08cba9a0f0,69.34,RON,Carrefour ref 43137733,2026-01-04T01:47:57+00:00,aa7898aa-95b2-468b-ac92-275a68599dc4,
4a70d943-e232-461b-b96c-4eb76bd14d9b,74.66,RON,Glovo ref 23054921,2026-01-04T02:07:57+00:00,97c83e0a-8a40-4c3e-b8e3-ae37cffa9985,
6dc7d0d6-eb75-4ba9-900a-48b69ea1fc15,36.48,RON,Glovo ref 66119504,2026-01-04T02:21:57+00:00,2eb300a6-bd34-43d9-94c9-8697b97c5ba7,
4f729a1e-353f-44f2-90f8-3de357272e5f,24.7,RON,Lidl ref 18740849,2026-01-04T03:01:57+00:00,2eb300a6-bd34-43d9-94c9-8697b97c5ba7,
77cfe8e7-6db8-47f2-9082-0a864c3330b2,157.31,RON,Kaufland ref 91835402,2026-01-04T03:35:57+00:00,6e36dc96-4f61-48f4-b69f-4ca617af9323,
8217009b-f29e-40ce-be3c-cfac0835f5f4,50.69,RON,Lidl ref 43453059,2026-01-04T15:02:57+00:00,56cc310a-2a4b-4ab3-87df-66009aa0bf74,
d82772e1-7ae5-444e-9dcf-879a52b5404b,86.49,RON,Carrefour ref 20386649,2026-01-04T15:12:57+00:00,33a2f3d5-7d4c-460f-ba3e-5b7745b7b856,
c8b81d4e-0d81-4d84-b432-f9ba9543431c,99.15,RON,Lidl ref 97189880,2026-01-04T15:54:57+00:00,5588e5c9-786a-4f09-8721-a8cedc57f9c8,
3e0dfb8f-c780-4e2a-8f30-c82ab61a55f1,153.76,RON,Kaufland ref 81340984,2026-01-04T16:33:57+00:00,82112000-16b4-4f2b-9dee-8ec850f886ea,
8b6f3652-cc93-45be-9bae-04748fb16f45,30.92,RON,Mega Image ref 57030257,2026-01-04T17:10:57+00:00,82112000-16b4-4f2b-9dee-8ec850f886ea,
bed40c9c-2c82-46ea-8482-ebb7317ddb7c,86.69,RON,Farmacia Tei ref 67632927,2026-01-04T19:16:57+00:00,02c27ee1-ff57-48d4-82c7-6cf491fd62b9,
e8bb9e50-f628-4c5f-b921-c69d7761e77a,47.22,RON,Glovo ref 78622351,2026-01-04T19:19:57+00:00,56cc310a-2a4b-4ab3-87df-66009aa0bf74,
cbe64a16-07d7-40cb-b53f-1d07348da480,64.99,RON,Kaufland ref 31524191,2026-01-04T20:14:57+00:00,56cc310a-2a4b-4ab3-87df-66009aa0bf74,
e6cea76d-ec11-4d68-b232-b1edd5f97992,28.39,RON,Glovo ref 79609867,2026-01-04T20:26:57+00:00,2eb300a6-bd34-43d9-94c9-8697b97c5ba7,
b661fecc-9cc8-479d-9409-432fa2fc04f8,65.23,RON,Mega Image ref 57874253,2026-01-04T20:38:57+00:00,97c83e0a-8a40-4c3e-b8e3-ae37cffa9985,
cb0568b6-6d9e-4e0f-b155-fedf9c026b25,98.67,RON,Glovo ref 49990044,2026-01-04T20:58:57+00:00,02c27ee1-ff57-48d4-82c7-6cf491fd62b9,
62bad244-0b6e-45f9-ab9d-c0bbbb6b1068,102.6,RON,Lidl ref 28717925,2026-01-04T22:41:57+00:00,97c83e0a-8a40-4c3e-b8e3-ae37cffa9985,
29723882-a6d9-43d1-85dd-f023af0caa3c,28.19,RON,Glovo ref 19534513,2026-01-04T22:53:57+00:00,7bf7bf91-9958-41e0-bb31-0f54e9f410c9,
6111fe2d-071b-4d2a-a333-c422a3dc2212,174.18,RON,Kaufland ref 13626428,2026-01-05T00:32:57+00:00,5588e5c9-786a-4f09-8721-a8cedc57f9c8,
8939882d-4d04-4b8d-841e-26c7c87fee0c,67.35,RON,Glovo ref 55256485,2026-01-05T00:49:57+00:00,6e36dc96-4f61-48f4-b69f-4ca617af9323,
1de2ea80-f90d-4083-b492-444660fb298e,123.43,RON,Kaufland ref 79393672,2026-01-05T00:50:57+00:00,02c27ee1-ff57-48d4-82c7-6cf491fd62b9,
dd7d08c9-60cc-4abd-8c6c-fc1c783cb761,115.46,RON,Carrefour ref 19935807,2026-01-05T01:35:57+00:00,7bf7bf91-9958-41e0-bb31-0f54e9f410c9,
20514ac6-5550-4d75-8886-e36fade4f5f9,38.02,RON,Mega Image ref 65260181,2026-01-05T02:17:57+00:00,02c27ee1-ff57-48d4-82c7-6cf491fd62b9,
a2fbfaaa-742d-4ae3-8017-367b6ff0a020,202.15,RON,Carrefour ref 43221198,2026-01-05T03:16:57+00:00,02c27ee1-ff57-48d4-82c7-6cf491fd62b9,
70a1e5dd-d403-453e-af55-c8e23b164e64,76.8,RON,Kaufland ref 89842205,2026-01-05T03:42:57+00:00,7bf7bf91-9958-41e0-bb31-0f54e9f410c9,
c23e2650-5b53-49ed-a1a3-8362958c2d62,48.94,RON,Mega Image ref 23827405,2026-01-05T03:46:57+00:00,12cbffe1-d83b-42c0-8120-8703b8fbd5c6,
dd57077a-a590-47bd-a9f8-a38e43c883fe,25.43,RON,Mega Image ref 51512466,2026-01-05T03:47:57+00:00,5588e5c9-786a-4f09-8721-a8cedc57f9c8,
f9fb722d-a51c-4d2a-b3bf-bdabb7b24f20,35.12,RON,Glovo ref 56753777,2026-01-05T04:17:57+00:00,aa7898aa-95b2-468b-ac92-275a68599dc4,
3f59e4f2-c309-4b6e-b7e9-d2e2d35ac07a,6750.29,RON,Salariu,2026-01-05T06:39:57+00:00,,bdd640fb-0667-4ad1-9c80-317fa3b1799d
df85c777-9887-4bfe-8136-9c65ae2ae341,24.99,RON,Spotify,2026-01-05T06:39:57+00:00,bdd640fb-0667-4ad1-9c80-317fa3b1799d,
0205e16a-581a-426c-a8c3-5a79504e54ac,12351.06,RON,Salariu,2026-01-05T06:39:57+00:00,,0e5779ec-be1a-470f-ad83-a4c869f8d3e4
871d5bfc-e674-40de-879f-b5f3d3b68150,24.99,RON,Spotify,2026-01-05T06:39:57+00:00,0e5779ec-be1a-470f-ad83-a4c869f8d3e4,
75d236e3-0d9e-4c48-962c-4be49302a5dc,5381.4,RON,Salariu,2026-01-05T06:39:57+00:00,,aa7898aa-95b2-468b-ac92-275a68599dc4
974fe668-7f44-4add-b018-4f959e6a10fa,24.99,RON,Spotify,2026-01-05T06:39:57+00:00,aa7898aa-95b2-468b-ac92-275a68599dc4,
950097ce-28bc-4d51-b1e4-53e6dc50522d,5648.15,RON,Salariu,2026-01-05T06:39:57+00:00,,7bf7bf91-9958-41e0-bb31-0f54e9f410c9
37d9f94a-87e8-43e5-b4ae-6f01bfc3535d,24.99,RON,Spotify,2026-01-05T06:39:57+00:00,7bf7bf91-9958-41e0-bb31-0f54e9f410c9,
d2296fce-ddf1-4853-a7a8-3acba006b58f,5655.08,RON,Salariu,2026-01-05T06:39:57+00:00,,02c27ee1-ff57-48d4-82c7-6cf491fd62b9
92a63189-a970-40ed-86d7-a3ea3e14acb6,24.99,RON,Spotify,2026-01-05T06:39:57+00:00,02c27ee1-ff57-48d4-82c7-6cf491fd62b9,
b7536d18-aed5-4fa8-b8c1-8a87e35265ce,6060.09,RON,Salariu,2026-01-05T06:39:57+00:00,,56cc310a-2a4b-4ab3-87df-66009aa0bf74
154e3433-33e5-4410-8656-eee4858e4a7e,24.99,RON,Spotify,2026-01-05T06:39:57+00:00,56cc310a-2a4b-4ab3-87df-66009aa0bf74,
8f7f6d81-333e-4a4f-90f9-2d7b5d93dbf0,8327.13,RON,Salariu,2026-01-05T06:39:57+00:00,,5588e5c9-786a-4f09-8721-a8cedc57f9c8
50e2f229-22d6-4d79-ab76-5b4043f8bcc7,24.99,RON,Spotify,2026-01-05T06:39:57+00:00,5588e5c9-786a-4f09-8721-a8cedc57f9c8,
a6cff4a0-ec58-41c4-bf15-575394f9a7cd,10719.62,RON,Salariu,2026-01-05T06:39:57+00:00,,33a2f3d5-7d4c-460f-ba3e-5b7745b7b856
b5875e15-22cd-4ff0-a509-ff920485772c,24.99,RON,Spotify,2026-01-05T06:39:57+00:00,33a2f3d5-7d4c-460f-ba3e-5b7745b7b856,
de666672-9389-42e0-8b4a-e3a6d777834c,9195.15,RON,Salariu,2026-01-05T06:39:57+00:00,,6e36dc96-4f61-48f4-b69f-4ca617af9323
8d78f8fe-2f10-4a36-abbf-548f2c9f9936,24.99,RON,Spotify,2026-01-05T06:39:57+00:00,6e36dc96-4f61-48f4-b69f-4ca617af9323,
5e5f7826-6c86-4d23-8687-e82c16577ed1,4272.19,RON,Salariu,2026-01-05T06:39:57+00:00,,2eb300a6-bd34-43d9-94c9-8697b97c5ba7
e5b3bb61-d3b6-445b-b56f-05d4c6cb0762,24.99,RON,Spotify,2026-01-05T06:39:57+00:00,2eb300a6-bd34-43d9-94c9-8697b97c5ba7,
2b3473a4-9ca6-4fec-b3b2-a9b71ad118d2,11834.0,RON,Salariu,2026-01-05T06:39:57+00:00,,818e12e2-7146-4ffe-a877-ba23cf63df5b
e2db0af3-bd04-4d9a-b069-a543769d174e,24.99,RON,Spotify,2026-01-05T06:39:57+00:00,818e12e2-7146-4ffe-a877-ba23cf63df5b,
a8f088e9-60f1-47c5-87c2-df8f6b27e958,7310.52,RON,Salariu,2026-01-05T06:39:57+00:00,,97c83e0a-8a40-4c3e-b8e3-ae37cffa9985
65921a0f-608b-4216-befc-16436c0d1c67,24.99,RON,Spotify,2026-01-05T06:39:57+00:00,97c83e0a-8a40-4c3e-b8e3-ae37cffa9985,
78db52b1-f4ab-434a-9ba9-5c59249df917,4764.6,RON,Salariu,2026-01-05T06:39:57+00:00,,d3228db7-ef32-4e3e-8fa9-f9f8a84cc34d
63a6fb91-ea3f-4a71-beee-1e8945dfde4f,24.99,RON,Spotify,2026-01-05T06:39:57+00:00,d3228db7-ef32-4e3e-8fa9-f9f8a84cc34d,
529fd593-4039-4337-83e8-33b1bac54d31,13610.85,RON,Salariu,2026-01-05T06:39:57+00:00,,12cbffe1-d83b-42c0-8120-8703b8fbd5c6
0c9150b5-930f-438c-9832-9d9743a3431d,24.99,RON,Spotify,2026-01-05T06:39:57+00:00,12cbffe1-d83b-42c0-8120-8703b8fbd5c6,
db8994d9-01d6-428c-92ed-3095eb4709a1,11396.61,RON,Salariu,2026-01-05T06:39:57+00:00,,82112000-16b4-4f2b-9dee-8ec850f886ea
72a9cc1b-54f5-4870-8270-dec3ca2f1333,24.99,RON,Spotify,2026-01-05T06:39:57+00:00,82112000-16b4-4f2b-9dee-8ec850f886ea,
d7684211-6aed-4760-975b-6911f805d526,183.83,RON,OMV benzina ref 59469218,2026-01-05T15:02:57+00:00,7bf7bf91-9958-41e0-bb31-0f54e9f410c9,
5149caf5-e3de-4a1e-9dc9-63e8f155483a,174.22,RON,Carrefour ref 56099711,2026-01-05T19:13:57+00:00,82112000-16b4-4f2b-9dee-8ec850f886ea,
e582eba2-f285-4a73-8083-dcf391db5fbc,76.8,RON,Glovo ref 47056223,2026-01-05T19:43:57+00:00,aa7898aa-95b2-468b-ac92-275a68599dc4,
a6ebe702-9e41-4884-89d0-c0fc9fd60922,79.99,RON,Lidl ref 83071525,2026-01-05T21:07:57+00:00,0e5779ec-be1a-470f-ad83-a4c869f8d3e4,
9b5cc4c9-e457-415f-bc7e-db88ddf45d30,45.5,RON,Farmacia Tei ref 16611306,2026-01-05T21:31:57+00:00,2eb300a6-bd34-43d9-94c9-8697b97c5ba7,
8ce7e0f2-05c2-40ab-984e-e48f72fe0ed8,11.83,RON,Mega Image ref 92836863,2026-01-05T21:47:57+00:00,56cc310a-2a4b-4ab3-87df-66009aa0bf74,
12c33883-2cf4-4d1a-8df9-57fdd7dcc3fc,17.17,RON,Mega Image ref 75181819,2026-01-05T21:48:57+00:00,d3228db7-ef32-4e3e-8fa9-f9f8a84cc34d,
8b75f3fd-4a65-4986-ab6e-803dc332fba9,109.14,RON,Kaufland ref 57397903,2026-01-05T21:53:57+00:00,56cc310a-2a4b-4ab3-87df-66009aa0bf74,
55a8e46d-1794-4bed-863e-e24dd5b8056b,36.42,RON,Mega Image ref 64326753,2026-01-05T22:32:57+00:00,02c27ee1-ff57-48d4-82c7-6cf491fd62b9,
ee13be73-8ea1-45d7-a42e-6bcfc346e02a,66.8,RON,Farmacia Tei ref 22474588,2026-01-05T22:52:57+00:00,33a2f3d5-7d4c-460f-ba3e-5b7745b7b856,
de19893e-7a04-40c4-98fc-8448e555e087,40.36,RON,Mega Image ref 17723661,2026-01-05T23:07:57+00:00,aa7898aa-95b2-468b-ac92-275a68599dc4,
7ca2101f-6b77-4be4-9e57-072df05ad4ec,49.59,RON,Mega Image ref 37249427,2026-01-05T23:44:57+00:00,7bf7bf91-9958-41e0-bb31-0f54e9f410c9,
be217520-fff5-446d-bfff-9603c82b207b,62.72,RON,Glovo ref 24153933,2026-01-05T23:44:57+00:00,82112000-16b4-4f2b-9dee-8ec850f886ea,
87edf6c6-6c32-4888-b4bd-7373de04aa49,58.29,RON,Mega Image ref 34687402,2026-01-06T00:09:57+00:00,33a2f3d5-7d4c-460f-ba3e-5b7745b7b856,
47a5269b-279d-491b-a69b-cb41a1c9bcd0,30.62,RON,Lidl ref 91282384,2026-01-06T01:36:57+00:00,818e12e2-7146-4ffe-a877-ba23cf63df5b,
b9f1818e-c8d9-4817-bc4d-f4c4c3b03975,30.79,RON,Glovo ref 88411901,2026-01-06T02:11:57+00:00,97c83e0a-8a40-4c3e-b8e3-ae37cffa9985,
d6c0716f-6bec-4fce-b20e-9ac0f1bdddd4,124.07,RON,Kaufland ref 93318712,2026-01-06T02:25:57+00:00,2eb300a6-bd34-43d9-94c9-8697b97c5ba7,
9ebe22d3-111f-4a28-86a1-c19bd238b804,67.65,RON,Kaufland ref 82640278,2026-01-06T02:40:57+00:00,7bf7bf91-9958-41e0-bb31-0f54e9f410c9,
9224e427-9f05-4fa7-83b2-d4cfab06fe7b,40.95,RON,Lidl ref 51965869,2026-01-06T04:05:57+00:00,5588e5c9-786a-4f09-8721-a8cedc57f9c8,
0afbabe1-9ef3-4858-b1c0-5fdb50bd4a32,60.39,RON,Glovo ref 35722691,2026-01-06T14:57:57+00:00,97c83e0a-8a40-4c3e-b8e3-ae37cffa9985,
86842d76-0dcd-4f27-b22a-bec8fc52cf6c,201.21,RON,Kaufland ref 73222497,2026-01-06T15:07:57+00:00,33a2f3d5-7d4c-460f-ba3e-5b7745b7b856,
036de9c6-033f-4777-8f4b-fee49b71faf0,56.28,RON,Glovo ref 84398710,2026-01-06T15:07:57+00:00,12cbffe1-d83b-42c0-8120-8703b8fbd5c6,
054a2cc0-cd5a-4ece-b4f2-e4255b01939f,151.27,RON,Kaufland ref 13020442,2026-01-06T15:14:57+00:00,6e36dc96-4f61-48f4-b69f-4ca617af9323,
4f9a13b3-a82b-49ee-9a23-29c8d128b80b,146.35,RON,Carrefour ref 87917351,2026-01-06T15:56:57+00:00,5588e5c9-786a-4f09-8721-a8cedc57f9c8,
b3a55694-3319-4a78-9a67-9427be2f0bbe,115.97,RON,Lidl ref 44339920,2026-01-06T16:06:57+00:00,97c83e0a-8a40-4c3e-b8e3-ae37cffa9985,
aa3af6b7-bd2a-4da3-8a5c-6f9ad873ef5a,431.09,RON,Dedeman ref 55807059,2026-01-06T16:40:57+00:00,33a2f3d5-7d4c-460f-ba3e-5b7745b7b856,
ac3a812f-765e-4cb5-8f0d-55400ec7d662,49.14,RON,Farmacia Tei ref 85686878,2026-01-06T17:11:57+00:00,bdd640fb-0667-4ad1-9c80-317fa3b1799d,
cddedccc-831b-4f03-9201-030915886873,82.42,RON,Kaufland ref 30531509,2026-01-06T18:23:57+00:00,7bf7bf91-9958-41e0-bb31-0f54e9f410c9,
b04a6c09-4db7-4043-9e52-4f171d6511c5,81.52,RON,Dedeman ref 78889607,2026-01-06T20:35:57+00:00,56cc310a-2a4b-4ab3-87df-66009aa0bf74,
5a7dd36c-53c5-4be2-bb0c-aefbbb3afe69,22.57,RON,Glovo ref 93846569,2026-01-06T20:59:57+00:00,56cc310a-2a4b-4ab3-87df-66009aa0bf74,
5e95d7b6-fe1c-4a28-8862-b70c7904ffb1,263.73,RON,OMV benzina ref 45782585,2026-01-06T21:05:57+00:00,02c27ee1-ff57-48d4-82c7-6cf491fd62b9,
0a4f618d-892c-43cb-867e-64290d353ce7,209.68,RON,Kaufland ref 94216801,2026-01-06T21:11:57+00:00,82112000-16b4-4f2b-9dee-8ec850f886ea,
71083466-e0ce-44a8-89dd-fe2128c4de0d,82.39,RON,Glovo ref 59777340,2026-01-06T21:33:57+00:00,02c27ee1-ff57-48d4-82c7-6cf491fd62b9,
7244e01f-5261-4023-be8c-8ef9aa152601,124.35,RON,Lidl ref 98261042,2026-01-06T21:57:57+00:00,6e36dc96-4f61-48f4-b69f-4ca617af9323,
75a9e99b-7465-47a2-a436-66feb18ba37a,105.14,RON,Carrefour ref 54686948,2026-01-06T21:59:57+00:00,818e12e2-7146-4ffe-a877-ba23cf63df5b,
79d50b46-1430-49a9-8deb-011d26b6dd29,25.71,RON,Mega Image ref 69943298,2026-01-06T22:24:57+00:00,818e12e2-7146-4ffe-a877-ba23cf63df5b,
df5181bc-3f0c-4f7d-899b-d7825ea6c0a0,145.29,RON,Lidl ref 31166948,2026-01-06T22:27:57+00:00,02c27ee1-ff57-48d4-82c7-6cf491fd62b9,
48af7f10-8a71-4a73-bdee-baa1853d8090,88.82,RON,Kaufland ref 26912191,2026-01-06T23:00:57+00:00,0e5779ec-be1a-470f-ad83-a4c869f8d3e4,
1eb7fdd4-2219-481c-a27b-1deab0f154dd,53.09,RON,Mega Image ref 48507117,2026-01-07T00:57:57+00:00,97c83e0a-8a40-4c3e-b8e3-ae37cffa9985,
7fe58ce6-886f-4ebc-ad7d-e4764a63fb07,70.77,RON,Lidl ref 62817398,2026-01-07T02:11:57+00:00,d3228db7-ef32-4e3e-8fa9-f9f8a84cc34d,
b9fc829f-4dcf-4615-862f-3461d50cf57e,101.05,RON,Carrefour ref 42392076,2026-01-07T03:13:57+00:00,0e5779ec-be1a-470f-ad83-a4c869f8d3e4,
66c722f6-277b-45aa-b8a2-48a9890a697b,71.87,RON,Mega Image ref 52510825,2026-01-07T03:28:57+00:00,5588e5c9-786a-4f09-8721-a8cedc57f9c8,
1747f387-7d23-4479-9549-2a82b787ef8d,33.65,RON,Mega Image ref 37568520,2026-01-07T04:12:57+00:00,bdd640fb-0667-4ad1-9c80-317fa3b1799d,
df711725-71ad-411e-9a2e-d5d0de540142,222.9,RON,OMV benzina ref 80878068,2026-01-07T04:21:57+00:00,12cbffe1-d83b-42c0-8120-8703b8fbd5c6,
78184275-95dd-48c5-b3f6-06be407e4860,58.36,RON,Glovo ref 84985082,2026-01-07T04:26:57+00:00,2eb300a6-bd34-43d9-94c9-8697b97c5ba7,
3ed9c236-bc59-4860-9f4d-141209011d61,36.4,RON,Mega Image ref 46958566,2026-01-07T14:52:57+00:00,2eb300a6-bd34-43d9-94c9-8697b97c5ba7,
49110cde-7e10-4540-88d7-f57eef8d281d,28.66,RON,Mega Image ref 97506168,2026-01-07T15:19:57+00:00,33a2f3d5-7d4c-460f-ba3e-5b7745b7b856,
b7507558-7f40-4316-9f73-a6480baa8cff,79.65,RON,Glovo ref 52433237,2026-01-07T15:38:57+00:00,5588e5c9-786a-4f09-8721-a8cedc57f9c8,
2e2aee73-9cb0-4458-ba74-a0ec49d011e1,50.26,RON,Mega Image ref 59097741,2026-01-07T15:44:57+00:00,d3228db7-ef32-4e3e-8fa9-f9f8a84cc34d,
dc3e65a5-763d-4cb0-b6f3-7594e67f4fe8,126.34,RON,Kaufland ref 67975528,2026-01-07T17:46:57+00:00,12cbffe1-d83b-42c0-8120-8703b8fbd5c6,
d3527803-3ae0-4dba-97d9-74e95ed50843,73.4,RON,Kaufland ref 84512376,2026-01-07T17:47:57+00:00,5588e5c9-786a-4f09-8721-a8cedc57f9c8,
b494668f-00b8-4921-bb1d-2a83876913e0,21.17,RON,Glovo ref 97804396,2026-01-07T17:59:57+00:00,56cc310a-2a4b-4ab3-87df-66009aa0bf74,
2be0881f-a514-42f8-a03a-aa0655507cf0,57.15,RON,Mega Image ref 94366747,2026-01-07T18:21:57+00:00,5588e5c9-786a-4f09-8721-a8cedc57f9c8,
986a0c91-529b-48e6-8eac-0df194cd36a9,55.34,RON,Mega Image ref 63730410,2026-01-07T19:43:57+00:00,97c83e0a-8a40-4c3e-b8e3-ae37cffa9985,
fc737d92-11ab-4d11-a4eb-8000ef40d162,24.95,RON,Glovo ref 18087373,2026-01-07T20:23:57+00:00,bdd640fb-0667-4ad1-9c80-317fa3b1799d,
f6ba745b-a558-41e3-bab2-b77dfa740cc8,113.26,RON,Carrefour ref 96104027,2026-01-07T20:50:57+00:00,bdd640fb-0667-4ad1-9c80-317fa3b1799d,
47becdc4-bbf5-4d6d-81b1-6807a036a75d,46.62,RON,Mega Image ref 31116903,2026-01-07T20:51:57+00:00,12cbffe1-d83b-42c0-8120-8703b8fbd5c6,
93d1735a-8319-4166-a53f-55e1fef9d999,101.66,RON,Carrefour ref 80855167,2026-01-07T20:59:57+00:00,12cbffe1-d83b-42c0-8120-8703b8fbd5c6,
ca1d429d-9ad7-4207-b110-255242ab0124,49.02,RON,Mega Image ref 49875451,2026-01-07T21:08:57+00:00,818e12e2-7146-4ffe-a877-ba23cf63df5b,
02bf8d3f-6b18-4f2f-b5b5-b64c034b1d43,18.88,RON,Mega Image ref 16396334,2026-01-07T21:35:57+00:00,56cc310a-2a4b-4ab3-87df-66009aa0bf74,
66ffdb56-a0be-468a-9c4f-2a7c3b5fd2d4,106.8,RON,Carrefour ref 48073525,2026-01-07T21:44:57+00:00,82112000-16b4-4f2b-9dee-8ec850f886ea,
fa33dca5-c64d-4e70-9ea3-91e29662f883,271.61,RON,Dedeman ref 58096857,2026-01-07T23:42:57+00:00,aa7898aa-95b2-468b-ac92-275a68599dc4,
425e03bc-5c57-4283-b639-be00ceec6f6d,151.32,RON,Carrefour ref 70540902,2026-01-08T01:35:57+00:00,5588e5c9-786a-4f09-8721-a8cedc57f9c8,
bc87428e-dbfc-4c2d-ae70-c4f077c5faba,38.6,RON,Mega Image ref 42119507,2026-01-08T03:01:57+00:00,82112000-16b4-4f2b-9dee-8ec850f886ea,
7ad539fb-888f-4861-a5f7-473e1ee38059,35.12,RON,Glovo ref 50620176,2026-01-08T15:14:57+00:00,818e12e2-7146-4ffe-a877-ba23cf63df5b,
360848bc-c7c8-4db1-a0b1-d8261c78e2d3,160.12,RON,Kaufland ref 85447267,2026-01-08T16:00:57+00:00,6e36dc96-4f61-48f4-b69f-4ca617af9323,
fad2fd69-3fb1-4376-b1d2-8c69bb88cfe7,88.97,RON,Kaufland ref 31636866,2026-01-08T16:12:57+00:00,aa7898aa-95b2-468b-ac92-275a68599dc4,
6f829c84-e6b0-4ac1-880c-4dd965025fa5,14.7,RON,Farmacia Tei ref 63335632,2026-01-08T16:21:57+00:00,2eb300a6-bd34-43d9-94c9-8697b97c5ba7,
d428df1c-eb6d-4598-a32f-9fbeaa5be353,32.79,RON,Glovo ref 65154850,2026-01-08T16:55:57+00:00,7bf7bf91-9958-41e0-bb31-0f54e9f410c9,
2c92928b-f074-4c06-9486-523de3c72dd6,31.92,RON,Mega Image ref 25730883,2026-01-08T17:08:57+00:00,33a2f3d5-7d4c-460f-ba3e-5b7745b7b856,
e572416e-64a5-4f5e-8a2f-6f9bb14f7ce1,54.72,RON,Glovo ref 86793020,2026-01-08T17:37:57+00:00,6e36dc96-4f61-48f4-b69f-4ca617af9323,
33f272ae-13e8-43e1-a2de-6c83eea31ace,35.57,RON,Mega Image ref 60135395,2026-01-08T17:37:57+00:00,d3228db7-ef32-4e3e-8fa9-f9f8a84cc34d,
4ab464c3-b55e-45b3-88c6-614cb5edda23,57.64,RON,Glovo ref 93578880,2026-01-08T18:21:57+00:00,d3228db7-ef32-4e3e-8fa9-f9f8a84cc34d,
f0029577-e4f3-44d5-b6f3-1d0290cafac3,53.93,RON,Mega Image ref 88060201,2026-01-08T19:54:57+00:00,0e5779ec-be1a-470f-ad83-a4c869f8d3e4,
9df58c2d-322b-48ed-8f17-1269fe1a2f1d,69.96,RON,Carrefour ref 12449768,2026-01-08T20:24:57+00:00,818e12e2-7146-4ffe-a877-ba23cf63df5b,
f7f9e2b1-2cdd-4e4d-8c5f-eadae3d91ce2,43.19,RON,Carrefour ref 91552544,2026-01-08T20:56:57+00:00,97c83e0a-8a40-4c3e-b8e3-ae37cffa9985,
b63037d1-bd11-4175-97ea-6028e56cf0f7,117.05,RON,Kaufland ref 79708140,2026-01-08T21:10:57+00:00,818e12e2-7146-4ffe-a877-ba23cf63df5b,
08be2508-6d65-4a37-9e03-3293ce0f6c5e,236.88,RON,OMV benzina ref 20234640,2026-01-08T21:12:57+00:00,82112000-16b4-4f2b-9dee-8ec850f886ea,
c47c31f6-6f4b-4e53-bb09-519a1d5ed0df,45.73,RON,Mega Image ref 87083341,2026-01-08T22:00:57+00:00,56cc310a-2a4b-4ab3-87df-66009aa0bf74,
0ca806df-8afd-4ea3-845b-db48175b61b1,26.13,RON,Mega Image ref 44297478,2026-01-08T22:13:57+00:00,97c83e0a-8a40-4c3e-b8e3-ae37cffa9985,
785e55c1-0896-4cbb-8c22-1f54f98e5faa,69.01,RON,Carrefour ref 69328532,2026-01-08T22:57:57+00:00,d3228db7-ef32-4e3e-8fa9-f9f8a84cc34d,
e547a143-ae47-460e-b47a-9911f145ab59,53.81,RON,Mega Image ref 58664514,2026-01-08T23:16:57+00:00,12cbffe1-d83b-42c0-8120-8703b8fbd5c6,
e7238979-45bb-4760-92cd-7f93ffbb2c0f,27.99,RON,Glovo ref 38409148,2026-01-09T00:00:57+00:00,97c83e0a-8a40-4c3e-b8e3-ae37cffa9985,
2b3fde5d-d8b4-4672-a125-52fa3094f256,80.49,RON,Kaufland ref 70883220,2026-01-09T01:17:57+00:00,7bf7bf91-9958-41e0-bb31-0f54e9f410c9,
f236b2ee-181a-469a-96cf-a21154f0327b,50.44,RON,Glovo ref 26039031,2026-01-09T01:38:57+00:00,aa7898aa-95b2-468b-ac92-275a68599dc4,
c8e38b94-4912-4eb7-aefe-412bfb318cea,35.93,RON,Mega Image ref 96640444,2026-01-09T01:50:57+00:00,6e36dc96-4f61-48f4-b69f-4ca617af9323,
acacb625-3817-4b04-a2b3-50c3d9474341,62.0,RON,Mega Image ref 87256555,2026-01-09T02:49:57+00:00,818e12e2-7146-4ffe-a877-ba23cf63df5b,
c2fefd37-218c-4b8f-be87-5b982d47b3d5,271.08,RON,OMV benzina ref 42476409,2026-01-09T15:58:57+00:00,12cbffe1-d83b-42c0-8120-8703b8fbd5c6,
69df2959-cc4f-4fe7-b6a7-fc67be4af3f8,76.73,RON,Mega Image ref 72951365,2026-01-09T16:39:57+00:00,12cbffe1-d83b-42c0-8120-8703b8fbd5c6,
e3448e67-fb8a-40fa-8a17-676b5af15039,72.08,RON,Kaufland ref 28350564,2026-01-09T17:34:57+00:00,82112000-16b4-4f2b-9dee-8ec850f886ea,
173a603d-7feb-45e2-8083-ff8fe10a5f9f,32.23,RON,Glovo ref 67762060,2026-01-09T19:01:57+00:00,aa7898aa-95b2-468b-ac92-275a68599dc4,
d88388fe-f362-47ca-af16-5f698cf88bd1,305.73,RON,OMV benzina ref 43396251,2026-01-09T19:16:57+00:00,33a2f3d5-7d4c-460f-ba3e-5b7745b7b856,
ef1b64cb-b2a5-485b-a515-a145dd0885b1,46.16,RON,Glovo ref 71426967,2026-01-09T21:44:57+00:00,02c27ee1-ff57-48d4-82c7-6cf491fd62b9,
05d1fb63-c194-497f-80e3-a026d5b6de85,37.75,RON,Mega Image ref 39888974,2026-01-09T23:04:57+00:00,bdd640fb-0667-4ad1-9c80-317fa3b1799d,
81a00b02-4900-4a6b-a34c-c145dd02366c,94.47,RON,Glovo ref 79116426,2026-01-09T23:08:57+00:00,82112000-16b4-4f2b-9dee-8ec850f886ea,
f2fb122f-7e34-4e79-bc25-d3bd88a72da1,36.29,RON,Mega Image ref 15273520,2026-01-09T23:33:57+00:00,7bf7bf91-9958-41e0-bb31-0f54e9f410c9,
0c7ebc71-0d88-4e48-8e86-055d48459436,17.36,RON,Mega Image ref 67329492,2026-01-09T23:54:57+00:00,5588e5c9-786a-4f09-8721-a8cedc57f9c8,
fd950e8b-30f2-453f-b16b-83b600a90fa8,58.2,RON,Lidl ref 53126314,2026-01-10T01:14:57+00:00,97c83e0a-8a40-4c3e-b8e3-ae37cffa9985,
1a33856a-7bb5-4b6e-9adc-07189f12e5b3,189.69,RON,OMV benzina ref 93759127,2026-01-10T01:45:57+00:00,d3228db7-ef32-4e3e-8fa9-f9f8a84cc34d,
28e39b52-fd2a-4680-b2e8-0225eee23864,206.38,RON,Dedeman ref 52772938,2026-01-10T02:55:57+00:00,d3228db7-ef32-4e3e-8fa9-f9f8a84cc34d,
44fc2c7d-5e82-4566-8062-73d430bc5949,102.64,RON,Kaufland ref 11310807,2026-01-10T03:53:57+00:00,818e12e2-7146-4ffe-a877-ba23cf63df5b,
78a38a81-8ee3-4925-960d-d16b62b095a5,44.79,RON,Mega Image ref 92170282,2026-01-10T04:36:57+00:00,56cc310a-2a4b-4ab3-87df-66009aa0bf74,
7795376a-bba2-4994-aba8-1fcca92b2cc9,38.67,RON,Glovo ref 60139484,2026-01-10T15:15:57+00:00,82112000-16b4-4f2b-9dee-8ec850f886ea,
c7610e83-84d9-4451-8f18-8e729696dc6c,62.75,RON,Glovo ref 64056687,2026-01-10T16:02:57+00:00,0e5779ec-be1a-470f-ad83-a4c869f8d3e4,
091ecd64-bd47-402b-a19f-6699e2d5c33d,54.37,RON,Glovo ref 36190031,2026-01-10T17:45:57+00:00,12cbffe1-d83b-42c0-8120-8703b8fbd5c6,
aec5509c-9226-45b2-99cd-0df3a873abc8,73.03,RON,Kaufland ref 21359569,2026-01-10T18:25:57+00:00,7bf7bf91-9958-41e0-bb31-0f54e9f410c9,
6b535a19-a902-473f-8f39-f648083f64c3,54.06,RON,Mega Image ref 25145751,2026-01-10T18:38:57+00:00,bdd640fb-0667-4ad1-9c80-317fa3b1799d,
9b4cbd4d-02f9-4c8e-ae58-af996915534b,70.07,RON,Mega Image ref 50774858,2026-01-10T21:43:57+00:00,12cbffe1-d83b-42c0-8120-8703b8fbd5c6,
45044404-fb7a-4a14-bc87-b2c32c779434,133.74,RON,Carrefour ref 87039524,2026-01-10T22:31:57+00:00,33a2f3d5-7d4c-460f-ba3e-5b7745b7b856,
e7b795f9-cccf-4d37-8714-4da94e674f72,35.78,RON,Carrefour ref 61640743,2026-01-10T22:39:57+00:00,aa7898aa-95b2-468b-ac92-275a68599dc4,
54464f1f-198f-4cf0-8708-3aa68d64c7d3,133.13,RON,Dedeman ref 54464700,2026-01-10T22:57:57+00:00,56cc310a-2a4b-4ab3-87df-66009aa0bf74,
fd4454db-f660-47cf-b737-b4aab85cc2c8,49.76,RON,Mega Image ref 27982209,2026-01-10T23:00:57+00:00,7bf7bf91-9958-41e0-bb31-0f54e9f410c9,
2b23ace0-1872-4dc7-9f86-8f8baec61694,95.61,RON,Farmacia Tei ref 17938468,2026-01-10T23:42:57+00:00,aa7898aa-95b2-468b-ac92-275a68599dc4,
d45ba227-b0d7-41dd-b753-6dc30975c9c8,165.05,RON,Carrefour ref 17621753,2026-01-10T23:45:57+00:00,6e36dc96-4f61-48f4-b69f-4ca617af9323,
31345a64-4aaa-4fbb-82d3-4ff03838862f,125.34,RON,Lidl ref 54027220,2026-01-10T23:52:57+00:00,12cbffe1-d83b-42c0-8120-8703b8fbd5c6,
3f10dc05-6ddd-410d-bfc3-e5bc800dd8dd,49.32,RON,Mega Image ref 54093693,2026-01-11T00:57:57+00:00,02c27ee1-ff57-48d4-82c7-6cf491fd62b9,
9a6c897c-895e-422b-ab5b-623321cccb6a,45.16,RON,Farmacia Tei ref 68984551,2026-01-11T01:13:57+00:00,6e36dc96-4f61-48f4-b69f-4ca617af9323,
355227fd-a777-4d72-8d01-0e2a98eca446,223.37,RON,OMV benzina ref 46150779,2026-01-11T02:00:57+00:00,12cbffe1-d83b-42c0-8120-8703b8fbd5c6,
e3755867-6cc5-4071-8feb-ecad179d9ae3,55.09,RON,Mega Image ref 20998762,2026-01-11T02:06:57+00:00,0e5779ec-be1a-470f-ad83-a4c869f8d3e4,
cd382aa7-e8c6-4d04-9299-64e7568bde87,51.8,RON,Carrefour ref 62535773,2026-01-11T02:07:57+00:00,97c83e0a-8a40-4c3e-b8e3-ae37cffa9985,
a25e3bb5-773d-4de7-839a-3a5ab3c93829,19.12,RON,Mega Image ref 53156536,2026-01-11T02:37:57+00:00,d3228db7-ef32-4e3e-8fa9-f9f8a84cc34d,
786b6874-90c5-4d15-8bc8-f4c925a953e1,66.34,RON,Glovo ref 82262812,2026-01-11T02:45:57+00:00,02c27ee1-ff57-48d4-82c7-6cf491fd62b9,
e897cab8-f969-4825-9bb0-2951a07faacf,71.78,RON,Lidl ref 79103333,2026-01-11T02:56:57+00:00,818e12e2-7146-4ffe-a877-ba23cf63df5b,
0e81b96d-4dc4-441f-8917-1e432ff5a8cc,24.28,RON,Glovo ref 42063108,2026-01-11T03:06:57+00:00,d3228db7-ef32-4e3e-8fa9-f9f8a84cc34d,
0b52a621-8c45-4fac-a13c-e16934624de1,85.57,RON,Lidl ref 10038671,2026-01-11T15:45:57+00:00,97c83e0a-8a40-4c3e-b8e3-ae37cffa9985,
dc15d598-283b-4354-b7c0-fc27063c47eb,122.29,RON,Dedeman ref 44113274,2026-01-11T15:47:57+00:00,5588e5c9-786a-4f09-8721-a8cedc57f9c8,
f9cc596e-37e7-4948-8903-c8c72e8992cc,77.0,RON,Lidl ref 76867454,2026-01-11T16:51:57+00:00,aa7898aa-95b2-468b-ac92-275a68599dc4,
04a607d5-d170-433e-915e-b10e018de1b4,15.62,RON,Mega Image ref 58139173,2026-01-11T16:57:57+00:00,56cc310a-2a4b-4ab3-87df-66009aa0bf74,
bc80e303-b628-4795-9796-ae9fa466dd52,34.25,RON,Mega Image ref 22823547,2026-01-11T17:20:57+00:00,d3228db7-ef32-4e3e-8fa9-f9f8a84cc34d,
dc3cd76d-89f5-42ec-854f-f22c18afe539,50.24,RON,Glovo ref 57560131,2026-01-11T18:19:57+00:00,2eb300a6-bd34-43d9-94c9-8697b97c5ba7,
d59ec42e-b4d7-4339-9424-bcfc13da3505,14.19,RON,Mega Image ref 42331122,2026-01-11T18:31:57+00:00,7bf7bf91-9958-41e0-bb31-0f54e9f410c9,
d7b5c56b-9a03-43fc-b641-45d0ead987e2,58.82,RON,Lidl ref 71485693,2026-01-11T19:34:57+00:00,2eb300a6-bd34-43d9-94c9-8697b97c5ba7,
8406828e-2b82-4325-b17b-f67bd483c353,33.0,RON,Lidl ref 65415031,2026-01-11T20:58:57+00:00,56cc310a-2a4b-4ab3-87df-66009aa0bf74,
b7b75d7b-c310-4a84-ac1e-29cdd6670944,50.29,RON,Lidl ref 58481448,2026-01-11T21:51:57+00:00,12cbffe1-d83b-42c0-8120-8703b8fbd5c6,
4a0d2b73-fe54-4e4b-80ff-517323dfecd7,58.72,RON,Farmacia Tei ref 17575790,2026-01-11T21:53:57+00:00,bdd640fb-0667-4ad1-9c80-317fa3b1799d,
ea87fe7d-63f1-4953-ba4e-c145c742bbaf,70.82,RON,Carrefour ref 72666858,2026-01-12T01:56:57+00:00,7bf7bf91-9958-41e0-bb31-0f54e9f410c9,
859dd272-e83e-4a68-a4ac-0bc99726dade,53.34,RON,Glovo ref 93474829,2026-01-12T04:09:57+00:00,818e12e2-7146-4ffe-a877-ba23cf63df5b,
f0a78c1c-e86b-4846-b55e-8dd596c28ce6,111.63,RON,OMV benzina ref 60408723,2026-01-12T04:18:57+00:00,2eb300a6-bd34-43d9-94c9-8697b97c5ba7,
991121e7-93d5-43ae-91a3-ac26937bf79b,55.99,RON,Netflix,2026-01-12T06:39:57+00:00,bdd640fb-0667-4ad1-9c80-317fa3b1799d,
f7d0eea0-211f-432b-b52c-aa97b60df6a3,55.99,RON,Netflix,2026-01-12T06:39:57+00:00,0e5779ec-be1a-470f-ad83-a4c869f8d3e4,
c5a0b7c3-e132-4e39-9891-b0a4b4d4813a,55.99,RON,Netflix,2026-01-12T06:39:57+00:00,aa7898aa-95b2-468b-ac92-275a68599dc4,
54b0f552-7fd7-459e-84c0-8b4eacd5f173,55.99,RON,Netflix,2026-01-12T06:39:57+00:00,7bf7bf91-9958-41e0-bb31-0f54e9f410c9,
83e8ac28-c817-4181-a59d-ad4d64c656e1,55.99,RON,Netflix,2026-01-12T06:39:57+00:00,02c27ee1-ff57-48d4-82c7-6cf491fd62b9,
c5d89a2b-b805-4dc2-bb16-39d319456b0a,55.99,RON,Netflix,2026-01-12T06:39:57+00:00,56cc310a-2a4b-4ab3-87df-66009aa0bf74,
fa4eacb9-cf50-44ca-80d7-08ea5c473391,55.99,RON,Netflix,2026-01-12T06:39:57+00:00,5588e5c9-786a-4f09-8721-a8cedc57f9c8,
d4e26024-47b7-4f3c-845e-92f9a5f88f34,55.99,RON,Netflix,2026-01-12T06:39:57+00:00,33a2f3d5-7d4c-460f-ba3e-5b7745b7b856,
31db836b-2829-4da9-a76b-5b69ad8e9637,55.99,RON,Netflix,2026-01-12T06:39:57+00:00,6e36dc96-4f61-48f4-b69f-4ca617af9323,
2205831b-f2c0-48f5-b447-bdace96db244,55.99,RON,Netflix,2026-01-12T06:39:57+00:00,2eb300a6-bd34-43d9-94c9-8697b97c5ba7,
35ee19d2-6567-456b-8a1c-cfa4d80961ab,55.99,RON,Netflix,2026-01-12T06:39:57+00:00,818e12e2-7146-4ffe-a877-ba23cf63df5b,
b206b888-d396-487b-b9af-e2fb447be43f,55.99,RON,Netflix,2026-01-12T06:39:57+00:00,97c83e0a-8a40-4c3e-b8e3-ae37cffa9985,
1501dbbc-ca10-4019-9abb-29dcccb5dd3d,55.99,RON,Netflix,2026-01-12T06:39:57+00:00,d3228db7-ef32-4e3e-8fa9-f9f8a84cc34d,
67b2701e-21f3-44d1-882e-b9f95be08e19,55.99,RON,Netflix,2026-01-12T06:39:57+00:00,12cbffe1-d83b-42c0-8120-8703b8fbd5c6,
1f5a3244-dccb-40b0-a1e3-e7235fe0c6e7,55.99,RON,Netflix,2026-01-12T06:39:57+00:00,82112000-16b4-4f2b-9dee-8ec850f886ea,
75c17c6a-d49a-4c83-adca-54cff3855431,41.55,RON,Lidl ref 47102312,2026-01-12T15:05:57+00:00,818e12e2-7146-4ffe-a877-ba23cf63df5b,
8d93d7e1-688e-4351-bc62-00dee5c31d2e,78.83,RON,Glovo ref 49493829,2026-01-12T15:45:57+00:00,97c83e0a-8a40-4c3e-b8e3-ae37cffa9985,
eba1ca06-ba9c-4e77-8a5e-1c37d47b2c4b,39.1,RON,Lidl ref 50022151,2026-01-12T15:46:57+00:00,82112000-16b4-4f2b-9dee-8ec850f886ea,
08cf2722-305c-4ecf-8e7f-3d7b80fda15c,84.59,RON,Lidl ref 20416193,2026-01-12T16:24:57+00:00,12cbffe1-d83b-42c0-8120-8703b8fbd5c6,
8e85140d-0f9a-4b70-8670-7cd64ceda164,37.39,RON,Mega Image ref 65507111,2026-01-12T17:21:57+00:00,bdd640fb-0667-4ad1-9c80-317fa3b1799d,
899f7cfb-ef6f-4d6a-89ed-1c7c9f40ce6a,137.24,RON,Kaufland ref 14072389,2026-01-12T17:31:57+00:00,aa7898aa-95b2-468b-ac92-275a68599dc4,
0f161581-6129-41b0-a17c-0678795700a0,55.55,RON,Mega Image ref 37946715,2026-01-12T17:40:57+00:00,02c27ee1-ff57-48d4-82c7-6cf491fd62b9,
ebf45b9d-5e8c-4bbf-8f1c-5f8cf1ae8af9,37.32,RON,Mega Image ref 31050667,2026-01-12T18:08:57+00:00,0e5779ec-be1a-470f-ad83-a4c869f8d3e4,
90e7fe90-97e3-4876-894c-1c419f04cdec,185.58,RON,Kaufland ref 56051710,2026-01-12T19:04:57+00:00,82112000-16b4-4f2b-9dee-8ec850f886ea,
3e9a521d-b2b8-44de-a8e8-78985f5ab599,51.55,RON,Kaufland ref 54481986,2026-01-12T20:32:57+00:00,56cc310a-2a4b-4ab3-87df-66009aa0bf74,
38f937a5-d073-4cc9-bc79-8076dabc3619,254.75,RON,OMV benzina ref 92476296,2026-01-12T20:42:57+00:00,5588e5c9-786a-4f09-8721-a8cedc57f9c8,
4fc1bb45-12c1-40ca-9682-a8ec6b1d9200,101.07,RON,Lidl ref 97822038,2026-01-12T23:48:57+00:00,97c83e0a-8a40-4c3e-b8e3-ae37cffa9985,
fdb37e45-4e0f-49b9-9f18-7c021e245a97,40.78,RON,Carrefour ref 30576183,2026-01-12T23:57:57+00:00,0e5779ec-be1a-470f-ad83-a4c869f8d3e4,
3172e9f8-7f66-4f24-9987-5a42e675835a,97.76,RON,Carrefour ref 32466075,2026-01-13T00:50:57+00:00,aa7898aa-95b2-468b-ac92-275a68599dc4,
65aae4ea-24b0-40ba-904c-6eaa70bb727a,42.65,RON,Glovo ref 14171762,2026-01-13T01:26:57+00:00,5588e5c9-786a-4f09-8721-a8cedc57f9c8,
bb53b061-0de0-4071-94c0-2a1f9df876ab,85.22,RON,Glovo ref 14207555,2026-01-13T02:10:57+00:00,33a2f3d5-7d4c-460f-ba3e-5b7745b7b856,
316f6e03-8c59-4d47-9663-56a180d2a793,51.18,RON,Mega Image ref 53537171,2026-01-13T03:14:57+00:00,56cc310a-2a4b-4ab3-87df-66009aa0bf74,
fbed24e5-36fd-496f-bfcb-126b74e97844,139.73,RON,Kaufland ref 56203689,2026-01-13T03:34:57+00:00,6e36dc96-4f61-48f4-b69f-4ca617af9323,
58e83dfe-035a-44ff-8b88-94e2331882f3,131.98,RON,Carrefour ref 45653917,2026-01-13T03:57:57+00:00,82112000-16b4-4f2b-9dee-8ec850f886ea,
6c71dad1-9d11-421a-894b-50af461c52c2,33.14,RON,Glovo ref 22806896,2026-01-13T04:28:57+00:00,02c27ee1-ff57-48d4-82c7-6cf491fd62b9,
0f7aff6e-54b9-4b3b-8f6c-a162f0773f92,32.85,RON,Lidl ref 61709537,2026-01-13T14:53:57+00:00,2eb300a6-bd34-43d9-94c9-8697b97c5ba7,
332c6797-ad5b-4ba7-9e3a-e7ede2fbdf5f,59.48,RON,Glovo ref 22164838,2026-01-13T15:58:57+00:00,33a2f3d5-7d4c-460f-ba3e-5b7745b7b856,
4e1f39be-e4ed-4295-afd3-7a6d0c746518,91.45,RON,Lidl ref 66607262,2026-01-13T16:48:57+00:00,0e5779ec-be1a-470f-ad83-a4c869f8d3e4,
b14a92de-fa80-47d1-ae2e-8774bfe08061,26.03,RON,Farmacia Tei ref 41022978,2026-01-13T17:02:57+00:00,5588e5c9-786a-4f09-8721-a8cedc57f9c8,
faada633-21be-4f38-9e29-c15e353fe8c3,188.66,RON,Kaufland ref 87019613,2026-01-13T17:03:57+00:00,02c27ee1-ff57-48d4-82c7-6cf491fd62b9,
6ba77cab-94a7-4f0e-abad-7a71ac5f543d,68.71,RON,Mega Image ref 60299379,2026-01-13T17:46:57+00:00,33a2f3d5-7d4c-460f-ba3e-5b7745b7b856,
48627ff2-009a-49ba-8015-3e13b4e49cb1,72.52,RON,Lidl ref 88860998,2026-01-13T18:28:57+00:00,33a2f3d5-7d4c-460f-ba3e-5b7745b7b856,
c5f46ccb-c872-4188-8c3f-e94fc4a9a7c5,131.9,RON,Lidl ref 89477464,2026-01-13T19:04:57+00:00,02c27ee1-ff57-48d4-82c7-6cf491fd62b9,
90d5e87e-4f48-4f45-92b4-002c7b2e60e1,131.38,RON,Carrefour ref 66045988,2026-01-13T19:43:57+00:00,0e5779ec-be1a-470f-ad83-a4c869f8d3e4,
34402eed-dd65-4c9c-8aa4-effe599fda98,43.67,RON,Mega Image ref 44550854,2026-01-13T19:52:57+00:00,97c83e0a-8a40-4c3e-b8e3-ae37cffa9985,
70362e95-980f-4808-b8b4-b8c8c976e3c6,139.12,RON,Kaufland ref 67927049,2026-01-13T22:16:57+00:00,d3228db7-ef32-4e3e-8fa9-f9f8a84cc34d,
508ffa7f-cdc2-4a0c-b457-a7ba5eec3cbc,97.94,RON,Glovo ref 98772268,2026-01-13T23:58:57+00:00,82112000-16b4-4f2b-9dee-8ec850f886ea,
7e3450c8-94a0-4914-9d13-b930b086856c,48.63,RON,Carrefour ref 99124408,2026-01-14T03:13:57+00:00,d3228db7-ef32-4e3e-8fa9-f9f8a84cc34d,
572fb862-43d8-4d8b-a41d-73c867bbce7e,93.7,RON,Carrefour ref 45056819,2026-01-14T14:50:57+00:00,6e36dc96-4f61-48f4-b69f-4ca617af9323,
04c84743-966a-46e9-8811-f89946bf8daf,23.38,RON,Glovo ref 69745975,2026-01-14T14:53:57+00:00,56cc310a-2a4b-4ab3-87df-66009aa0bf74,
dbebc863-e5c5-4ed0-b8f0-d38ff862ccad,59.06,RON,Kaufland ref 19999487,2026-01-14T15:48:57+00:00,97c83e0a-8a40-4c3e-b8e3-ae37cffa9985,
075b5a4a-b29a-4911-b847-4e0477e64592,199.12,RON,Carrefour ref 21338556,2026-01-14T16:30:57+00:00,12cbffe1-d83b-42c0-8120-8703b8fbd5c6,
0207006d-e883-44f4-b29f-2d6b8915a364,62.34,RON,Carrefour ref 12969702,2026-01-14T17:00:57+00:00,7bf7bf91-9958-41e0-bb31-0f54e9f410c9,
ddc8d27b-2623-491a-b2f6-8fe1aacefa98,60.37,RON,Glovo ref 70388500,2026-01-14T17:11:57+00:00,0e5779ec-be1a-470f-ad83-a4c869f8d3e4,
c6bb2bbc-5461-44aa-aa25-8c651da5d22d,114.89,RON,Kaufland ref 21668838,2026-01-14T19:41:57+00:00,56cc310a-2a4b-4ab3-87df-66009aa0bf74,
70badf31-2a9e-48f5-ab3d-24574341d4d3,40.66,RON,Carrefour ref 56043169,2026-01-14T19:44:57+00:00,818e12e2-7146-4ffe-a877-ba23cf63df5b,
72009509-7687-4dcf-ae7b-d3ebd5b70660,58.22,RON,Lidl ref 68438658,2026-01-14T19:59:57+00:00,56cc310a-2a4b-4ab3-87df-66009aa0bf74,
97cf6e6d-c25d-4c74-b4ea-341101ca4c2e,114.21,RON,Carrefour ref 78115337,2026-01-14T20:30:57+00:00,56cc310a-2a4b-4ab3-87df-66009aa0bf74,
1afbbe0b-30b7-47cb-a7fa-557ef4145465,36.02,RON,Mega Image ref 83784120,2026-01-14T20:45:57+00:00,33a2f3d5-7d4c-460f-ba3e-5b7745b7b856,
35025f9c-9129-4c49-afc3-6a820df78c97,206.28,RON,Kaufland ref 61434502,2026-01-14T20:49:57+00:00,33a2f3d5-7d4c-460f-ba3e-5b7745b7b856,
3a0a081d-efd7-4b67-967f-423a660b29ab,63.54,RON,Lidl ref 61852237,2026-01-14T21:26:57+00:00,33a2f3d5-7d4c-460f-ba3e-5b7745b7b856,
a8685f0c-2af5-4075-866f-ca117a199d04,74.55,RON,Lidl ref 77238242,2026-01-14T21:27:57+00:00,6e36dc96-4f61-48f4-b69f-4ca617af9323,
4b8be2a2-9503-4bc6-8b40-526b9a20f59a,309.73,RON,OMV benzina ref 26250534,2026-01-14T21:44:57+00:00,33a2f3d5-7d4c-460f-ba3e-5b7745b7b856,
374be180-3913-47cc-8e79-8eb8ff9aa3ab,44.63,RON,Lidl ref 22775911,2026-01-14T22:05:57+00:00,2eb300a6-bd34-43d9-94c9-8697b97c5ba7,
56c890a5-6538-4f11-a676-6b0a3b9a3daf,104.44,RON,Carrefour ref 61973818,2026-01-15T00:21:57+00:00,0e5779ec-be1a-470f-ad83-a4c869f8d3e4,
81c3fbe4-29b4-44c1-9124-29eae485d6ce,82.87,RON,Glovo ref 83475595,2026-01-15T00:31:57+00:00,12cbffe1-d83b-42c0-8120-8703b8fbd5c6,
1c7b73e7-9aca-47bc-9402-6da420cd9d93,34.92,RON,Mega Image ref 62106693,2026-01-15T02:21:57+00:00,97c83e0a-8a40-4c3e-b8e3-ae37cffa9985,
cce8c333-9efc-4fc2-85e1-7dc91f929420,45.45,RON,Carrefour ref 57555690,2026-01-15T02:38:57+00:00,d3228db7-ef32-4e3e-8fa9-f9f8a84cc34d,
84fe21e3-00d1-4f37-9963-e10f1189ef12,192.47,RON,Carrefour ref 47625867,2026-01-15T04:02:57+00:00,82112000-16b4-4f2b-9dee-8ec850f886ea,
f0a0a77d-c959-4bb9-92b6-73d42481216b,62.47,RON,Glovo ref 89986323,2026-01-15T19:50:57+00:00,7bf7bf91-9958-41e0-bb31-0f54e9f410c9,
41fe4fb8-4808-4240-8ed1-be4c98914bb4,86.47,RON,Glovo ref 46939903,2026-01-15T20:24:57+00:00,97c83e0a-8a40-4c3e-b8e3-ae37cffa9985,
810ce859-fdec-45f8-9a3b-f7fdbc8e1666,96.53,RON,Kaufland ref 11977425,2026-01-15T20:35:57+00:00,818e12e2-7146-4ffe-a877-ba23cf63df5b,
b20f98a2-1ce3-4b65-ba53-8b236b4985c9,158.34,RON,OMV benzina ref 49116685,2026-01-15T20:39:57+00:00,97c83e0a-8a40-4c3e-b8e3-ae37cffa9985,
9338e35d-9020-4d23-86ff-96f2e9701e00,105.53,RON,Carrefour ref 53023903,2026-01-15T22:44:57+00:00,aa7898aa-95b2-468b-ac92-275a68599dc4,
37196a50-02e7-4683-8cf2-7f33e6371a1b,201.88,RON,Kaufland ref 94638929,2026-01-16T00:34:57+00:00,02c27ee1-ff57-48d4-82c7-6cf491fd62b9,
75cd58b2-9131-42de-8ac9-2390b7f6840c,163.07,RON,Carrefour ref 61441320,2026-01-16T01:05:57+00:00,02c27ee1-ff57-48d4-82c7-6cf491fd62b9,
e55f6b6d-9917-4013-92d7-a1ec8dd8299a,141.63,RON,Kaufland ref 13871020,2026-01-16T01:19:57+00:00,33a2f3d5-7d4c-460f-ba3e-5b7745b7b856,
6dc61203-cba4-4ac2-9bf8-204f380ddae4,78.26,RON,Lidl ref 71565489,2026-01-16T04:04:57+00:00,d3228db7-ef32-4e3e-8fa9-f9f8a84cc34d,
43375b68-b9d5-4741-aa05-0b5591e58b41,48.93,RON,Mega Image ref 45513383,2026-01-16T04:10:57+00:00,5588e5c9-786a-4f09-8721-a8cedc57f9c8,
ac214889-af5f-4b91-aea1-3bf79e1281b8,55.89,RON,Mega Image ref 33160006,2026-01-16T04:18:57+00:00,82112000-16b4-4f2b-9dee-8ec850f886ea,
cf000651-cc44-4d22-b0e3-cee9c577679b,69.2,RON,Mega Image ref 65441233,2026-01-16T04:27:57+00:00,33a2f3d5-7d4c-460f-ba3e-5b7745b7b856,
378e6510-8f10-433e-abe4-2e7db96c1163,50.74,RON,Mega Image ref 88864147,2026-01-16T15:51:57+00:00,bdd640fb-0667-4ad1-9c80-317fa3b1799d,
fe068b4e-7f63-4bb8-8e4f-4dd06388f6dc,94.7,RON,Carrefour ref 91827614,2026-01-16T15:59:57+00:00,aa7898aa-95b2-468b-ac92-275a68599dc4,
c6e43494-5e31-4e80-bd56-400b22ff5a30,59.42,RON,Lidl ref 47068773,2026-01-16T17:39:57+00:00,7bf7bf91-9958-41e0-bb31-0f54e9f410c9,
1b1c8af3-a615-417d-95b9-998ee8d5d6af,19.87,RON,Mega Image ref 90981300,2026-01-16T18:09:57+00:00,6e36dc96-4f61-48f4-b69f-4ca617af9323,
9aba0f15-b214-4062-be1a-963eea18d32c,100.64,RON,Dedeman ref 74279671,2026-01-16T18:26:57+00:00,bdd640fb-0667-4ad1-9c80-317fa3b1799d,
c6ac9119-66bf-42ee-9d14-2405070cdacd,234.66,RON,OMV benzina ref 86667744,2026-01-16T20:45:57+00:00,02c27ee1-ff57-48d4-82c7-6cf491fd62b9,
5e95aa5c-3058-44c5-af6b-c6cdd9ae8a42,74.2,RON,Lidl ref 37122534,2026-01-16T21:57:57+00:00,97c83e0a-8a40-4c3e-b8e3-ae37cffa9985,
0d892ced-c1f3-4143-93ac-ceb88ab5a799,23.27,RON,Mega Image ref 93041052,2026-01-16T22:44:57+00:00,0e5779ec-be1a-470f-ad83-a4c869f8d3e4,
1c666748-999e-4f31-b87e-1146542186b7,59.41,RON,Mega Image ref 39319972,2026-01-17T01:35:57+00:00,02c27ee1-ff57-48d4-82c7-6cf491fd62b9,
3ecb1bd6-34af-42e1-8968-e8ee4663f1a1,227.56,RON,Dedeman ref 12546591,2026-01-17T01:38:57+00:00,0e5779ec-be1a-470f-ad83-a4c869f8d3e4,
ae598dca-49b3-4bed-9fc3-d424b5aa591f,74.28,RON,Glovo ref 76170884,2026-01-17T01:51:57+00:00,5588e5c9-786a-4f09-8721-a8cedc57f9c8,
716f1405-defb-482f-9021-732f467b4045,65.41,RON,Mega Image ref 93468824,2026-01-17T01:54:57+00:00,97c83e0a-8a40-4c3e-b8e3-ae37cffa9985,
8581916a-34bc-4e91-913d-25a1c5d46aff,51.19,RON,Lidl ref 50402685,2026-01-17T02:16:57+00:00,2eb300a6-bd34-43d9-94c9-8697b97c5ba7,
9a591974-9adf-4709-ac75-c344608e149e,40.37,RON,Lidl ref 46032304,2026-01-17T02:32:57+00:00,bdd640fb-0667-4ad1-9c80-317fa3b1799d,
608775a5-6f65-4201-a77c-25b06d234155,38.85,RON,Glovo ref 94065834,2026-01-17T02:51:57+00:00,aa7898aa-95b2-468b-ac92-275a68599dc4,
aa967752-5435-4580-8904-97e75f335f30,159.32,RON,Kaufland ref 51791137,2026-01-17T03:46:57+00:00,6e36dc96-4f61-48f4-b69f-4ca617af9323,
4e8a10cb-277b-41ea-96f1-e5cbc4af9dc9,52.1,RON,Carrefour ref 44299947,2026-01-17T16:57:57+00:00,0e5779ec-be1a-470f-ad83-a4c869f8d3e4,
f709a3a5-9986-4656-b699-56ab29519a0f,54.09,RON,Mega Image ref 13176727,2026-01-17T17:38:57+00:00,5588e5c9-786a-4f09-8721-a8cedc57f9c8,
aa775836-eaea-43f6-b9ea-bc7337275969,71.49,RON,Lidl ref 46493377,2026-01-17T17:53:57+00:00,02c27ee1-ff57-48d4-82c7-6cf491fd62b9,
f10fd455-762b-4278-a6e2-e063b9cb19e7,110.15,RON,Farmacia Tei ref 91704055,2026-01-17T18:22:57+00:00,82112000-16b4-4f2b-9dee-8ec850f886ea,
e85b2eea-19ea-48f8-bbea-060c74cb96c9,52.12,RON,Glovo ref 77404398,2026-01-17T18:56:57+00:00,d3228db7-ef32-4e3e-8fa9-f9f8a84cc34d,
70b78695-721c-4013-a234-f8a55dc7f692,206.69,RON,OMV benzina ref 35940199,2026-01-17T19:16:57+00:00,33a2f3d5-7d4c-460f-ba3e-5b7745b7b856,
ef3b9cc8-3287-4269-bdb4-971b582dc1b3,19.26,RON,Mega Image ref 26172270,2026-01-17T19:25:57+00:00,2eb300a6-bd34-43d9-94c9-8697b97c5ba7,
befc8c3e-8eff-42c0-ad00-8df6819a99cb,73.76,RON,Lidl ref 42045695,2026-01-17T19:55:57+00:00,97c83e0a-8a40-4c3e-b8e3-ae37cffa9985,
4ef4c34d-5bf8-4f3c-a612-9a1c889d4b76,26.17,RON,Mega Image ref 72579077,2026-01-17T20:28:57+00:00,bdd640fb-0667-4ad1-9c80-317fa3b1799d,
e0561a93-79e8-4b50-911b-f383832b0f8b,17.56,RON,Mega Image ref 60673574,2026-01-17T20:45:57+00:00,d3228db7-ef32-4e3e-8fa9-f9f8a84cc34d,
174d6b87-41d6-476a-a1cb-78c3513ff9a9,47.27,RON,Glovo ref 80853774,2026-01-17T20:50:57+00:00,0e5779ec-be1a-470f-ad83-a4c869f8d3e4,
ef10b6cc-dcaa-4994-bdd1-2d570b840c50,185.98,RON,OMV benzina ref 89039884,2026-01-17T23:17:57+00:00,0e5779ec-be1a-470f-ad83-a4c869f8d3e4,
65981eee-0de8-43df-990a-6307fe8702cd,170.46,RON,Kaufland ref 74281852,2026-01-17T23:29:57+00:00,33a2f3d5-7d4c-460f-ba3e-5b7745b7b856,
c02882e9-676e-496a-9224-4439a18aa098,33.41,RON,Lidl ref 50268178,2026-01-18T01:33:57+00:00,2eb300a6-bd34-43d9-94c9-8697b97c5ba7,
501ba851-5ee6-4495-b400-29c3ea11905b,112.51,RON,Carrefour ref 52980983,2026-01-18T02:09:57+00:00,bdd640fb-0667-4ad1-9c80-317fa3b1799d,
bf733026-9664-4ca5-a460-2d314e9f67a7,22.36,RON,Mega Image ref 21970543,2026-01-18T03:41:57+00:00,aa7898aa-95b2-468b-ac92-275a68599dc4,
12ebfd94-09a6-46a9-b76d-353d99ba118b,106.56,RON,Glovo ref 76253065,2026-01-18T14:43:57+00:00,02c27ee1-ff57-48d4-82c7-6cf491fd62b9,
d5ffb90d-d8d7-4d83-9e3e-3bd3ee1263bb,48.96,RON,Mega Image ref 93757881,2026-01-18T17:24:57+00:00,33a2f3d5-7d4c-460f-ba3e-5b7745b7b856,
9db21754-1399-4ca9-89ef-83d826d9bf42,189.71,RON,Kaufland ref 96931059,2026-01-18T17:54:57+00:00,6e36dc96-4f61-48f4-b69f-4ca617af9323,
a36f494a-54d4-4e87-bb13-ac71eb2573e0,339.11,RON,Dedeman ref 62891462,2026-01-18T18:23:57+00:00,818e12e2-7146-4ffe-a877-ba23cf63df5b,
3bde1e84-dd18-4cd2-b549-87f1623aa7bd,75.56,RON,Kaufland ref 61821324,2026-01-18T18:53:57+00:00,818e12e2-7146-4ffe-a877-ba23cf63df5b,
af25762c-d34d-49ae-92e1-06a40d6c6599,62.12,RON,Kaufland ref 82177418,2026-01-18T19:03:57+00:00,aa7898aa-95b2-468b-ac92-275a68599dc4,
27046f25-4b91-48cb-aae6-6582b852b3cd,56.86,RON,Mega Image ref 87731247,2026-01-18T19:14:57+00:00,bdd640fb-0667-4ad1-9c80-317fa3b1799d,
51ee3cc8-1947-4d1a-a3d3-16c14c4b52aa,29.51,RON,Lidl ref 17851976,2026-01-18T19:50:57+00:00,0e5779ec-be1a-470f-ad83-a4c869f8d3e4,
c08bd631-3d57-4e27-b3da-efc10d47e26d,32.43,RON,Mega Image ref 26235817,2026-01-18T19:55:57+00:00,0e5779ec-be1a-470f-ad83-a4c869f8d3e4,
2f8a637d-f330-4c59-b50d-456e19412cae,62.15,RON,Glovo ref 38788785,2026-01-18T20:22:57+00:00,aa7898aa-95b2-468b-ac92-275a68599dc4,
684ad9cc-466d-45cf-b34d-fd44824923f6,47.94,RON,Carrefour ref 86749973,2026-01-18T22:08:57+00:00,818e12e2-7146-4ffe-a877-ba23cf63df5b,
81883da9-988d-4bb6-9b81-6907aff97113,47.07,RON,Mega Image ref 29500474,2026-01-18T22:14:57+00:00,d3228db7-ef32-4e3e-8fa9-f9f8a84cc34d,
d26b6c21-87e4-4dba-b0ad-73fb7ee50afd,102.7,RON,Carrefour ref 26372136,2026-01-18T23:20:57+00:00,7bf7bf91-9958-41e0-bb31-0f54e9f410c9,
e84f52ad-f607-48a0-9ab0-1dc139db7ebb,32.99,RON,Glovo ref 71457996,2026-01-19T00:05:57+00:00,7bf7bf91-9958-41e0-bb31-0f54e9f410c9,
566a9ce7-af52-4b94-b186-e47aa7946320,35.08,RON,Glovo ref 83905989,2026-01-19T00:32:57+00:00,bdd640fb-0667-4ad1-9c80-317fa3b1799d,
7130de2d-248e-47d7-b8b8-8a896963acba,57.23,RON,Glovo ref 72778448,2026-01-19T01:58:57+00:00,56cc310a-2a4b-4ab3-87df-66009aa0bf74,
29d2a737-14ad-450d-996b-aadd5dd86468,56.66,RON,Farmacia Tei ref 99091046,2026-01-19T02:38:57+00:00,5588e5c9-786a-4f09-8721-a8cedc57f9c8,
2097358e-dda0-4e48-bb32-5b2f0fd482dc,26.92,RON,Glovo ref 90045747,2026-01-19T02:52:57+00:00,97c83e0a-8a40-4c3e-b8e3-ae37cffa9985,
960f69fc-f6a6-46ee-8dd7-e05244e7a702,234.39,RON,OMV benzina ref 12499514,2026-01-19T15:05:57+00:00,0e5779ec-be1a-470f-ad83-a4c869f8d3e4,
5a0d0b50-5db6-4133-afbb-11bb9dae0423,41.26,RON,Glovo ref 34284173,2026-01-19T15:29:57+00:00,12cbffe1-d83b-42c0-8120-8703b8fbd5c6,
6992896e-01a2-4ed1-83ab-b5f10c6b7074,82.37,RON,Farmacia Tei ref 99686372,2026-01-19T15:32:57+00:00,bdd640fb-0667-4ad1-9c80-317fa3b1799d,
219a0e6f-cdfe-4004-9e94-3130b514db32,94.98,RON,Kaufland ref 28234455,2026-01-19T15:40:57+00:00,5588e5c9-786a-4f09-8721-a8cedc57f9c8,
eeba6ad9-ea88-427d-97a6-171172569d7c,79.52,RON,Kaufland ref 83683223,2026-01-19T15:44:57+00:00,7bf7bf91-9958-41e0-bb31-0f54e9f410c9,
92852bea-8338-4f03-8d47-d8f91fb8f6cf,57.84,RON,Glovo ref 69032685,2026-01-19T15:57:57+00:00,2eb300a6-bd34-43d9-94c9-8697b97c5ba7,
b76571f0-678a-4ea6-b705-55c20831f726,27.6,RON,Lidl ref 70554124,2026-01-19T16:56:57+00:00,2eb300a6-bd34-43d9-94c9-8697b97c5ba7,
4c875ea5-345d-4abb-93df-2ec137bd193f,29.45,RON,Mega Image ref 43319557,2026-01-19T18:30:57+00:00,2eb300a6-bd34-43d9-94c9-8697b97c5ba7,
54f38394-850f-4be3-97d7-30e2ddb6a7e4,132.52,RON,Carrefour ref 10338962,2026-01-19T19:13:57+00:00,6e36dc96-4f61-48f4-b69f-4ca617af9323,
76fa2bea-9208-4d6e-87d5-dabdf7cd869a,91.8,RON,Kaufland ref 57868085,2026-01-19T20:39:57+00:00,56cc310a-2a4b-4ab3-87df-66009aa0bf74,
e7867bbf-0136-4f98-8a5a-62d3ec9fba0a,267.35,RON,OMV benzina ref 25613685,2026-01-19T20:52:57+00:00,aa7898aa-95b2-468b-ac92-275a68599dc4,
c1a2127f-36b5-46b8-ac2a-dd3ae9aa7c98,38.17,RON,Mega Image ref 23129577,2026-01-19T21:04:57+00:00,97c83e0a-8a40-4c3e-b8e3-ae37cffa9985,
8396ad17-ea58-467e-81fc-b7760f8fcbaf,45.37,RON,Glovo ref 60460632,2026-01-19T21:24:57+00:00,56cc310a-2a4b-4ab3-87df-66009aa0bf74,
f455d719-88b2-48dd-a590-666db0cf91f8,217.83,RON,OMV benzina ref 44838021,2026-01-19T21:29:57+00:00,818e12e2-7146-4ffe-a877-ba23cf63df5b,
11538be1-50ea-44be-9e19-fd8528a56ddc,51.82,RON,Mega Image ref 45695900,2026-01-19T23:05:57+00:00,d3228db7-ef32-4e3e-8fa9-f9f8a84cc34d,
c7598085-f8ed-4b28-8c38-392d4fd2f1b0,62.95,RON,Kaufland ref 15710301,2026-01-19T23:28:57+00:00,2eb300a6-bd34-43d9-94c9-8697b97c5ba7,
02b1e8f8-1d79-4968-8851-4042cc5cf77d,387.86,RON,OMV benzina ref 39391709,2026-01-20T00:58:57+00:00,82112000-16b4-4f2b-9dee-8ec850f886ea,
967436ca-01c2-4d44-be9b-6aa9110995e9,215.96,RON,OMV benzina ref 62457202,2026-01-20T01:47:57+00:00,d3228db7-ef32-4e3e-8fa9-f9f8a84cc34d,
2e790459-2afa-400e-b6d9-c8d4eda96d69,48.76,RON,Mega Image ref 98489419,2026-01-20T02:45:57+00:00,56cc310a-2a4b-4ab3-87df-66009aa0bf74,
e3ad64d4-eab9-4b02-af1d-c1217d024c6d,20.82,RON,Mega Image ref 83356206,2026-01-20T03:01:57+00:00,bdd640fb-0667-4ad1-9c80-317fa3b1799d,
2b71fe06-5b44-4dac-9671-0d4f56a89706,205.48,RON,OMV benzina ref 95420311,2026-01-20T03:20:57+00:00,5588e5c9-786a-4f09-8721-a8cedc57f9c8,
26889e4a-09e5-4183-a96f-196de4c511d5,155.77,RON,Carrefour ref 31682819,2026-01-20T03:58:57+00:00,02c27ee1-ff57-48d4-82c7-6cf491fd62b9,
02571851-26a9-4100-b509-109b116658ce,45.0,RON,Digi internet,2026-01-20T06:39:57+00:00,bdd640fb-0667-4ad1-9c80-317fa3b1799d,
722be4aa-6820-4025-9178-8bdd4dfb1b6e,45.0,RON,Digi internet,2026-01-20T06:39:57+00:00,0e5779ec-be1a-470f-ad83-a4c869f8d3e4,
3a769378-d39a-4c87-a3d1-8504fcb1a281,45.0,RON,Digi internet,2026-01-20T06:39:57+00:00,aa7898aa-95b2-468b-ac92-275a68599dc4,
cc29a582-8167-46fa-a7e5-5d10e3a14f5d,45.0,RON,Digi internet,2026-01-20T06:39:57+00:00,7bf7bf91-9958-41e0-bb31-0f54e9f410c9,
da6c59b2-6acf-46f6-a1b7-1af2d4aee54d,45.0,RON,Digi internet,2026-01-20T06:39:57+00:00,02c27ee1-ff57-48d4-82c7-6cf491fd62b9,
81f13dd0-abef-4946-a141-6f4e12025337,45.0,RON,Digi internet,2026-01-20T06:39:57+00:00,56cc310a-2a4b-4ab3-87df-66009aa0bf74,
e6612633-ee66-432d-87a3-d6b2713e125f,45.0,RON,Digi internet,2026-01-20T06:39:57+00:00,5588e5c9-786a-4f09-8721-a8cedc57f9c8,
8dc8556c-ba8b-4808-90cf-de2e66aad539,45.0,RON,Digi internet,2026-01-20T06:39:57+00:00,33a2f3d5-7d4c-460f-ba3e-5b7745b7b856,
421f89e2-fea9-446a-996f-c2ec7040d5c7,45.0,RON,Digi internet,2026-01-20T06:39:57+00:00,6e36dc96-4f61-48f4-b69f-4ca617af9323,
7af69542-c277-4f74-9329-d3a2d854987c,45.0,RON,Digi internet,2026-01-20T06:39:57+00:00,2eb300a6-bd34-43d9-94c9-8697b97c5ba7,
fa244128-c1b3-427e-8a50-5020b1edd3e6,45.0,RON,Digi internet,2026-01-20T06:39:57+00:00,818e12e2-7146-4ffe-a877-ba23cf63df5b,
5582ced8-7579-4318-93cd-6cdd8b7963bf,45.0,RON,Digi internet,2026-01-20T06:39:57+00:00,97c83e0a-8a40-4c3e-b8e3-ae37cffa9985,
a88847af-60a7-4a5a-90b4-f4fa7cb70a85,45.0,RON,Digi internet,2026-01-20T06:39:57+00:00,d3228db7-ef32-4e3e-8fa9-f9f8a84cc34d,
2a8045cd-5321-49ed-b070-0a49edac8909,45.0,RON,Digi internet,2026-01-20T06:39:57+00:00,12cbffe1-d83b-42c0-8120-8703b8fbd5c6,
a9bc5daa-c886-49a4-9b1d-8b1804664dc1,45.0,RON,Digi internet,2026-01-20T06:39:57+00:00,82112000-16b4-4f2b-9dee-8ec850f886ea,
0e2d79ad-4fa3-45bb-bf93-2f0324a253b4,39.13,RON,Mega Image ref 59878995,2026-01-20T15:41:57+00:00,12cbffe1-d83b-42c0-8120-8703b8fbd5c6,
29986aae-4210-4b3a-9112-ae2717f73c9c,124.96,RON,Lidl ref 25210326,2026-01-20T15:59:57+00:00,33a2f3d5-7d4c-460f-ba3e-5b7745b7b856,
be22c440-e533-4b2a-807f-690e42004aca,88.57,RON,Mega Image ref 36920343,2026-01-20T16:46:57+00:00,02c27ee1-ff57-48d4-82c7-6cf491fd62b9,
63bc1c09-316a-4f4a-807b-32cb7af41f8f,34.64,RON,Lidl ref 76773846,2026-01-20T17:15:57+00:00,818e12e2-7146-4ffe-a877-ba23cf63df5b,
6c3f4800-ec13-47c3-a1c7-222342186e6d,25.18,RON,Mega Image ref 99728954,2026-01-20T17:17:57+00:00,aa7898aa-95b2-468b-ac92-275a68599dc4,
92298d3c-ed9a-479e-a090-165ad9c3007b,122.88,RON,Lidl ref 50883001,2026-01-20T21:45:57+00:00,12cbffe1-d83b-42c0-8120-8703b8fbd5c6,
3f152b58-bf69-4686-9de8-b35fbd8fad35,38.8,RON,Glovo ref 24203908,2026-01-20T21:56:57+00:00,56cc310a-2a4b-4ab3-87df-66009aa0bf74,
cd25c551-f015-4972-ba71-5a677796ea87,57.14,RON,Glovo ref 94294201,2026-01-20T22:06:57+00:00,d3228db7-ef32-4e3e-8fa9-f9f8a84cc34d,
0f67a174-0023-44e2-aad9-8682f8da5a79,104.13,RON,Carrefour ref 97652074,2026-01-20T22:32:57+00:00,0e5779ec-be1a-470f-ad83-a4c869f8d3e4,
0a204f3a-9a2b-4427-9eef-a930e04cbe7a,127.67,RON,Lidl ref 19711151,2026-01-20T22:41:57+00:00,02c27ee1-ff57-48d4-82c7-6cf491fd62b9,
2b9105db-fc53-4487-b1e7-53e0e61f6cfe,60.25,RON,Glovo ref 31633748,2026-01-20T23:53:57+00:00,97c83e0a-8a40-4c3e-b8e3-ae37cffa9985,
5bcc5a3c-b5ed-438c-9902-f447326547ad,45.0,RON,Lidl ref 48566545,2026-01-21T00:44:57+00:00,97c83e0a-8a40-4c3e-b8e3-ae37cffa9985,
2b0e63fd-fc3d-4138-8a5a-42725f90ee57,65.91,RON,Kaufland ref 29108179,2026-01-21T01:11:57+00:00,0e5779ec-be1a-470f-ad83-a4c869f8d3e4,
01b158e9-0406-4f44-bce4-0679a8c6dbc0,56.82,RON,Mega Image ref 74854563,2026-01-21T01:21:57+00:00,bdd640fb-0667-4ad1-9c80-317fa3b1799d,
3df0108a-f28b-4865-a392-512b23813df7,185.24,RON,Kaufland ref 42783892,2026-01-21T01:46:57+00:00,82112000-16b4-4f2b-9dee-8ec850f886ea,
e157c124-fea9-4fb9-a385-31a9d1e63fb7,40.25,RON,Glovo ref 40767636,2026-01-21T01:55:57+00:00,5588e5c9-786a-4f09-8721-a8cedc57f9c8,
b2a6e468-d02b-4243-8091-3ac10463750e,58.41,RON,Farmacia Tei ref 48478684,2026-01-21T01:56:57+00:00,bdd640fb-0667-4ad1-9c80-317fa3b1799d,
e0949471-f902-4309-bc88-5cff8a597a67,29.65,RON,Lidl ref 73201662,2026-01-21T14:40:57+00:00,818e12e2-7146-4ffe-a877-ba23cf63df5b,
ed9ac1dc-f070-4886-965b-7bc27c5470da,95.8,RON,Lidl ref 22907499,2026-01-21T15:23:57+00:00,02c27ee1-ff57-48d4-82c7-6cf491fd62b9,
14b654c4-2225-44b8-8457-01928abf5472,15.75,RON,Mega Image ref 45912153,2026-01-21T16:10:57+00:00,2eb300a6-bd34-43d9-94c9-8697b97c5ba7,
d0b1e3eb-409e-4a80-86c5-d1d69ea9f508,37.16,RON,Lidl ref 35760684,2026-01-21T16:12:57+00:00,bdd640fb-0667-4ad1-9c80-317fa3b1799d,
51b06360-6c1b-41ad-ad2e-650fd04c476e,69.61,RON,Kaufland ref 80886256,2026-01-21T17:15:57+00:00,12cbffe1-d83b-42c0-8120-8703b8fbd5c6,
cb400de3-96c1-48ef-98be-38bb9e2e9e65,97.05,RON,Carrefour ref 31269266,2026-01-21T18:00:57+00:00,97c83e0a-8a40-4c3e-b8e3-ae37cffa9985,
d955dc9a-db36-46fe-887c-3d8fe990c65e,38.98,RON,Glovo ref 16528164,2026-01-21T20:23:57+00:00,56cc310a-2a4b-4ab3-87df-66009aa0bf74,
340a09db-1db2-43e7-bed9-e689ca6c57e0,82.98,RON,Farmacia Tei ref 21597807,2026-01-21T20:29:57+00:00,02c27ee1-ff57-48d4-82c7-6cf491fd62b9,
0384640a-61c6-4dd3-8ed0-ed87c27384f4,36.82,RON,Mega Image ref 93875519,2026-01-21T20:35:57+00:00,97c83e0a-8a40-4c3e-b8e3-ae37cffa9985,
a79768b5-5146-4018-b1a5-7a1be79a2e24,313.89,RON,Dedeman ref 51643113,2026-01-21T21:04:57+00:00,33a2f3d5-7d4c-460f-ba3e-5b7745b7b856,
d90dd19b-d3fb-4043-af1d-5a1a4ccb2355,52.85,RON,Glovo ref 40314047,2026-01-21T21:08:57+00:00,bdd640fb-0667-4ad1-9c80-317fa3b1799d,
2f9bb8f5-2ef4-4766-a95b-98fe3530d627,62.35,RON,Glovo ref 16397579,2026-01-21T23:10:57+00:00,818e12e2-7146-4ffe-a877-ba23cf63df5b,
4319e0c4-1644-473a-8719-24363632f0c0,79.46,RON,Lidl ref 69408270,2026-01-22T01:05:57+00:00,d3228db7-ef32-4e3e-8fa9-f9f8a84cc34d,
6275188f-04c5-402b-aa14-079a76fc41fe,42.05,RON,Glovo ref 71780642,2026-01-22T01:08:57+00:00,97c83e0a-8a40-4c3e-b8e3-ae37cffa9985,
e54cb568-784f-4e7e-bdb6-e680ec4f914e,30.35,RON,Mega Image ref 19979761,2026-01-22T01:38:57+00:00,33a2f3d5-7d4c-460f-ba3e-5b7745b7b856,
d3a584d3-37e1-45c6-91c7-86c31f096e36,35.98,RON,Glovo ref 56813247,2026-01-22T01:38:57+00:00,12cbffe1-d83b-42c0-8120-8703b8fbd5c6,
67c753e1-21a2-4e53-950e-458992ab72bb,70.13,RON,Lidl ref 34898032,2026-01-22T03:16:57+00:00,12cbffe1-d83b-42c0-8120-8703b8fbd5c6,
40e07e0f-7cfb-4186-877b-4fffd114dda1,188.89,RON,OMV benzina ref 35433791,2026-01-22T04:05:57+00:00,aa7898aa-95b2-468b-ac92-275a68599dc4,
7a02671b-340f-40b7-a89b-6250bb81b676,54.79,RON,Mega Image ref 31002134,2026-01-22T04:12:57+00:00,818e12e2-7146-4ffe-a877-ba23cf63df5b,
202f590d-ac0e-4414-9a80-dbd61d04d8e4,58.78,RON,Mega Image ref 14935311,2026-01-22T15:52:57+00:00,33a2f3d5-7d4c-460f-ba3e-5b7745b7b856,
b2ea5399-314f-499c-810c-361703adb40b,205.41,RON,Kaufland ref 90495956,2026-01-22T17:36:57+00:00,82112000-16b4-4f2b-9dee-8ec850f886ea,
148e338c-d104-46c4-a3b5-40ec9637522c,20.28,RON,Glovo ref 46834930,2026-01-22T19:22:57+00:00,2eb300a6-bd34-43d9-94c9-8697b97c5ba7,
e48d4971-01e7-4267-8111-0b33312a9888,167.83,RON,Kaufland ref 10659606,2026-01-22T20:09:57+00:00,33a2f3d5-7d4c-460f-ba3e-5b7745b7b856,
c1f96aea-371c-4bdc-8ff1-1512845cc26c,16.94,RON,Mega Image ref 83323279,2026-01-22T20:28:57+00:00,97c83e0a-8a40-4c3e-b8e3-ae37cffa9985,
e4df6657-3196-4b2c-81e8-e0b6115596d0,114.37,RON,Kaufland ref 32163915,2026-01-22T20:39:57+00:00,5588e5c9-786a-4f09-8721-a8cedc57f9c8,
b3eda8f1-026b-4383-a301-ec030e5d8c6a,82.13,RON,Kaufland ref 73888323,2026-01-22T21:03:57+00:00,bdd640fb-0667-4ad1-9c80-317fa3b1799d,
00df2b6b-77d0-4a32-b1ea-282130347270,44.08,RON,Mega Image ref 64591401,2026-01-22T21:04:57+00:00,7bf7bf91-9958-41e0-bb31-0f54e9f410c9,
7c3a2e25-b9d2-49f3-8473-3fd6244cc942,74.33,RON,Lidl ref 64504899,2026-01-22T21:43:57+00:00,d3228db7-ef32-4e3e-8fa9-f9f8a84cc34d,
a601aa9a-4219-4225-9fc9-432af9096777,58.87,RON,Kaufland ref 73718582,2026-01-23T00:22:57+00:00,818e12e2-7146-4ffe-a877-ba23cf63df5b,
53cf14e1-8974-416a-aef0-963c11062a35,18.83,RON,Mega Image ref 75570300,2026-01-23T00:46:57+00:00,aa7898aa-95b2-468b-ac92-275a68599dc4,
e7fd8630-4daf-4bea-a2a6-df25ff115e61,223.08,RON,Kaufland ref 12177526,2026-01-23T00:58:57+00:00,02c27ee1-ff57-48d4-82c7-6cf491fd62b9,
b167d8b7-7954-41de-9ec3-f042c04e5613,40.59,RON,Glovo ref 82655012,2026-01-23T01:44:57+00:00,12cbffe1-d83b-42c0-8120-8703b8fbd5c6,
f8a3e272-61f5-4a93-898c-5249aa9ea044,37.26,RON,Mega Image ref 86403553,2026-01-23T02:12:57+00:00,5588e5c9-786a-4f09-8721-a8cedc57f9c8,
1f7b6b19-b2cc-4372-a532-b3ae16f791ac,110.07,RON,Kaufland ref 50350996,2026-01-23T02:13:57+00:00,0e5779ec-be1a-470f-ad83-a4c869f8d3e4,
762548f8-16de-4d77-a806-f8bbe207e30e,131.99,RON,Lidl ref 64132288,2026-01-23T02:44:57+00:00,33a2f3d5-7d4c-460f-ba3e-5b7745b7b856,
fd6b79f5-f355-4528-b846-908370a91edf,209.48,RON,Kaufland ref 30952318,2026-01-23T02:50:57+00:00,12cbffe1-d83b-42c0-8120-8703b8fbd5c6,
41dc5bb3-4129-4a52-bbb0-d3f3b2e944ba,108.77,RON,Carrefour ref 50684885,2026-01-23T02:54:57+00:00,82112000-16b4-4f2b-9dee-8ec850f886ea,
89797b17-eeb3-4b22-b077-d33ed04cc4db,104.11,RON,Carrefour ref 30468290,2026-01-23T03:19:57+00:00,7bf7bf91-9958-41e0-bb31-0f54e9f410c9,
b3a519a4-9ce8-4886-a74a-68bbb964cb59,40.86,RON,Glovo ref 15953902,2026-01-23T15:04:57+00:00,d3228db7-ef32-4e3e-8fa9-f9f8a84cc34d,
4f26fedb-10d2-4a32-a0c6-270ababfbd99,29.28,RON,Glovo ref 33915102,2026-01-23T15:37:57+00:00,7bf7bf91-9958-41e0-bb31-0f54e9f410c9,
51338523-e933-45b8-bc5f-8a5bee0d0354,33.75,RON,Glovo ref 97236125,2026-01-23T16:15:57+00:00,33a2f3d5-7d4c-460f-ba3e-5b7745b7b856,
9c4582ea-9d8a-4d45-83a2-cb1f7169f2c0,36.37,RON,Glovo ref 65063576,2026-01-23T16:24:57+00:00,82112000-16b4-4f2b-9dee-8ec850f886ea,
5b8f5909-6174-496e-964e-3cf5785a5952,132.44,RON,Lidl ref 52667947,2026-01-23T16:40:57+00:00,33a2f3d5-7d4c-460f-ba3e-5b7745b7b856,
ec95b3ac-0beb-4c34-8566-7c4879ba630a,92.59,RON,Lidl ref 86072480,2026-01-23T18:36:57+00:00,bdd640fb-0667-4ad1-9c80-317fa3b1799d,
d9b59f84-edc3-41c3-adea-2d2d086c405f,38.42,RON,Mega Image ref 98329927,2026-01-23T19:36:57+00:00,bdd640fb-0667-4ad1-9c80-317fa3b1799d,
5ed9b3c3-0514-457c-ab7f-f1f1fe29fdca,91.95,RON,Farmacia Tei ref 28007273,2026-01-23T19:51:57+00:00,6e36dc96-4f61-48f4-b69f-4ca617af9323,
0d3014f1-7bf6-4094-99d4-971c46befee5,31.87,RON,Lidl ref 22335410,2026-01-23T21:04:57+00:00,2eb300a6-bd34-43d9-94c9-8697b97c5ba7,
26078820-f592-4bea-91e5-48038d8e7b2b,54.27,RON,Carrefour ref 68745393,2026-01-23T21:25:57+00:00,33a2f3d5-7d4c-460f-ba3e-5b7745b7b856,
aa4ed9ce-07c3-4150-b8d3-c4c4740357ce,38.75,RON,Glovo ref 84640328,2026-01-24T00:14:57+00:00,5588e5c9-786a-4f09-8721-a8cedc57f9c8,
3ae8b673-25ca-4637-b416-61188af45bf6,105.35,RON,Lidl ref 36351512,2026-01-24T01:48:57+00:00,97c83e0a-8a40-4c3e-b8e3-ae37cffa9985,
e7ba652e-113d-44f4-b9c3-267c299dca89,116.45,RON,Kaufland ref 52690255,2026-01-24T03:18:57+00:00,6e36dc96-4f61-48f4-b69f-4ca617af9323,
e89c8fca-22ff-49fc-912e-5e8e4c901c59,140.39,RON,Kaufland ref 94825727,2026-01-24T04:13:57+00:00,02c27ee1-ff57-48d4-82c7-6cf491fd62b9,
b58d4c97-59df-4bb2-988a-7de79f57dbfc,18.21,RON,Mega Image ref 60745502,2026-01-24T14:51:57+00:00,7bf7bf91-9958-41e0-bb31-0f54e9f410c9,
8e484bc0-69c5-4d69-ac6c-db5aac367cb9,50.91,RON,Glovo ref 11285619,2026-01-24T15:17:57+00:00,0e5779ec-be1a-470f-ad83-a4c869f8d3e4,
8912ade0-dcbb-465e-b462-8d95bab4819a,138.66,RON,Kaufland ref 25740123,2026-01-24T15:18:57+00:00,12cbffe1-d83b-42c0-8120-8703b8fbd5c6,
54ec3f33-8a62-4cbd-a582-b678ad5229dd,44.22,RON,Lidl ref 62231715,2026-01-24T17:15:57+00:00,bdd640fb-0667-4ad1-9c80-317fa3b1799d,
ce70d3f7-b190-4ea4-8335-e9e5156755f4,92.61,RON,Lidl ref 34760262,2026-01-24T17:41:57+00:00,aa7898aa-95b2-468b-ac92-275a68599dc4,
6e1255ea-25ab-457d-8818-ab72aea31181,70.26,RON,Carrefour ref 39183148,2026-01-24T18:20:57+00:00,d3228db7-ef32-4e3e-8fa9-f9f8a84cc34d,
fe530a7e-7e8f-4fe9-963b-7284b1b25b70,55.25,RON,Lidl ref 94227868,2026-01-24T18:27:57+00:00,7bf7bf91-9958-41e0-bb31-0f54e9f410c9,
cab0d331-b13a-4dc7-92db-a951f7b8895a,106.24,RON,Kaufland ref 40428388,2026-01-24T20:40:57+00:00,7bf7bf91-9958-41e0-bb31-0f54e9f410c9,
42c701ca-bee5-4800-93ee-737dc54d353e,45.27,RON,Glovo ref 86296223,2026-01-24T21:14:57+00:00,818e12e2-7146-4ffe-a877-ba23cf63df5b,
0a8260b6-c4e5-4a92-98d5-16b971287916,31.23,RON,Mega Image ref 29160749,2026-01-24T21:18:57+00:00,aa7898aa-95b2-468b-ac92-275a68599dc4,
fb06088c-c08a-404d-9cd7-d7e0aa75a796,90.55,RON,Carrefour ref 10139737,2026-01-24T21:25:57+00:00,2eb300a6-bd34-43d9-94c9-8697b97c5ba7,
4d8e94bf-2c2a-4a2f-b041-87f4c32634d7,95.9,RON,Kaufland ref 46404493,2026-01-24T21:34:57+00:00,33a2f3d5-7d4c-460f-ba3e-5b7745b7b856,
31e989f6-f7a8-4263-921b-bb82973a37df,17.38,RON,Mega Image ref 87205008,2026-01-24T21:46:57+00:00,2eb300a6-bd34-43d9-94c9-8697b97c5ba7,
4fb40956-bdf8-4f0a-95ec-2c71f0fbc188,150.99,RON,Carrefour ref 46930960,2026-01-24T21:51:57+00:00,5588e5c9-786a-4f09-8721-a8cedc57f9c8,
97f8c3be-dd90-42f4-96b6-6dd7a06b9de7,127.84,RON,OMV benzina ref 67594162,2026-01-24T22:43:57+00:00,d3228db7-ef32-4e3e-8fa9-f9f8a84cc34d,
4e38c063-d4aa-4c45-ad2e-40aa050eeb74,63.52,RON,Carrefour ref 44528831,2026-01-24T23:08:57+00:00,82112000-16b4-4f2b-9dee-8ec850f886ea,
48d96494-965e-45ad-bf16-c9853cb9ebbf,67.82,RON,Lidl ref 73117761,2026-01-24T23:39:57+00:00,56cc310a-2a4b-4ab3-87df-66009aa0bf74,
1f42e0cd-6102-4bf3-bc62-3364a859decd,99.97,RON,Carrefour ref 24924843,2026-01-25T01:10:57+00:00,02c27ee1-ff57-48d4-82c7-6cf491fd62b9,
5e0acbb3-9f05-449b-9604-cb1eed2b002b,89.81,RON,Lidl ref 50532818,2026-01-25T01:30:57+00:00,6e36dc96-4f61-48f4-b69f-4ca617af9323,
57311609-1375-4e90-96b3-61e43b6dca0d,39.77,RON,Carrefour ref 68664992,2026-01-25T02:01:57+00:00,bdd640fb-0667-4ad1-9c80-317fa3b1799d,
137f5fb7-0d56-42fb-978f-c74499dab8d8,129.93,RON,Kaufland ref 10859190,2026-01-25T02:01:57+00:00,d3228db7-ef32-4e3e-8fa9-f9f8a84cc34d,
8829092b-f941-408f-9bf9-90db6dd7a130,49.13,RON,Carrefour ref 73402364,2026-01-25T03:03:57+00:00,818e12e2-7146-4ffe-a877-ba23cf63df5b,
c032c50d-b240-4677-9f3d-b4a182f2ec06,111.78,RON,Kaufland ref 69284015,2026-01-25T03:38:57+00:00,2eb300a6-bd34-43d9-94c9-8697b97c5ba7,
7a93ef0e-780d-40b6-8923-51d9fedceb65,63.61,RON,Kaufland ref 79555056,2026-01-25T04:10:57+00:00,aa7898aa-95b2-468b-ac92-275a68599dc4,
a373599b-2529-44a1-a6e3-c03ff2ffda60,83.74,RON,Lidl ref 40719931,2026-01-25T04:13:57+00:00,12cbffe1-d83b-42c0-8120-8703b8fbd5c6,
7647f43f-59a1-4829-acef-781debfdb100,80.35,RON,Kaufland ref 43662096,2026-01-25T14:48:57+00:00,aa7898aa-95b2-468b-ac92-275a68599dc4,
0a3ca069-c134-476e-a31a-beb5802ea3e9,192.15,RON,Dedeman ref 76703346,2026-01-25T14:53:57+00:00,2eb300a6-bd34-43d9-94c9-8697b97c5ba7,
62b6c581-22ac-4bed-ad11-2b4cbe6ad03d,68.06,RON,Carrefour ref 32864847,2026-01-25T15:07:57+00:00,56cc310a-2a4b-4ab3-87df-66009aa0bf74,
7a43475b-a0d5-4ca2-a7bb-c5388f8ef417,132.0,RON,Dedeman ref 13693563,2026-01-25T15:09:57+00:00,5588e5c9-786a-4f09-8721-a8cedc57f9c8,
f8d78cbc-5a5d-4cc5-9f98-2a0dac184ef9,265.09,RON,OMV benzina ref 69750614,2026-01-25T15:36:57+00:00,0e5779ec-be1a-470f-ad83-a4c869f8d3e4,
292be777-c65d-4413-ac84-4800dc9f75b8,92.76,RON,Kaufland ref 87500130,2026-01-25T16:49:57+00:00,2eb300a6-bd34-43d9-94c9-8697b97c5ba7,
3de4bdb7-84b7-4531-bef9-b50b08e4eaed,132.28,RON,Kaufland ref 40487371,2026-01-25T17:05:57+00:00,6e36dc96-4f61-48f4-b69f-4ca617af9323,
a8737d14-55fc-4c14-b1c0-34f0a091129b,25.7,RON,Glovo ref 34691117,2026-01-25T19:11:57+00:00,aa7898aa-95b2-468b-ac92-275a68599dc4,
7c3a5f1f-fd25-4fda-9bd0-04459db95f3a,52.35,RON,Farmacia Tei ref 94514773,2026-01-25T19:25:57+00:00,82112000-16b4-4f2b-9dee-8ec850f886ea,
9ae603b9-b875-41b7-ba09-c85c5130af64,140.71,RON,Kaufland ref 27570763,2026-01-25T20:44:57+00:00,818e12e2-7146-4ffe-a877-ba23cf63df5b,
293db7fa-8e8d-4d45-89ad-b07b874f7c5c,124.58,RON,Carrefour ref 90753445,2026-01-25T21:43:57+00:00,aa7898aa-95b2-468b-ac92-275a68599dc4,
11eaa822-99a0-4fd8-8771-e287905020dc,72.94,RON,Glovo ref 76269853,2026-01-25T22:12:57+00:00,818e12e2-7146-4ffe-a877-ba23cf63df5b,
6e9cd53b-7aa4-405c-97ac-3b3722847787,158.51,RON,Kaufland ref 52184838,2026-01-25T22:25:57+00:00,12cbffe1-d83b-42c0-8120-8703b8fbd5c6,
ff2e286b-09da-4920-8f03-bfd484710aa0,76.1,RON,Glovo ref 28907881,2026-01-26T00:14:57+00:00,82112000-16b4-4f2b-9dee-8ec850f886ea,
6934fa89-0d28-4eec-94dc-f02d37c16995,35.97,RON,Farmacia Tei ref 55032119,2026-01-26T01:54:57+00:00,02c27ee1-ff57-48d4-82c7-6cf491fd62b9,
5f9f9701-b819-444a-a0b8-d865580e60e4,134.77,RON,Kaufland ref 43035177,2026-01-26T02:19:57+00:00,7bf7bf91-9958-41e0-bb31-0f54e9f410c9,
5f84ae3f-ff68-407f-a996-40f8ab7abdeb,141.42,RON,Kaufland ref 70917200,2026-01-26T02:49:57+00:00,5588e5c9-786a-4f09-8721-a8cedc57f9c8,
4e9ac7c0-eb33-425c-94de-92f7593accf2,61.41,RON,Mega Image ref 42449738,2026-01-26T03:12:57+00:00,6e36dc96-4f61-48f4-b69f-4ca617af9323,
84bdb077-396c-43a8-8e08-4ce5667c1df7,98.24,RON,Glovo ref 45126325,2026-01-26T16:06:57+00:00,33a2f3d5-7d4c-460f-ba3e-5b7745b7b856,
8a352d9e-afaa-43e6-9a26-e8ccc4a3d61e,182.96,RON,Kaufland ref 99309976,2026-01-26T16:10:57+00:00,12cbffe1-d83b-42c0-8120-8703b8fbd5c6,
d04f0a71-0ef4-43a2-900d-df1600e03200,35.45,RON,Glovo ref 61165595,2026-01-26T16:22:57+00:00,aa7898aa-95b2-468b-ac92-275a68599dc4,
2eacf23a-ebfc-4e6e-b388-df84f1b3871e,96.4,RON,Kaufland ref 62221017,2026-01-26T17:09:57+00:00,d3228db7-ef32-4e3e-8fa9-f9f8a84cc34d,
477eac0c-f9b9-462a-80a9-613ad86399bd,63.17,RON,Kaufland ref 88429219,2026-01-26T17:27:57+00:00,5588e5c9-786a-4f09-8721-a8cedc57f9c8,
b6f464ec-f6c6-4eb2-aa19-0829cc4b277f,90.01,RON,Kaufland ref 52421927,2026-01-26T17:36:57+00:00,818e12e2-7146-4ffe-a877-ba23cf63df5b,
81ea87a2-c5d4-45a3-b7b5-f316cc077174,70.38,RON,Carrefour ref 27519820,2026-01-26T17:51:57+00:00,818e12e2-7146-4ffe-a877-ba23cf63df5b,
28f4a437-b748-49cf-9a29-ee5a82e67782,71.42,RON,Farmacia Tei ref 24036021,2026-01-26T18:46:57+00:00,82112000-16b4-4f2b-9dee-8ec850f886ea,
5111d31d-63be-441d-bd5a-0c9e277eb0aa,183.75,RON,OMV benzina ref 95080736,2026-01-26T18:48:57+00:00,bdd640fb-0667-4ad1-9c80-317fa3b1799d,
2bde5b35-6386-49e2-a749-146af5c6bd2e,17.25,RON,Mega Image ref 33217529,2026-01-26T21:09:57+00:00,818e12e2-7146-4ffe-a877-ba23cf63df5b,
05106943-be3e-46f7-b8b5-95b90265a223,60.48,RON,Mega Image ref 69670203,2026-01-26T22:02:57+00:00,0e5779ec-be1a-470f-ad83-a4c869f8d3e4,
79432f6f-da55-4d25-9d14-4588498e6ba4,54.15,RON,Glovo ref 10191149,2026-01-26T23:17:57+00:00,7bf7bf91-9958-41e0-bb31-0f54e9f410c9,
b68e47fa-3f17-4534-8c4d-58194b9dfd58,30.74,RON,Mega Image ref 93029219,2026-01-27T00:21:57+00:00,bdd640fb-0667-4ad1-9c80-317fa3b1799d,
2b7f90a5-b871-49e1-9e5b-aabf04786088,59.01,RON,Lidl ref 81709011,2026-01-27T00:43:57+00:00,aa7898aa-95b2-468b-ac92-275a68599dc4,
3c0d409f-21a3-4034-89ad-6f07c5bdb176,33.75,RON,Mega Image ref 65502621,2026-01-27T01:23:57+00:00,5588e5c9-786a-4f09-8721-a8cedc57f9c8,
eac4a84e-13db-457d-bffc-3602d631a545,50.52,RON,Glovo ref 52849647,2026-01-27T01:50:57+00:00,6e36dc96-4f61-48f4-b69f-4ca617af9323,
bfc8df92-9853-4c12-95fa-c683d0620b87,20.98,RON,Mega Image ref 70656268,2026-01-27T02:12:57+00:00,d3228db7-ef32-4e3e-8fa9-f9f8a84cc34d,
07ef20f7-6418-461e-b07a-810a1befa085,46.73,RON,Mega Image ref 86241718,2026-01-27T03:07:57+00:00,56cc310a-2a4b-4ab3-87df-66009aa0bf74,
9b6d272f-639b-4651-affb-e85782ee6e08,265.2,RON,OMV benzina ref 16115184,2026-01-27T15:14:57+00:00,7bf7bf91-9958-41e0-bb31-0f54e9f410c9,
e52ab1c4-b61b-4b76-8a2a-1ac4053b7268,55.53,RON,Mega Image ref 50269237,2026-01-27T15:45:57+00:00,12cbffe1-d83b-42c0-8120-8703b8fbd5c6,
1a7167c7-6875-4545-832f-52c48e0370cf,58.9,RON,Lidl ref 84757265,2026-01-27T15:50:57+00:00,bdd640fb-0667-4ad1-9c80-317fa3b1799d,
69623159-d255-4be5-83aa-bf082024b5b5,67.02,RON,Mega Image ref 90118482,2026-01-27T16:37:57+00:00,6e36dc96-4f61-48f4-b69f-4ca617af9323,
3edd9d89-43ef-4706-8b0a-85bb0ef1591d,271.12,RON,OMV benzina ref 27803386,2026-01-27T17:01:57+00:00,818e12e2-7146-4ffe-a877-ba23cf63df5b,
ef2a2bd7-10a4-43de-8f08-ac06b87d6e7a,45.89,RON,Mega Image ref 75304816,2026-01-27T17:19:57+00:00,02c27ee1-ff57-48d4-82c7-6cf491fd62b9,
2134c21a-0886-478d-b4f2-5c0ce71c5006,71.33,RON,Farmacia Tei ref 95087125,2026-01-27T17:45:57+00:00,6e36dc96-4f61-48f4-b69f-4ca617af9323,
629ef3d8-dd1c-4267-930d-dda6c8d0f9e5,17.23,RON,Mega Image ref 90268079,2026-01-27T20:14:57+00:00,bdd640fb-0667-4ad1-9c80-317fa3b1799d,
3693ee9c-e1b3-43f0-b0e7-5cdd189bdfe5,108.77,RON,Farmacia Tei ref 23878135,2026-01-27T20:20:57+00:00,33a2f3d5-7d4c-460f-ba3e-5b7745b7b856,
3e245fbf-fa69-4cd2-be23-90f3e7bbaefc,241.85,RON,OMV benzina ref 85099723,2026-01-27T21:03:57+00:00,bdd640fb-0667-4ad1-9c80-317fa3b1799d,
65a815a3-7833-4ece-88e5-ed83f8d4866f,16.61,RON,Mega Image ref 56977287,2026-01-27T21:06:57+00:00,7bf7bf91-9958-41e0-bb31-0f54e9f410c9,
6e1e3022-0271-4199-9081-5251cae1f8d5,94.14,RON,Glovo ref 87911801,2026-01-27T21:27:57+00:00,33a2f3d5-7d4c-460f-ba3e-5b7745b7b856,
9b24955c-b4fb-4af2-b43c-7851e78dcf32,15.48,RON,Mega Image ref 76147579,2026-01-27T22:02:57+00:00,0e5779ec-be1a-470f-ad83-a4c869f8d3e4,
62d47bff-a510-47b4-924d-4a86efed0e52,28.04,RON,Lidl ref 73945115,2026-01-27T22:43:57+00:00,aa7898aa-95b2-468b-ac92-275a68599dc4,
e503d716-b953-444e-872f-1955410f685a,57.35,RON,Mega Image ref 77115056,2026-01-27T22:50:57+00:00,818e12e2-7146-4ffe-a877-ba23cf63df5b,
274a95b2-1e21-475e-a654-ec7fc30d30e6,54.26,RON,Glovo ref 77153375,2026-01-27T23:43:57+00:00,818e12e2-7146-4ffe-a877-ba23cf63df5b,
14ff8c70-830a-4a29-a352-d9c70a9fad75,53.97,RON,Lidl ref 26307191,2026-01-28T00:33:57+00:00,12cbffe1-d83b-42c0-8120-8703b8fbd5c6,
6c2d8334-b07f-4157-ab5a-83dd4771a24f,147.99,RON,Kaufland ref 41952672,2026-01-28T02:00:57+00:00,33a2f3d5-7d4c-460f-ba3e-5b7745b7b856,
607fba83-540a-4e34-bfeb-59aa0b0706ca,86.79,RON,Kaufland ref 18746110,2026-01-28T02:40:57+00:00,d3228db7-ef32-4e3e-8fa9-f9f8a84cc34d,
819bab05-5d26-4d36-addf-9ca7f7541038,95.88,RON,Carrefour ref 86813030,2026-01-28T03:17:57+00:00,56cc310a-2a4b-4ab3-87df-66009aa0bf74,
2ba46308-7e77-46aa-8015-575691b0af07,46.16,RON,Glovo ref 47224958,2026-01-28T04:19:57+00:00,0e5779ec-be1a-470f-ad83-a4c869f8d3e4,
c2e14502-3036-4f50-9322-ee8f41d2a6e9,48.91,RON,Mega Image ref 67000670,2026-01-28T04:27:57+00:00,33a2f3d5-7d4c-460f-ba3e-5b7745b7b856,
b68ab9a3-7bca-463c-b5b1-44f9f6fc75ce,136.92,RON,Lidl ref 65913274,2026-01-28T14:59:57+00:00,82112000-16b4-4f2b-9dee-8ec850f886ea,
d86701f3-a512-4438-9aae-363d198af6fd,18.35,RON,Mega Image ref 63207360,2026-01-28T15:10:57+00:00,7bf7bf91-9958-41e0-bb31-0f54e9f410c9,
374f0c2c-9c01-4e7b-9d72-bd2c0cda1cef,32.49,RON,Glovo ref 45767759,2026-01-28T16:10:57+00:00,818e12e2-7146-4ffe-a877-ba23cf63df5b,
3a5bece9-db00-4b4c-91e5-2e86eefe02c3,16.9,RON,Mega Image ref 44846207,2026-01-28T17:26:57+00:00,0e5779ec-be1a-470f-ad83-a4c869f8d3e4,
ee755ae3-dbe5-4454-8d8b-619060ca5e56,32.93,RON,Mega Image ref 32396248,2026-01-28T18:25:57+00:00,2eb300a6-bd34-43d9-94c9-8697b97c5ba7,
a0471a81-604f-43fd-93f7-dab74e616196,312.49,RON,Dedeman ref 44722422,2026-01-28T20:10:57+00:00,d3228db7-ef32-4e3e-8fa9-f9f8a84cc34d,
406f64d6-5c72-4ebd-93b1-1e59c85cd714,32.67,RON,Mega Image ref 74992426,2026-01-28T20:56:57+00:00,bdd640fb-0667-4ad1-9c80-317fa3b1799d,
cc1f0b70-1dc2-4fa1-85fe-79ddbbdf8b94,139.38,RON,Carrefour ref 15821034,2026-01-28T22:57:57+00:00,97c83e0a-8a40-4c3e-b8e3-ae37cffa9985,
2ca26887-bb21-48c4-a318-8a65496fe308,42.71,RON,Glovo ref 29382033,2026-01-28T23:35:57+00:00,aa7898aa-95b2-468b-ac92-275a68599dc4,
b93c5492-d41c-46e1-9c53-d773436738eb,125.45,RON,Kaufland ref 88833428,2026-01-29T00:46:57+00:00,97c83e0a-8a40-4c3e-b8e3-ae37cffa9985,
bf4fb9e2-e2f6-496c-b768-52a4fff05450,17.44,RON,Mega Image ref 97181487,2026-01-29T01:05:57+00:00,6e36dc96-4f61-48f4-b69f-4ca617af9323,
3df19030-eabd-4f6e-bfe4-5bd70be6fbbf,72.89,RON,Mega Image ref 27233998,2026-01-29T01:08:57+00:00,12cbffe1-d83b-42c0-8120-8703b8fbd5c6,
3534edf4-4617-4fce-8bf7-dc4ad4961a22,84.94,RON,Lidl ref 41194360,2026-01-29T01:33:57+00:00,6e36dc96-4f61-48f4-b69f-4ca617af9323,
197de8b1-d61b-44dd-85f1-1959b3abaf81,69.52,RON,Lidl ref 76495738,2026-01-29T01:40:57+00:00,d3228db7-ef32-4e3e-8fa9-f9f8a84cc34d,
743480a1-e212-47e1-8f63-c2bbae411155,227.88,RON,Dedeman ref 43946491,2026-01-29T02:22:57+00:00,0e5779ec-be1a-470f-ad83-a4c869f8d3e4,
545cd88d-dcb9-475e-8dd7-f460614077d3,76.93,RON,Kaufland ref 93240786,2026-01-29T15:04:57+00:00,bdd640fb-0667-4ad1-9c80-317fa3b1799d,
78c6a01f-1c3a-4281-a083-8fe8c92c4c70,36.82,RON,Lidl ref 89392842,2026-01-29T16:51:57+00:00,97c83e0a-8a40-4c3e-b8e3-ae37cffa9985,
169079a9-e037-4207-b8d8-bda1b89995ee,38.73,RON,Farmacia Tei ref 58316587,2026-01-29T17:00:57+00:00,6e36dc96-4f61-48f4-b69f-4ca617af9323,
e7df7aaa-d4a2-4890-8d42-01b8eb3a45a6,77.31,RON,Lidl ref 18776657,2026-01-29T17:16:57+00:00,12cbffe1-d83b-42c0-8120-8703b8fbd5c6,
d91c97e3-2a8a-410a-8f82-0dba64ee8b95,47.06,RON,Mega Image ref 86518020,2026-01-29T19:14:57+00:00,d3228db7-ef32-4e3e-8fa9-f9f8a84cc34d,
a6f39cfe-715f-4fd9-beff-03780e89bc5f,13.2,RON,Mega Image ref 38254967,2026-01-29T19:22:57+00:00,56cc310a-2a4b-4ab3-87df-66009aa0bf74,
52b0147b-f052-4803-9a96-8e7d0d46e159,123.58,RON,Kaufland ref 97245556,2026-01-29T21:20:57+00:00,0e5779ec-be1a-470f-ad83-a4c869f8d3e4,
0db307c9-6030-4e34-bf68-bc5873ef3af7,61.18,RON,Glovo ref 53114723,2026-01-29T22:13:57+00:00,33a2f3d5-7d4c-460f-ba3e-5b7745b7b856,
b35ef82c-8403-4bdc-997c-0402a64de2ac,108.65,RON,Carrefour ref 76253213,2026-01-29T23:19:57+00:00,5588e5c9-786a-4f09-8721-a8cedc57f9c8,
690e1a7e-75be-4ba7-8ae4-e09624dc1ee5,91.12,RON,Kaufland ref 50246214,2026-01-30T01:40:57+00:00,aa7898aa-95b2-468b-ac92-275a68599dc4,
c3155e4b-b51b-4a05-ac4c-89cd6f4b3d1a,43.35,RON,Mega Image ref 94592986,2026-01-30T04:10:57+00:00,7bf7bf91-9958-41e0-bb31-0f54e9f410c9,
8f6a201a-589a-491e-a76a-7d9aff447459,212.59,RON,OMV benzina ref 44058594,2026-01-30T16:27:57+00:00,7bf7bf91-9958-41e0-bb31-0f54e9f410c9,
b4553e1b-95eb-48da-9c5a-a23305e568ba,210.23,RON,OMV benzina ref 71657977,2026-01-30T16:32:57+00:00,82112000-16b4-4f2b-9dee-8ec850f886ea,
0b268aaa-5da8-4ae7-81e0-d564ec48fa38,211.92,RON,OMV benzina ref 61180807,2026-01-30T17:20:57+00:00,6e36dc96-4f61-48f4-b69f-4ca617af9323,
eb6db35f-2950-44bb-b3c8-e316244226d7,99.38,RON,Lidl ref 30503941,2026-01-30T17:52:57+00:00,7bf7bf91-9958-41e0-bb31-0f54e9f410c9,
bcc9245c-fd81-4bc0-867e-c672cec3a6f4,24.89,RON,Farmacia Tei ref 86748329,2026-01-30T18:00:57+00:00,0e5779ec-be1a-470f-ad83-a4c869f8d3e4,
640d354a-3f83-4b80-a6b8-c62f2d0cbb29,77.82,RON,Carrefour ref 68752214,2026-01-30T19:41:57+00:00,5588e5c9-786a-4f09-8721-a8cedc57f9c8,
8aeef822-ed1f-49f6-acfe-6541f9f2bed7,110.13,RON,Carrefour ref 22283191,2026-01-30T19:59:57+00:00,97c83e0a-8a40-4c3e-b8e3-ae37cffa9985,
b3e4aee1-3702-45c7-86a0-928c1aeb1100,61.03,RON,Mega Image ref 78577688,2026-01-30T20:28:57+00:00,82112000-16b4-4f2b-9dee-8ec850f886ea,
c82f78fd-936c-431c-b7bf-52447db2a7aa,26.57,RON,Mega Image ref 94946730,2026-01-30T20:59:57+00:00,bdd640fb-0667-4ad1-9c80-317fa3b1799d,
5699af9c-8c53-434b-8438-4dcf67b5d980,157.81,RON,Lidl ref 16818401,2026-01-30T21:03:57+00:00,12cbffe1-d83b-42c0-8120-8703b8fbd5c6,
75e2fdf8-fa7c-4745-9894-38d62c5dacd2,46.77,RON,Carrefour ref 30145535,2026-01-30T22:46:57+00:00,2eb300a6-bd34-43d9-94c9-8697b97c5ba7,
281ef235-9578-4324-a34d-b08437c914dc,43.88,RON,Glovo ref 81752996,2026-01-31T00:39:57+00:00,56cc310a-2a4b-4ab3-87df-66009aa0bf74,
26db60fe-2353-400a-b55b-ea552d5488de,126.72,RON,OMV benzina ref 95976614,2026-01-31T04:06:57+00:00,d3228db7-ef32-4e3e-8fa9-f9f8a84cc34d,
3eedbfb1-fddf-4733-b8f0-aea6d26b1581,189.57,RON,Kaufland ref 29020211,2026-01-31T15:19:57+00:00,6e36dc96-4f61-48f4-b69f-4ca617af9323,
3cb64d29-e586-4078-9032-7303cd8219d3,52.81,RON,Glovo ref 58344436,2026-01-31T15:36:57+00:00,6e36dc96-4f61-48f4-b69f-4ca617af9323,
8de848d5-f435-4ab7-a140-da62570eaaee,63.43,RON,Lidl ref 91069490,2026-01-31T18:05:57+00:00,56cc310a-2a4b-4ab3-87df-66009aa0bf74,
e67d9f00-5d08-4254-9e6e-ac9cc8bc7784,22.68,RON,Mega Image ref 98493234,2026-01-31T18:15:57+00:00,aa7898aa-95b2-468b-ac92-275a68599dc4,
e61e01af-1e01-4d92-af93-5b7106f20194,64.69,RON,Kaufland ref 89981334,2026-01-31T18:46:57+00:00,82112000-16b4-4f2b-9dee-8ec850f886ea,
da27e9c8-4a9a-442c-a76e-d38e82d9f782,86.16,RON,Glovo ref 78059791,2026-01-31T19:25:57+00:00,12cbffe1-d83b-42c0-8120-8703b8fbd5c6,
6e9434ab-7adf-4458-8722-ab3c18c30aa9,16.79,RON,Mega Image ref 93925634,2026-01-31T19:58:57+00:00,0e5779ec-be1a-470f-ad83-a4c869f8d3e4,
d87c0089-5d21-4163-b928-46ea229cc46a,119.66,RON,Carrefour ref 91109856,2026-01-31T20:20:57+00:00,6e36dc96-4f61-48f4-b69f-4ca617af9323,
bf0d340a-ba93-4914-b7b0-15a7e682e667,25.28,RON,Mega Image ref 47316338,2026-01-31T20:47:57+00:00,d3228db7-ef32-4e3e-8fa9-f9f8a84cc34d,
bb1d9c35-5f9a-4e6c-8c39-6b30b134f619,40.34,RON,Lidl ref 42015032,2026-01-31T21:04:57+00:00,2eb300a6-bd34-43d9-94c9-8697b97c5ba7,
045a64ea-9ce0-477a-b9c6-9927fe504856,31.06,RON,Farmacia Tei ref 25559073,2026-01-31T21:36:57+00:00,6e36dc96-4f61-48f4-b69f-4ca617af9323,
7b22e392-60ac-4b11-96bb-236cdf178665,278.93,RON,OMV benzina ref 63165972,2026-01-31T21:40:57+00:00,82112000-16b4-4f2b-9dee-8ec850f886ea,
85dbe1f6-4d51-4fa8-9961-adc310a716cd,193.68,RON,OMV benzina ref 98218030,2026-01-31T22:29:57+00:00,d3228db7-ef32-4e3e-8fa9-f9f8a84cc34d,
3feed839-59ab-4a30-ad32-17debfd2e4da,160.03,RON,Kaufland ref 93425345,2026-01-31T23:25:57+00:00,818e12e2-7146-4ffe-a877-ba23cf63df5b,
ed4bdf57-a658-4681-ba8a-a5d9f6361bed,84.08,RON,Farmacia Tei ref 58395181,2026-02-01T00:24:57+00:00,d3228db7-ef32-4e3e-8fa9-f9f8a84cc34d,
020bf53b-dfbc-4770-a1fd-f942424d3469,87.19,RON,Lidl ref 13474941,2026-02-01T01:02:57+00:00,02c27ee1-ff57-48d4-82c7-6cf491fd62b9,
e9b92414-c074-4b8a-8e49-0dc6e7134300,50.58,RON,Mega Image ref 74075629,2026-02-01T01:31:57+00:00,97c83e0a-8a40-4c3e-b8e3-ae37cffa9985,
13a16ce2-ff20-4ae7-aa6f-aa7c367b1346,69.26,RON,Mega Image ref 54689542,2026-02-01T02:13:57+00:00,82112000-16b4-4f2b-9dee-8ec850f886ea,
fca0cd72-014d-4114-b8f4-9961d6bdb561,111.33,RON,Glovo ref 24929252,2026-02-01T04:20:57+00:00,02c27ee1-ff57-48d4-82c7-6cf491fd62b9,
e70f56b0-cb72-4630-8ffa-06836b38707b,128.54,RON,Kaufland ref 60203797,2026-02-01T15:11:57+00:00,6e36dc96-4f61-48f4-b69f-4ca617af9323,
10a5b073-b180-4803-9902-5a2ce3dc8702,15.31,RON,Mega Image ref 52047653,2026-02-01T15:37:57+00:00,0e5779ec-be1a-470f-ad83-a4c869f8d3e4,
73ea3d41-8c7e-4e62-acb2-33fbdd53ce88,85.88,RON,Farmacia Tei ref 58798639,2026-02-01T15:42:57+00:00,818e12e2-7146-4ffe-a877-ba23cf63df5b,
f18c5581-3c9b-4b84-8b4a-ddc685096c78,143.15,RON,Kaufland ref 54773484,2026-02-01T18:00:57+00:00,0e5779ec-be1a-470f-ad83-a4c869f8d3e4,
d46c0e42-7757-4514-b1f9-2d401781ee56,103.16,RON,Carrefour ref 46221486,2026-02-01T19:50:57+00:00,12cbffe1-d83b-42c0-8120-8703b8fbd5c6,
f2ab2697-6bed-4374-aa60-2de3e44a75e0,84.26,RON,Mega Image ref 76231653,2026-02-01T21:00:57+00:00,12cbffe1-d83b-42c0-8120-8703b8fbd5c6,
d630dc94-5ce1-41b9-b37f-9b70d60abbbe,66.52,RON,Mega Image ref 30969734,2026-02-01T21:11:57+00:00,33a2f3d5-7d4c-460f-ba3e-5b7745b7b856,
53bc649d-a77f-4a76-89f8-d11d65dc0457,81.91,RON,Mega Image ref 31218793,2026-02-01T21:54:57+00:00,82112000-16b4-4f2b-9dee-8ec850f886ea,
1ff49f0a-9435-4cb1-b24a-f3fba016db34,63.18,RON,Lidl ref 22840710,2026-02-02T00:18:57+00:00,0e5779ec-be1a-470f-ad83-a4c869f8d3e4,
ca54c1d7-a2ab-4713-a5a7-9d2fd5471932,54.15,RON,Mega Image ref 42513327,2026-02-02T00:42:57+00:00,7bf7bf91-9958-41e0-bb31-0f54e9f410c9,
f7ea0599-00e0-4047-8151-62f1e07fb751,51.79,RON,Mega Image ref 23771734,2026-02-02T02:11:57+00:00,02c27ee1-ff57-48d4-82c7-6cf491fd62b9,
1a115f59-10d7-4164-ae8d-0018a04dac84,25.98,RON,Glovo ref 91971952,2026-02-02T03:07:57+00:00,0e5779ec-be1a-470f-ad83-a4c869f8d3e4,
315e5901-29fe-4693-b588-ff490acf3540,25.76,RON,Glovo ref 71567673,2026-02-02T03:09:57+00:00,97c83e0a-8a40-4c3e-b8e3-ae37cffa9985,
ced5cf5c-253e-4db7-ad64-8e446c00cd31,30.54,RON,Lidl ref 66901361,2026-02-02T03:15:57+00:00,2eb300a6-bd34-43d9-94c9-8697b97c5ba7,
52ee9077-a981-49ad-83f3-6a3645384b24,51.81,RON,Lidl ref 84281776,2026-02-02T03:37:57+00:00,5588e5c9-786a-4f09-8721-a8cedc57f9c8,
d175e415-38ea-464f-9526-5676d9033297,32.36,RON,Lidl ref 20327493,2026-02-02T04:37:57+00:00,d3228db7-ef32-4e3e-8fa9-f9f8a84cc34d,
2326210f-f4da-467c-bb93-c3b81c681abf,146.74,RON,Kaufland ref 34858442,2026-02-02T15:03:57+00:00,97c83e0a-8a40-4c3e-b8e3-ae37cffa9985,
bf64f03d-e974-4e30-9525-b12e04bf1e72,140.2,RON,Kaufland ref 73588103,2026-02-02T15:29:57+00:00,33a2f3d5-7d4c-460f-ba3e-5b7745b7b856,
d86fd87e-c5c4-4e39-868e-e56650ed97a2,24.12,RON,Lidl ref 44234608,2026-02-02T15:42:57+00:00,2eb300a6-bd34-43d9-94c9-8697b97c5ba7,
806272a1-3132-4047-ab22-d9cd685b58a9,29.83,RON,Mega Image ref 73312164,2026-02-02T17:13:57+00:00,02c27ee1-ff57-48d4-82c7-6cf491fd62b9,
e158142d-44e2-4fa0-9f71-0b132b32ae3b,118.91,RON,Carrefour ref 73741039,2026-02-02T17:35:57+00:00,818e12e2-7146-4ffe-a877-ba23cf63df5b,
fc98036a-7394-4e22-b1e2-640c583cb7cb,162.27,RON,OMV benzina ref 59411511,2026-02-02T18:24:57+00:00,56cc310a-2a4b-4ab3-87df-66009aa0bf74,
f92bbf6b-3d80-4d1e-87d1-728d1eaca8dd,115.12,RON,Lidl ref 79039212,2026-02-02T18:33:57+00:00,97c83e0a-8a40-4c3e-b8e3-ae37cffa9985,
87a5e23a-4c0d-474c-b052-924ec7252659,30.63,RON,Mega Image ref 85675955,2026-02-02T19:35:57+00:00,6e36dc96-4f61-48f4-b69f-4ca617af9323,
4453a482-87d7-4df5-9142-7ee8808f891c,98.32,RON,Glovo ref 30556937,2026-02-02T20:09:57+00:00,33a2f3d5-7d4c-460f-ba3e-5b7745b7b856,
6e896265-847a-4fa5-afe7-39dd6260dcbe,145.69,RON,Kaufland ref 98536920,2026-02-02T20:14:57+00:00,aa7898aa-95b2-468b-ac92-275a68599dc4,
a4ee771b-44c7-4551-b29b-b83ab24fe018,76.2,RON,Lidl ref 86812577,2026-02-02T20:18:57+00:00,33a2f3d5-7d4c-460f-ba3e-5b7745b7b856,
061d5212-5ec6-47c8-8475-38d169900a53,89.22,RON,Mega Image ref 84194922,2026-02-02T21:13:57+00:00,12cbffe1-d83b-42c0-8120-8703b8fbd5c6,
019db91e-3c7f-4fd1-93e2-63471ac33967,127.63,RON,Kaufland ref 47014526,2026-02-02T21:22:57+00:00,7bf7bf91-9958-41e0-bb31-0f54e9f410c9,
e2dff5e3-5469-4a36-9cc4-8e9ccace510f,14.72,RON,Mega Image ref 66892333,2026-02-02T22:10:57+00:00,56cc310a-2a4b-4ab3-87df-66009aa0bf74,
4eed56dc-445b-4f7a-802a-f48cada4bbf0,82.22,RON,Kaufland ref 11588786,2026-02-02T23:09:57+00:00,d3228db7-ef32-4e3e-8fa9-f9f8a84cc34d,
a83e64c0-c9b0-488a-b969-150e53da5675,28.14,RON,Mega Image ref 12851606,2026-02-03T00:01:57+00:00,33a2f3d5-7d4c-460f-ba3e-5b7745b7b856,
23c05ef5-3039-40c0-8dba-b3c3b0a20005,50.87,RON,Kaufland ref 89756942,2026-02-03T00:07:57+00:00,56cc310a-2a4b-4ab3-87df-66009aa0bf74,
dea050c6-eb9e-4274-ac6a-37ad81b15db9,53.81,RON,Glovo ref 81721578,2026-02-03T00:09:57+00:00,bdd640fb-0667-4ad1-9c80-317fa3b1799d,
f290dbce-ebe4-4942-a0fa-5874c8bb89c8,44.9,RON,Glovo ref 67142506,2026-02-03T00:36:57+00:00,5588e5c9-786a-4f09-8721-a8cedc57f9c8,
314674a6-967a-4fbb-9404-801d84681060,121.83,RON,Carrefour ref 70945151,2026-02-03T01:22:57+00:00,0e5779ec-be1a-470f-ad83-a4c869f8d3e4,
02b71c51-9fbe-4fb3-a8e3-ac9bc997f2fa,46.37,RON,Lidl ref 90473708,2026-02-03T03:05:57+00:00,0e5779ec-be1a-470f-ad83-a4c869f8d3e4,
d35b8017-3560-4d18-b581-6983b620dfc4,97.49,RON,Farmacia Tei ref 75542688,2026-02-03T04:01:57+00:00,6e36dc96-4f61-48f4-b69f-4ca617af9323,
25e8c83d-8d5d-48d9-a490-31eb3ab7e477,89.04,RON,Glovo ref 28791420,2026-02-03T04:29:57+00:00,02c27ee1-ff57-48d4-82c7-6cf491fd62b9,
20f66bec-0c1c-46d6-9225-5245b4f3723c,54.63,RON,Lidl ref 98383537,2026-02-03T04:35:57+00:00,818e12e2-7146-4ffe-a877-ba23cf63df5b,
49bbafb5-2c02-4f91-a448-fd0ea2964f1e,189.48,RON,Kaufland ref 91282728,2026-02-03T18:26:57+00:00,33a2f3d5-7d4c-460f-ba3e-5b7745b7b856,
caffe132-eeef-4ef0-afe0-665c43f5c5f3,54.89,RON,Kaufland ref 51495842,2026-02-03T18:43:57+00:00,56cc310a-2a4b-4ab3-87df-66009aa0bf74,
cd72da7f-9af7-4848-b3ce-9813449a1d03,121.33,RON,Dedeman ref 84389476,2026-02-03T18:44:57+00:00,02c27ee1-ff57-48d4-82c7-6cf491fd62b9,
bfbbe750-d64d-4cc2-bc55-d4aa813ea36d,89.27,RON,Glovo ref 60541596,2026-02-03T19:02:57+00:00,12cbffe1-d83b-42c0-8120-8703b8fbd5c6,
a904908b-9c3b-4fb9-b043-1feb8a2f93e1,66.53,RON,Glovo ref 75039186,2026-02-03T20:05:57+00:00,82112000-16b4-4f2b-9dee-8ec850f886ea,
77f4d7f9-5105-48a9-a94a-48b326932d95,88.54,RON,Lidl ref 36549575,2026-02-03T21:15:57+00:00,aa7898aa-95b2-468b-ac92-275a68599dc4,
25c0eac3-a286-4f80-b4e0-958b17ded331,116.5,RON,Carrefour ref 90136767,2026-02-03T23:54:57+00:00,56cc310a-2a4b-4ab3-87df-66009aa0bf74,
782b84b7-6d8d-4d5d-8817-ad2a40597ac5,62.35,RON,Farmacia Tei ref 54330835,2026-02-03T23:59:57+00:00,818e12e2-7146-4ffe-a877-ba23cf63df5b,
0ead4e04-a93d-4f91-a6bb-1d3c2cad002a,62.68,RON,Kaufland ref 61723054,2026-02-04T00:43:57+00:00,7bf7bf91-9958-41e0-bb31-0f54e9f410c9,
cfffdd05-0905-43a7-84f7-f400dca143cf,44.16,RON,Lidl ref 56483535,2026-02-04T00:45:57+00:00,33a2f3d5-7d4c-460f-ba3e-5b7745b7b856,
a32a4516-2040-44fb-92be-07c4e784cabe,113.73,RON,Kaufland ref 35986503,2026-02-04T01:43:57+00:00,0e5779ec-be1a-470f-ad83-a4c869f8d3e4,
c36db2ec-eeda-49bc-9c40-6cbe50f370af,50.24,RON,Mega Image ref 75321753,2026-02-04T01:47:57+00:00,aa7898aa-95b2-468b-ac92-275a68599dc4,
0b570720-9cd8-458b-a5a1-c8252a9528c3,58.01,RON,Glovo ref 57648477,2026-02-04T02:54:57+00:00,bdd640fb-0667-4ad1-9c80-317fa3b1799d,
50340715-1706-43cd-9a44-0dee54ddbff4,142.39,RON,Kaufland ref 17080348,2026-02-04T15:37:57+00:00,aa7898aa-95b2-468b-ac92-275a68599dc4,
550d7e31-9523-4c53-afc1-cfaf75d97e42,101.21,RON,Glovo ref 25804131,2026-02-04T15:48:57+00:00,33a2f3d5-7d4c-460f-ba3e-5b7745b7b856,
161f8705-17fc-4e1a-a56b-c1ed989e59e8,109.21,RON,Lidl ref 61094069,2026-02-04T16:06:57+00:00,82112000-16b4-4f2b-9dee-8ec850f886ea,
38958939-9342-409f-b00a-c64c949cd8d4,62.97,RON,Glovo ref 84892608,2026-02-04T18:11:57+00:00,bdd640fb-0667-4ad1-9c80-317fa3b1799d,
832a9431-8dcd-4aca-adf8-6934d1a5d87f,18.07,RON,Mega Image ref 69875567,2026-02-04T18:25:57+00:00,2eb300a6-bd34-43d9-94c9-8697b97c5ba7,
aac16b42-58d6-490d-bf0b-dbdaef9e83f4,197.49,RON,Kaufland ref 25496941,2026-02-04T20:35:57+00:00,02c27ee1-ff57-48d4-82c7-6cf491fd62b9,
8e78646b-7d47-4f43-b4dd-59785c009a69,154.35,RON,Dedeman ref 99242012,2026-02-04T20:57:57+00:00,02c27ee1-ff57-48d4-82c7-6cf491fd62b9,
6691cb08-0125-4ccf-8b21-13c1339985dc,74.96,RON,Glovo ref 64641736,2026-02-04T21:59:57+00:00,818e12e2-7146-4ffe-a877-ba23cf63df5b,
644508f4-d6b9-44a4-aded-a96e69915cb1,234.8,RON,OMV benzina ref 54714291,2026-02-04T22:30:57+00:00,6e36dc96-4f61-48f4-b69f-4ca617af9323,
338deb87-cc8f-484b-8096-e30d64ccfa7c,320.37,RON,OMV benzina ref 17237741,2026-02-04T23:26:57+00:00,33a2f3d5-7d4c-460f-ba3e-5b7745b7b856,
956b212f-4faa-4851-9b95-1652c11ea16b,103.94,RON,Kaufland ref 97470361,2026-02-05T00:06:57+00:00,0e5779ec-be1a-470f-ad83-a4c869f8d3e4,
d5ce0626-d1b6-4755-81d1-d2263cc56af3,270.18,RON,Dedeman ref 17693044,2026-02-05T00:21:57+00:00,0e5779ec-be1a-470f-ad83-a4c869f8d3e4,
2cdb1625-b41f-4721-96af-d9ce799f52c0,68.69,RON,Carrefour ref 69943922,2026-02-05T00:37:57+00:00,aa7898aa-95b2-468b-ac92-275a68599dc4,
d7d86650-f61d-48bf-acaa-2e6e2389f181,55.36,RON,Glovo ref 50799441,2026-02-05T01:37:57+00:00,82112000-16b4-4f2b-9dee-8ec850f886ea,
7168340b-f194-43d4-879e-eb8ef7993edc,76.48,RON,Lidl ref 52773098,2026-02-05T04:28:57+00:00,02c27ee1-ff57-48d4-82c7-6cf491fd62b9,
2697384d-801e-4690-b0c0-7fcc96add4df,6750.29,RON,Salariu,2026-02-05T06:39:57+00:00,,bdd640fb-0667-4ad1-9c80-317fa3b1799d
7b96e2d1-0649-4cf6-bf69-723d584fc85b,24.99,RON,Spotify,2026-02-05T06:39:57+00:00,bdd640fb-0667-4ad1-9c80-317fa3b1799d,
6c0c32f9-0dfa-4e46-9bd3-e8658f381c01,12351.06,RON,Salariu,2026-02-05T06:39:57+00:00,,0e5779ec-be1a-470f-ad83-a4c869f8d3e4
334b92a2-f9fc-4c3f-b206-33885804550b,24.99,RON,Spotify,2026-02-05T06:39:57+00:00,0e5779ec-be1a-470f-ad83-a4c869f8d3e4,
28e9772b-8fd7-4ced-8d65-e32819fbded2,5381.4,RON,Salariu,2026-02-05T06:39:57+00:00,,aa7898aa-95b2-468b-ac92-275a68599dc4
29cb31b1-26ea-445e-a16c-77ace69bf25c,24.99,RON,Spotify,2026-02-05T06:39:57+00:00,aa7898aa-95b2-468b-ac92-275a68599dc4,
6d9935f0-1623-4b47-9e48-15f7113a19a0,5648.15,RON,Salariu,2026-02-05T06:39:57+00:00,,7bf7bf91-9958-41e0-bb31-0f54e9f410c9
126ff5ed-4485-460d-b86a-d0f8fa33dec0,24.99,RON,Spotify,2026-02-05T06:39:57+00:00,7bf7bf91-9958-41e0-bb31-0f54e9f410c9,
c25905bf-994a-404f-8a7a-b509fb04f274,5655.08,RON,Salariu,2026-02-05T06:39:57+00:00,,02c27ee1-ff57-48d4-82c7-6cf491fd62b9
077a5963-3d81-4280-8631-5f2b76e06135,24.99,RON,Spotify,2026-02-05T06:39:57+00:00,02c27ee1-ff57-48d4-82c7-6cf491fd62b9,
8a804fd5-fa7a-47d7-a806-abcc2640dbb1,6060.09,RON,Salariu,2026-02-05T06:39:57+00:00,,56cc310a-2a4b-4ab3-87df-66009aa0bf74
b5c81c42-a7fd-48ef-bca2-8c66a62be74f,24.99,RON,Spotify,2026-02-05T06:39:57+00:00,56cc310a-2a4b-4ab3-87df-66009aa0bf74,
efeef98d-cfa0-4b71-a547-f8186531d59c,8327.13,RON,Salariu,2026-02-05T06:39:57+00:00,,5588e5c9-786a-4f09-8721-a8cedc57f9c8
26b76a5a-a41f-4cd4-b52d-cf246fcf21cb,24.99,RON,Spotify,2026-02-05T06:39:57+00:00,5588e5c9-786a-4f09-8721-a8cedc57f9c8,
35acc14d-2902-4f39-a179-1238d374a16b,10719.62,RON,Salariu,2026-02-05T06:39:57+00:00,,33a2f3d5-7d4c-460f-ba3e-5b7745b7b856
2f74dd9f-14d0-48ec-b4a0-4c333dcd7d87,24.99,RON,Spotify,2026-02-05T06:39:57+00:00,33a2f3d5-7d4c-460f-ba3e-5b7745b7b856,
a5412d3b-09f6-469a-bf62-ca27f7661dec,9195.15,RON,Salariu,2026-02-05T06:39:57+00:00,,6e36dc96-4f61-48f4-b69f-4ca617af9323
eeed8d1d-88ef-40fb-92b5-065165d141dc,24.99,RON,Spotify,2026-02-05T06:39:57+00:00,6e36dc96-4f61-48f4-b69f-4ca617af9323,
f5a7d22e-1f6d-4881-8341-fc1a58728ca3,4272.19,RON,Salariu,2026-02-05T06:39:57+00:00,,2eb300a6-bd34-43d9-94c9-8697b97c5ba7
dedc71d2-8eaa-483b-b5dc-5af3728995b0,24.99,RON,Spotify,2026-02-05T06:39:57+00:00,2eb300a6-bd34-43d9-94c9-8697b97c5ba7,
9bdfc447-0355-4f4f-8c86-fe01ec0c05d7,11834.0,RON,Salariu,2026-02-05T06:39:57+00:00,,818e12e2-7146-4ffe-a877-ba23cf63df5b
db50764b-d607-4401-940e-9c4fb1cce161,24.99,RON,Spotify,2026-02-05T06:39:57+00:00,818e12e2-7146-4ffe-a877-ba23cf63df5b,
cd9f09dd-8348-4399-9fe3-c493aaa718d5,7310.52,RON,Salariu,2026-02-05T06:39:57+00:00,,97c83e0a-8a40-4c3e-b8e3-ae37cffa9985
c686b066-507a-4d80-b7a4-983284762417,24.99,RON,Spotify,2026-02-05T06:39:57+00:00,97c83e0a-8a40-4c3e-b8e3-ae37cffa9985,
b47fe245-edff-4579-aec6-94f6ba198686,4764.6,RON,Salariu,2026-02-05T06:39:57+00:00,,d3228db7-ef32-4e3e-8fa9-f9f8a84cc34d
c92d9929-55e0-4913-a68e-107010593602,24.99,RON,Spotify,2026-02-05T06:39:57+00:00,d3228db7-ef32-4e3e-8fa9-f9f8a84cc34d,
22be6fbe-54f7-4fdd-8435-e3fde93b1616,13610.85,RON,Salariu,2026-02-05T06:39:57+00:00,,12cbffe1-d83b-42c0-8120-8703b8fbd5c6
35af6f5f-cbe0-4cd0-9503-cb8a596755ca,24.99,RON,Spotify,2026-02-05T06:39:57+00:00,12cbffe1-d83b-42c0-8120-8703b8fbd5c6,
6e585dd4-c9ca-4612-95fb-91f7f1b6cd97,11396.61,RON,Salariu,2026-02-05T06:39:57+00:00,,82112000-16b4-4f2b-9dee-8ec850f886ea
72309ee7-e61e-4f20-b223-2a7991f688a4,24.99,RON,Spotify,2026-02-05T06:39:57+00:00,82112000-16b4-4f2b-9dee-8ec850f886ea,
f1603f7f-5812-4d09-99ef-9f8084e3f389,61.32,RON,Mega Image ref 38748039,2026-02-05T15:31:57+00:00,33a2f3d5-7d4c-460f-ba3e-5b7745b7b856,
45f38694-8c71-41d2-b58a-3cf402aad312,63.31,RON,Carrefour ref 44495034,2026-02-05T16:45:57+00:00,12cbffe1-d83b-42c0-8120-8703b8fbd5c6,
5b3b5572-4416-4976-bd93-b67a6e608224,73.85,RON,Farmacia Tei ref 24698809,2026-02-05T16:56:57+00:00,5588e5c9-786a-4f09-8721-a8cedc57f9c8,
2e9a56ad-0885-4e12-8965-c1bf7b8b9925,42.75,RON,Lidl ref 68904995,2026-02-05T17:17:57+00:00,97c83e0a-8a40-4c3e-b8e3-ae37cffa9985,
da1d3dab-54c5-4266-b142-0898998a05a8,37.44,RON,Mega Image ref 72733686,2026-02-05T18:21:57+00:00,0e5779ec-be1a-470f-ad83-a4c869f8d3e4,
204612c0-0d11-4275-953d-549a94a451d7,64.98,RON,Carrefour ref 55648706,2026-02-05T19:02:57+00:00,56cc310a-2a4b-4ab3-87df-66009aa0bf74,
6c8ebc13-dcf9-4f24-aa20-70ec1e892458,39.63,RON,Mega Image ref 48679584,2026-02-05T19:52:57+00:00,d3228db7-ef32-4e3e-8fa9-f9f8a84cc34d,
7dbc5a27-0982-46a4-9526-a8453fdd92d8,17.48,RON,Mega Image ref 29065725,2026-02-05T21:01:57+00:00,2eb300a6-bd34-43d9-94c9-8697b97c5ba7,
2444d301-baeb-486b-b0d0-270fd4d13d55,149.7,RON,Kaufland ref 25578562,2026-02-05T21:37:57+00:00,bdd640fb-0667-4ad1-9c80-317fa3b1799d,
03053c1e-f8fc-431c-925e-db9f6677a979,44.15,RON,Glovo ref 25990732,2026-02-05T22:14:57+00:00,82112000-16b4-4f2b-9dee-8ec850f886ea,
e48c6a7a-9c74-4625-89b8-bbc573344a58,28.81,RON,Mega Image ref 87720615,2026-02-05T22:18:57+00:00,5588e5c9-786a-4f09-8721-a8cedc57f9c8,
9f3f4d91-1a32-4483-8cd3-7b05e51bc4b4,209.84,RON,Kaufland ref 13184937,2026-02-05T22:40:57+00:00,02c27ee1-ff57-48d4-82c7-6cf491fd62b9,
c2c1da39-ead5-4d45-822d-e5edc83c05f5,63.29,RON,Carrefour ref 65353456,2026-02-05T23:36:57+00:00,d3228db7-ef32-4e3e-8fa9-f9f8a84cc34d,
16fd7c70-a960-4d87-ba9d-64d422cdf6a0,242.29,RON,Dedeman ref 22897516,2026-02-06T00:34:57+00:00,7bf7bf91-9958-41e0-bb31-0f54e9f410c9,
8c102bc1-736b-4385-922f-b6b097477da7,39.94,RON,Mega Image ref 38389728,2026-02-06T02:03:57+00:00,7bf7bf91-9958-41e0-bb31-0f54e9f410c9,
b5f59cb0-cf68-4878-8b70-59334cde1b6b,80.74,RON,Carrefour ref 19015987,2026-02-06T02:23:57+00:00,bdd640fb-0667-4ad1-9c80-317fa3b1799d,
f9f4fbcd-6f41-4c23-ab31-b5e740ed4d57,78.07,RON,Farmacia Tei ref 12437415,2026-02-06T02:39:57+00:00,7bf7bf91-9958-41e0-bb31-0f54e9f410c9,
91cfb235-0454-4420-8588-d5c76da2c9e0,114.06,RON,Kaufland ref 54284913,2026-02-06T03:37:57+00:00,7bf7bf91-9958-41e0-bb31-0f54e9f410c9,
8dbf68e6-6f4a-46db-b921-0844c9f0b01a,472.51,RON,Dedeman ref 92198538,2026-02-06T15:46:57+00:00,12cbffe1-d83b-42c0-8120-8703b8fbd5c6,
674dfb85-9ecc-4181-b256-aa65e7eb7bae,102.54,RON,Kaufland ref 67713148,2026-02-06T15:51:57+00:00,7bf7bf91-9958-41e0-bb31-0f54e9f410c9,
2b9fcfff-cd42-43fe-9de6-ccd677b8d600,65.89,RON,Mega Image ref 51821314,2026-02-06T16:01:57+00:00,12cbffe1-d83b-42c0-8120-8703b8fbd5c6,
08a29c64-5bd7-42c6-9701-817a0760391a,43.38,RON,Carrefour ref 27666163,2026-02-06T16:24:57+00:00,d3228db7-ef32-4e3e-8fa9-f9f8a84cc34d,
0fcca5cc-99c1-410c-b921-fc8c93995413,39.78,RON,Glovo ref 35727682,2026-02-06T17:10:57+00:00,56cc310a-2a4b-4ab3-87df-66009aa0bf74,
c096b9a5-7c15-4753-9b3b-ae0c5e9f4386,99.48,RON,Glovo ref 19751558,2026-02-06T17:43:57+00:00,82112000-16b4-4f2b-9dee-8ec850f886ea,
9fb938e0-776e-43e6-baf3-3cc5b176e71f,13.83,RON,Mega Image ref 39933920,2026-02-06T18:37:57+00:00,0e5779ec-be1a-470f-ad83-a4c869f8d3e4,
4af00db1-00b3-433c-b0bd-c8a64539682f,40.27,RON,Mega Image ref 11958231,2026-02-06T18:38:57+00:00,5588e5c9-786a-4f09-8721-a8cedc57f9c8,
4036d3f7-4dbf-4a86-9b18-0366c500c091,75.38,RON,Kaufland ref 99635765,2026-02-06T20:43:57+00:00,818e12e2-7146-4ffe-a877-ba23cf63df5b,
d39d1b14-0984-47a9-9e0e-28771ae3cbff,106.29,RON,Lidl ref 87061619,2026-02-06T20:54:57+00:00,6e36dc96-4f61-48f4-b69f-4ca617af9323,
ec45449d-4fc5-45fd-ac12-f441cd50883a,44.09,RON,Mega Image ref 91297709,2026-02-06T22:10:57+00:00,56cc310a-2a4b-4ab3-87df-66009aa0bf74,
b8f1209a-4f3c-4adf-a559-2193ad1dacf5,48.09,RON,Glovo ref 23587062,2026-02-06T22:34:57+00:00,33a2f3d5-7d4c-460f-ba3e-5b7745b7b856,
7bdf1546-e4a8-444f-bd94-a6ce6d2616e2,32.75,RON,Glovo ref 32142393,2026-02-06T23:09:57+00:00,7bf7bf91-9958-41e0-bb31-0f54e9f410c9,
98c9c1c4-ea2d-4edd-ac6f-e3974172615b,18.67,RON,Glovo ref 79311893,2026-02-07T00:12:57+00:00,2eb300a6-bd34-43d9-94c9-8697b97c5ba7,
4e13208a-3c24-4426-8d36-e9f935f7a711,351.66,RON,OMV benzina ref 15723491,2026-02-07T00:35:57+00:00,82112000-16b4-4f2b-9dee-8ec850f886ea,
53f8f29c-d64a-4ad9-b952-e0ff89a98630,97.84,RON,Carrefour ref 27016318,2026-02-07T00:56:57+00:00,818e12e2-7146-4ffe-a877-ba23cf63df5b,
d6875a11-824b-4207-8d42-d024117a4942,189.55,RON,OMV benzina ref 56246137,2026-02-07T01:16:57+00:00,5588e5c9-786a-4f09-8721-a8cedc57f9c8,
04f2c8e8-5537-4183-a1e0-5f985cb067a2,75.37,RON,Lidl ref 92067132,2026-02-07T01:50:57+00:00,818e12e2-7146-4ffe-a877-ba23cf63df5b,
310ab62d-a170-4931-b46b-62745fc9f2d7,409.93,RON,OMV benzina ref 73378291,2026-02-07T02:03:57+00:00,12cbffe1-d83b-42c0-8120-8703b8fbd5c6,
50c7c6d7-3398-49e8-a4db-7aa23049fcc0,49.01,RON,Mega Image ref 76379262,2026-02-07T02:50:57+00:00,33a2f3d5-7d4c-460f-ba3e-5b7745b7b856,
a8273de1-8104-448e-99b4-0f602f91867d,57.1,RON,Mega Image ref 24849277,2026-02-07T03:34:57+00:00,97c83e0a-8a40-4c3e-b8e3-ae37cffa9985,
eef157d8-73c1-40ac-a7a4-39ceb9a0831e,57.22,RON,Lidl ref 77376013,2026-02-07T03:41:57+00:00,97c83e0a-8a40-4c3e-b8e3-ae37cffa9985,
70be9630-4a63-43e3-a474-74b31d7d0bb3,191.77,RON,OMV benzina ref 84449447,2026-02-07T14:43:57+00:00,0e5779ec-be1a-470f-ad83-a4c869f8d3e4,
78c292dd-893f-47c7-857d-5b11df93591a,119.96,RON,Carrefour ref 28306628,2026-02-07T14:58:57+00:00,d3228db7-ef32-4e3e-8fa9-f9f8a84cc34d,
b9aaecd5-f2d4-4229-b812-3529ab112442,70.4,RON,Mega Image ref 39605202,2026-02-07T15:32:57+00:00,5588e5c9-786a-4f09-8721-a8cedc57f9c8,
e0138f76-5b26-4f84-bdb0-71dbf761a4e4,104.25,RON,Dedeman ref 57492687,2026-02-07T16:07:57+00:00,97c83e0a-8a40-4c3e-b8e3-ae37cffa9985,
1064f897-e713-4a88-9b44-4ff0f9bd97ea,142.56,RON,Kaufland ref 41420422,2026-02-07T16:47:57+00:00,818e12e2-7146-4ffe-a877-ba23cf63df5b,
d6a3bd96-af11-4c3b-8380-8a1e608440af,51.67,RON,Farmacia Tei ref 56491921,2026-02-07T17:27:57+00:00,82112000-16b4-4f2b-9dee-8ec850f886ea,
df3a098a-ccac-4fb5-9a0c-6c0493cd1291,144.77,RON,Dedeman ref 18397164,2026-02-07T17:52:57+00:00,bdd640fb-0667-4ad1-9c80-317fa3b1799d,
8c2eaa17-276b-44cc-961a-3d1bf9d56a44,39.87,RON,Glovo ref 16631950,2026-02-07T19:24:57+00:00,6e36dc96-4f61-48f4-b69f-4ca617af9323,
6f15656e-a194-4e27-a9a4-7ca4688807e1,23.74,RON,Farmacia Tei ref 30704546,2026-02-07T21:08:57+00:00,2eb300a6-bd34-43d9-94c9-8697b97c5ba7,
0779250a-6544-4313-aea0-5d13a84554c3,21.53,RON,Mega Image ref 95963619,2026-02-07T21:19:57+00:00,bdd640fb-0667-4ad1-9c80-317fa3b1799d,
b2093314-56d0-4ef3-b58a-732875db9c81,81.9,RON,Kaufland ref 13800827,2026-02-07T22:20:57+00:00,7bf7bf91-9958-41e0-bb31-0f54e9f410c9,
6a5fc051-307b-438b-a7f8-5205a27e6f19,51.42,RON,Lidl ref 78593346,2026-02-07T22:28:57+00:00,818e12e2-7146-4ffe-a877-ba23cf63df5b,
32a4a8a4-32f9-4771-8799-7940f9adde7d,68.0,RON,Glovo ref 15892805,2026-02-08T00:37:57+00:00,0e5779ec-be1a-470f-ad83-a4c869f8d3e4,
72847156-2e8c-46bf-9268-b5df95bb6e09,30.82,RON,Mega Image ref 69181497,2026-02-08T02:31:57+00:00,aa7898aa-95b2-468b-ac92-275a68599dc4,
fbac634f-76b5-4231-a6ba-5961b86d30be,50.55,RON,Lidl ref 44130136,2026-02-08T04:00:57+00:00,d3228db7-ef32-4e3e-8fa9-f9f8a84cc34d,
2bda49c1-9a85-4afb-b030-d6d386c3e1d9,210.48,RON,OMV benzina ref 70074543,2026-02-08T14:45:57+00:00,6e36dc96-4f61-48f4-b69f-4ca617af9323,
d8cf6e23-f591-4e59-a9c0-303822cd1168,155.67,RON,Kaufland ref 86044409,2026-02-08T15:34:57+00:00,33a2f3d5-7d4c-460f-ba3e-5b7745b7b856,
fe1a5b41-cb54-462d-92e7-5a21ca07a612,143.55,RON,Lidl ref 30273444,2026-02-08T15:51:57+00:00,82112000-16b4-4f2b-9dee-8ec850f886ea,
503b4078-a39c-4ec6-b746-4c02871854c1,44.43,RON,Mega Image ref 75697427,2026-02-08T15:55:57+00:00,bdd640fb-0667-4ad1-9c80-317fa3b1799d,
fe2e7c0f-1c68-4614-a644-b6f9eab10bcf,27.79,RON,Mega Image ref 62830211,2026-02-08T17:18:57+00:00,aa7898aa-95b2-468b-ac92-275a68599dc4,
dcce49fe-8185-457b-a8e4-2dae7534a974,27.53,RON,Glovo ref 55823741,2026-02-08T17:39:57+00:00,5588e5c9-786a-4f09-8721-a8cedc57f9c8,
b3d45809-c624-4618-a1aa-0c0db0fc171b,18.73,RON,Mega Image ref 41063448,2026-02-08T18:54:57+00:00,6e36dc96-4f61-48f4-b69f-4ca617af9323,
98390b39-bcfd-4669-82e1-22882548d5c9,68.87,RON,Lidl ref 28302557,2026-02-08T19:38:57+00:00,6e36dc96-4f61-48f4-b69f-4ca617af9323,
a7b878a3-aa7f-46af-b86a-eb3a36ead33a,51.4,RON,Mega Image ref 84962155,2026-02-08T20:17:57+00:00,12cbffe1-d83b-42c0-8120-8703b8fbd5c6,
bd31f1c1-8eb8-49fe-8bc0-327a451b5fac,215.5,RON,OMV benzina ref 73451588,2026-02-08T20:23:57+00:00,97c83e0a-8a40-4c3e-b8e3-ae37cffa9985,
da76bedd-89cd-4093-8617-c05bce793f06,74.8,RON,Kaufland ref 69629753,2026-02-08T21:07:57+00:00,2eb300a6-bd34-43d9-94c9-8697b97c5ba7,
c57eaf63-b73c-495c-8081-afdd45027989,185.3,RON,Kaufland ref 26188579,2026-02-08T21:22:57+00:00,6e36dc96-4f61-48f4-b69f-4ca617af9323,
3f20785a-0d2b-4060-8575-91cc58f64fc6,60.9,RON,Mega Image ref 97177835,2026-02-09T00:28:57+00:00,82112000-16b4-4f2b-9dee-8ec850f886ea,
2052a926-69fb-49fd-9a89-a0a6649aa080,34.55,RON,Mega Image ref 26025605,2026-02-09T00:35:57+00:00,97c83e0a-8a40-4c3e-b8e3-ae37cffa9985,
4e19392b-35d2-4dea-afa5-2c8a56a04943,32.6,RON,Mega Image ref 24894008,2026-02-09T00:47:57+00:00,0e5779ec-be1a-470f-ad83-a4c869f8d3e4,
55de5699-0715-47b9-a173-097227fe61a4,82.76,RON,Farmacia Tei ref 52992057,2026-02-09T00:55:57+00:00,d3228db7-ef32-4e3e-8fa9-f9f8a84cc34d,
dd385be5-51ac-431d-bd68-b9dd28f54aeb,100.87,RON,Kaufland ref 58145819,2026-02-09T01:51:57+00:00,12cbffe1-d83b-42c0-8120-8703b8fbd5c6,
7c79fcaa-407e-4385-a851-451ef6f3f137,90.73,RON,Glovo ref 44954239,2026-02-09T03:51:57+00:00,82112000-16b4-4f2b-9dee-8ec850f886ea,
430493f0-d7c7-43b7-ad13-68f305808066,71.13,RON,Kaufland ref 36305005,2026-02-09T04:14:57+00:00,0e5779ec-be1a-470f-ad83-a4c869f8d3e4,
5d380561-931e-4656-841e-2ee4dd0f589b,58.19,RON,Mega Image ref 10293374,2026-02-09T04:36:57+00:00,33a2f3d5-7d4c-460f-ba3e-5b7745b7b856,
ea7f7f6b-f044-41b6-a4b0-4a656e81a8a3,76.71,RON,Lidl ref 14982996,2026-02-09T16:08:57+00:00,56cc310a-2a4b-4ab3-87df-66009aa0bf74,
cebbdf91-7c7d-4f90-995e-f944c64be810,24.76,RON,Glovo ref 13156663,2026-02-09T16:16:57+00:00,7bf7bf91-9958-41e0-bb31-0f54e9f410c9,
8a86bbcf-088a-43fd-b7eb-0070e14c6307,153.75,RON,Kaufland ref 18781915,2026-02-09T17:06:57+00:00,818e12e2-7146-4ffe-a877-ba23cf63df5b,
516546ca-5fcf-4219-b1c1-2d4b60d16c16,33.95,RON,Glovo ref 81478283,2026-02-09T17:29:57+00:00,0e5779ec-be1a-470f-ad83-a4c869f8d3e4,
b8beb962-8544-4cb3-b8f7-87f4262261d9,72.98,RON,Glovo ref 70912236,2026-02-09T18:08:57+00:00,33a2f3d5-7d4c-460f-ba3e-5b7745b7b856,
2adfc39c-20ab-4324-9b01-ac791b7b9fd1,45.9,RON,Carrefour ref 85068634,2026-02-09T18:10:57+00:00,d3228db7-ef32-4e3e-8fa9-f9f8a84cc34d,
96a04823-2f0d-4582-a92d-1846ff570304,24.71,RON,Mega Image ref 75054513,2026-02-09T20:03:57+00:00,6e36dc96-4f61-48f4-b69f-4ca617af9323,
d92d0883-9582-4e74-b50b-7a360e4a04d8,24.65,RON,Glovo ref 15190583,2026-02-09T20:22:57+00:00,56cc310a-2a4b-4ab3-87df-66009aa0bf74,
72653447-403e-47f6-a26d-6c97c1687428,59.38,RON,Mega Image ref 20254682,2026-02-09T20:51:57+00:00,818e12e2-7146-4ffe-a877-ba23cf63df5b,
2eac9f85-61e4-4a6e-9d50-36a8e990b82e,178.84,RON,Dedeman ref 31956648,2026-02-09T21:17:57+00:00,56cc310a-2a4b-4ab3-87df-66009aa0bf74,
ef5906b5-5564-488a-b4d5-4610ae4b3031,98.42,RON,Carrefour ref 25644993,2026-02-09T21:19:57+00:00,97c83e0a-8a40-4c3e-b8e3-ae37cffa9985,
3bb1591b-2e83-4bbe-95ba-1dfea30e1e97,46.07,RON,Mega Image ref 87607161,2026-02-09T23:22:57+00:00,7bf7bf91-9958-41e0-bb31-0f54e9f410c9,
55ed3280-3bbb-4a48-ae98-f932b6d24c00,127.99,RON,Kaufland ref 22869161,2026-02-10T00:32:57+00:00,6e36dc96-4f61-48f4-b69f-4ca617af9323,
b956908d-c8d3-4588-8a26-a4169490c1a4,36.99,RON,Mega Image ref 10927070,2026-02-10T03:03:57+00:00,5588e5c9-786a-4f09-8721-a8cedc57f9c8,
5f40bbb9-c8c4-4765-be34-6174ea3b3fd6,336.92,RON,Dedeman ref 56235405,2026-02-10T04:00:57+00:00,02c27ee1-ff57-48d4-82c7-6cf491fd62b9,
e7635620-eaef-418c-ae60-b3e1402613bb,335.19,RON,OMV benzina ref 69677601,2026-02-10T04:21:57+00:00,02c27ee1-ff57-48d4-82c7-6cf491fd62b9,
a2fafb69-e35d-4d8b-a8e2-6a151a1b31b1,59.68,RON,Lidl ref 23914184,2026-02-10T16:44:57+00:00,33a2f3d5-7d4c-460f-ba3e-5b7745b7b856,
daec4fee-a29c-43db-bc14-c1e596920f46,40.62,RON,Mega Image ref 41032607,2026-02-10T18:27:57+00:00,56cc310a-2a4b-4ab3-87df-66009aa0bf74,
8bd36f9d-54fd-4b9b-a814-52e78d3ab47c,34.96,RON,Lidl ref 94128390,2026-02-10T18:27:57+00:00,97c83e0a-8a40-4c3e-b8e3-ae37cffa9985,
f2cb4888-7c33-4451-a0fc-fc530e0417be,119.64,RON,Farmacia Tei ref 60562200,2026-02-10T18:36:57+00:00,6e36dc96-4f61-48f4-b69f-4ca617af9323,
98f02d68-0a2c-4d86-b706-0c7aa45617ce,70.23,RON,Glovo ref 10035826,2026-02-10T18:39:57+00:00,6e36dc96-4f61-48f4-b69f-4ca617af9323,
569fed82-67d9-4c59-a30a-14a8d2626cfe,80.67,RON,Glovo ref 43002771,2026-02-10T18:43:57+00:00,5588e5c9-786a-4f09-8721-a8cedc57f9c8,
435b6625-4e7f-447f-b354-f19d3d224110,30.89,RON,Farmacia Tei ref 97161679,2026-02-10T20:36:57+00:00,aa7898aa-95b2-468b-ac92-275a68599dc4,
c33433e0-aa56-4d79-8b75-190c4f26de21,46.32,RON,Glovo ref 51093489,2026-02-10T21:14:57+00:00,7bf7bf91-9958-41e0-bb31-0f54e9f410c9,
adfdc6e7-e3d8-4081-9dd5-121c4457fce3,94.74,RON,Carrefour ref 81954864,2026-02-10T22:59:57+00:00,5588e5c9-786a-4f09-8721-a8cedc57f9c8,
787da6d7-c8df-41f1-94d7-2283ba303cce,75.11,RON,Glovo ref 38083391,2026-02-10T23:16:57+00:00,0e5779ec-be1a-470f-ad83-a4c869f8d3e4,
f6663e93-fd6b-4551-815f-c2b157eb218d,42.43,RON,Farmacia Tei ref 83099179,2026-02-10T23:59:57+00:00,d3228db7-ef32-4e3e-8fa9-f9f8a84cc34d,
53e2e047-2608-4b53-8a22-6cfe4b4f8f74,64.15,RON,Kaufland ref 81869344,2026-02-11T00:16:57+00:00,0e5779ec-be1a-470f-ad83-a4c869f8d3e4,
5f7a0611-300e-4ba6-9403-298279b5634d,20.6,RON,Mega Image ref 13943458,2026-02-11T00:52:57+00:00,33a2f3d5-7d4c-460f-ba3e-5b7745b7b856,
947c4b2e-7557-4e32-b44d-7542de4262c0,112.88,RON,Lidl ref 90004656,2026-02-11T03:13:57+00:00,6e36dc96-4f61-48f4-b69f-4ca617af9323,
f8c43847-5d44-4558-b1c5-24a83cfbdc82,31.25,RON,Glovo ref 63716109,2026-02-11T17:16:57+00:00,2eb300a6-bd34-43d9-94c9-8697b97c5ba7,
3014064f-7f83-45af-b8e4-5b98b163570f,45.88,RON,Kaufland ref 84639070,2026-02-11T17:54:57+00:00,2eb300a6-bd34-43d9-94c9-8697b97c5ba7,
8fdffb43-d12b-4a52-91ae-75aca44d4f78,88.06,RON,Glovo ref 64343950,2026-02-11T17:57:57+00:00,82112000-16b4-4f2b-9dee-8ec850f886ea,
96bfbee0-09a2-4373-b2fd-73447862f1cf,65.28,RON,Carrefour ref 39607195,2026-02-11T18:01:57+00:00,7bf7bf91-9958-41e0-bb31-0f54e9f410c9,
8f95980d-dd99-4345-9fa9-c5f1c336c784,30.27,RON,Mega Image ref 10007168,2026-02-11T18:35:57+00:00,97c83e0a-8a40-4c3e-b8e3-ae37cffa9985,
f04accdc-45b9-4b52-bfac-17b4065f73c1,28.64,RON,Glovo ref 15902440,2026-02-11T22:30:57+00:00,5588e5c9-786a-4f09-8721-a8cedc57f9c8,
358cb45b-94c6-4c91-97a3-de13f276625a,86.59,RON,Lidl ref 79508995,2026-02-11T22:55:57+00:00,12cbffe1-d83b-42c0-8120-8703b8fbd5c6,
68aad7e3-d2e6-4713-8959-73259d366639,40.59,RON,Mega Image ref 24902265,2026-02-11T22:56:57+00:00,2eb300a6-bd34-43d9-94c9-8697b97c5ba7,
e78f980a-331b-438a-a173-a99e4d7e6eeb,84.79,RON,Lidl ref 12578612,2026-02-11T23:39:57+00:00,aa7898aa-95b2-468b-ac92-275a68599dc4,
13fb0fdf-547c-4e4a-a797-e7d69fb731b8,52.74,RON,Glovo ref 15790948,2026-02-12T02:05:57+00:00,818e12e2-7146-4ffe-a877-ba23cf63df5b,
08081d21-8d20-4cf6-953a-2bad148ae202,117.91,RON,Kaufland ref 98504582,2026-02-12T02:27:57+00:00,aa7898aa-95b2-468b-ac92-275a68599dc4,
2544bd53-9673-41c6-afe0-799a6de8065e,97.41,RON,Glovo ref 36549185,2026-02-12T02:38:57+00:00,6e36dc96-4f61-48f4-b69f-4ca617af9323,
8c0708da-6ec8-4311-acf2-19ec72a28739,44.53,RON,Mega Image ref 22406868,2026-02-12T03:30:57+00:00,12cbffe1-d83b-42c0-8120-8703b8fbd5c6,
08a575c4-fd98-4761-b0cc-e1096d37a680,180.94,RON,OMV benzina ref 56648543,2026-02-12T03:51:57+00:00,7bf7bf91-9958-41e0-bb31-0f54e9f410c9,
eb6dce90-2c5f-44e1-a8dc-8e4815c5292c,38.66,RON,Lidl ref 74476041,2026-02-12T04:00:57+00:00,56cc310a-2a4b-4ab3-87df-66009aa0bf74,
dd92dd7c-0db9-47a9-9e91-a71c7374ccbf,55.99,RON,Netflix,2026-02-12T06:39:57+00:00,bdd640fb-0667-4ad1-9c80-317fa3b1799d,
7eaab0a1-f4ac-47ef-b734-d4677bb95b07,55.99,RON,Netflix,2026-02-12T06:39:57+00:00,0e5779ec-be1a-470f-ad83-a4c869f8d3e4,
c8bc1c88-fe60-4c12-9a87-46db8338b815,55.99,RON,Netflix,2026-02-12T06:39:57+00:00,aa7898aa-95b2-468b-ac92-275a68599dc4,
6d3745e8-90a6-4ffe-85bb-fb02f99cf98f,55.99,RON,Netflix,2026-02-12T06:39:57+00:00,7bf7bf91-9958-41e0-bb31-0f54e9f410c9,
ba56d9b0-1111-4859-a094-413d03c82477,55.99,RON,Netflix,2026-02-12T06:39:57+00:00,02c27ee1-ff57-48d4-82c7-6cf491fd62b9,
479c45a9-bfa4-48d4-b1c8-e15b769ae566,55.99,RON,Netflix,2026-02-12T06:39:57+00:00,56cc310a-2a4b-4ab3-87df-66009aa0bf74,
0808f75f-71f4-4d4e-9f33-7ee83f5d81db,55.99,RON,Netflix,2026-02-12T06:39:57+00:00,5588e5c9-786a-4f09-8721-a8cedc57f9c8,
db29818b-3a67-4b6b-ae6d-99c2204838ec,55.99,RON,Netflix,2026-02-12T06:39:57+00:00,33a2f3d5-7d4c-460f-ba3e-5b7745b7b856,
735230ea-b52b-468a-b87f-6169927af8e5,55.99,RON,Netflix,2026-02-12T06:39:57+00:00,6e36dc96-4f61-48f4-b69f-4ca617af9323,
59264350-8cfc-4da2-9973-7aa434325b1e,55.99,RON,Netflix,2026-02-12T06:39:57+00:00,2eb300a6-bd34-43d9-94c9-8697b97c5ba7,
492c4005-7204-488b-8dbe-7f9981e374bc,55.99,RON,Netflix,2026-02-12T06:39:57+00:00,818e12e2-7146-4ffe-a877-ba23cf63df5b,
161f38ce-7a0e-4075-96b7-fe495f7e2169,55.99,RON,Netflix,2026-02-12T06:39:57+00:00,97c83e0a-8a40-4c3e-b8e3-ae37cffa9985,
d2c1911b-09bc-46ae-bd30-b51cc351714e,55.99,RON,Netflix,2026-02-12T06:39:57+00:00,d3228db7-ef32-4e3e-8fa9-f9f8a84cc34d,
05a07135-4531-4115-8b5b-ae9d9da08768,55.99,RON,Netflix,2026-02-12T06:39:57+00:00,12cbffe1-d83b-42c0-8120-8703b8fbd5c6,
afa41890-1b71-4f03-9747-2b7c74ac215b,55.99,RON,Netflix,2026-02-12T06:39:57+00:00,82112000-16b4-4f2b-9dee-8ec850f886ea,
e2f0a58c-525e-4af1-80aa-fc7a8612ae8a,127.78,RON,Kaufland ref 43456605,2026-02-12T15:14:57+00:00,33a2f3d5-7d4c-460f-ba3e-5b7745b7b856,
ff3afc27-a936-46b4-b2d6-f5eb44710551,61.08,RON,Farmacia Tei ref 67343314,2026-02-12T15:17:57+00:00,97c83e0a-8a40-4c3e-b8e3-ae37cffa9985,
89a0b7eb-398f-469b-865c-c2cb085eb489,112.45,RON,Carrefour ref 49203644,2026-02-12T15:29:57+00:00,bdd640fb-0667-4ad1-9c80-317fa3b1799d,
52ac3c4d-c3c4-4672-8244-bfa3fe7e68af,37.08,RON,Mega Image ref 70745662,2026-02-12T16:44:57+00:00,818e12e2-7146-4ffe-a877-ba23cf63df5b,
68bd075b-7eb6-481e-a72f-947d816462cb,88.51,RON,Lidl ref 85374270,2026-02-12T16:51:57+00:00,bdd640fb-0667-4ad1-9c80-317fa3b1799d,
bf4e70d9-b196-4dd3-94a1-dc3284bfe58c,45.48,RON,Carrefour ref 98615080,2026-02-12T17:48:57+00:00,56cc310a-2a4b-4ab3-87df-66009aa0bf74,
5f0a8b79-45fb-491c-8192-c93373cd050a,140.45,RON,Kaufland ref 41343627,2026-02-12T20:05:57+00:00,02c27ee1-ff57-48d4-82c7-6cf491fd62b9,
15538cc9-4444-46bd-8819-a23a7d23fd9a,25.93,RON,Mega Image ref 35891060,2026-02-12T20:25:57+00:00,aa7898aa-95b2-468b-ac92-275a68599dc4,
78a07b63-9599-4349-a42d-52606c19fbe3,287.34,RON,OMV benzina ref 29860189,2026-02-12T20:32:57+00:00,82112000-16b4-4f2b-9dee-8ec850f886ea,
315edbdd-f558-48d1-9cb6-0a2748a406ad,92.48,RON,Kaufland ref 48880999,2026-02-12T20:47:57+00:00,d3228db7-ef32-4e3e-8fa9-f9f8a84cc34d,
6b12bd63-3900-429b-ad2b-667417de253f,30.06,RON,Mega Image ref 65616403,2026-02-12T20:59:57+00:00,02c27ee1-ff57-48d4-82c7-6cf491fd62b9,
23ce9ae9-770f-417f-82e0-f81e08d654fc,65.18,RON,Lidl ref 53325720,2026-02-12T21:21:57+00:00,2eb300a6-bd34-43d9-94c9-8697b97c5ba7,
986befbb-d5a0-49a4-b68b-3b3d0b1b8ee1,56.67,RON,Glovo ref 67189038,2026-02-12T22:44:57+00:00,d3228db7-ef32-4e3e-8fa9-f9f8a84cc34d,
7acf4115-3481-4e0e-84e8-f1d9f5733d18,124.39,RON,Carrefour ref 69002986,2026-02-12T23:01:57+00:00,33a2f3d5-7d4c-460f-ba3e-5b7745b7b856,
7f5d43dd-238c-4c9f-9f4b-5e189ef211ff,46.36,RON,Glovo ref 13259447,2026-02-13T00:07:57+00:00,12cbffe1-d83b-42c0-8120-8703b8fbd5c6,
053f349f-a290-4eda-b84e-c60d5b932aef,79.85,RON,Glovo ref 28792282,2026-02-13T00:36:57+00:00,02c27ee1-ff57-48d4-82c7-6cf491fd62b9,
bc3f1ed3-7db1-4272-92fb-86828f45dd4c,67.47,RON,Kaufland ref 93274386,2026-02-13T02:42:57+00:00,56cc310a-2a4b-4ab3-87df-66009aa0bf74,
d4ba35b2-95b3-44dd-b50b-07b54ded94f4,324.11,RON,OMV benzina ref 87245127,2026-02-13T03:27:57+00:00,33a2f3d5-7d4c-460f-ba3e-5b7745b7b856,
326cf871-48a1-451b-b337-24bde448e32e,239.82,RON,OMV benzina ref 51456118,2026-02-13T04:21:57+00:00,5588e5c9-786a-4f09-8721-a8cedc57f9c8,
5f540fc9-114e-44fa-b245-84ac358a36cb,138.49,RON,Lidl ref 90001444,2026-02-13T15:18:57+00:00,33a2f3d5-7d4c-460f-ba3e-5b7745b7b856,
8718ca8c-0d73-4682-81ae-4398ec4ae77d,181.77,RON,Kaufland ref 60585787,2026-02-13T15:33:57+00:00,12cbffe1-d83b-42c0-8120-8703b8fbd5c6,
a645c83e-6033-4315-a3fb-aa032f90d560,179.63,RON,Kaufland ref 84342276,2026-02-13T16:06:57+00:00,33a2f3d5-7d4c-460f-ba3e-5b7745b7b856,
391c41c1-daa9-4631-87b3-3ac1f236721b,80.91,RON,Kaufland ref 31557315,2026-02-13T16:49:57+00:00,6e36dc96-4f61-48f4-b69f-4ca617af9323,
eb5be399-4a90-4e05-b493-e7cedc9ec2b3,79.97,RON,Glovo ref 87967438,2026-02-13T17:10:57+00:00,6e36dc96-4f61-48f4-b69f-4ca617af9323,
18d2acf2-1b3b-4814-ab03-1a0bf7d85067,31.67,RON,Mega Image ref 48639077,2026-02-13T17:22:57+00:00,97c83e0a-8a40-4c3e-b8e3-ae37cffa9985,
993bc04f-b6e0-4668-851b-e4734d356704,76.31,RON,Mega Image ref 82941480,2026-02-13T17:43:57+00:00,33a2f3d5-7d4c-460f-ba3e-5b7745b7b856,
366c6b8a-2c92-46a4-8022-e192e6a4ee0e,81.47,RON,Carrefour ref 28903037,2026-02-13T19:22:57+00:00,02c27ee1-ff57-48d4-82c7-6cf491fd62b9,
fe906f50-99f4-48d2-967d-6d1737ac276f,236.92,RON,OMV benzina ref 31923013,2026-02-13T23:38:57+00:00,6e36dc96-4f61-48f4-b69f-4ca617af9323,
6b493c5e-b424-4cf3-aa7c-2cfc4239433a,13.8,RON,Mega Image ref 49075648,2026-02-14T00:14:57+00:00,56cc310a-2a4b-4ab3-87df-66009aa0bf74,
afcfa5ad-e63d-48a2-af06-4b326dc1979e,41.82,RON,Mega Image ref 78579890,2026-02-14T00:18:57+00:00,2eb300a6-bd34-43d9-94c9-8697b97c5ba7,
b91d8c4c-0278-4c40-934e-2bd9dd1ad072,24.73,RON,Mega Image ref 21728894,2026-02-14T00:30:57+00:00,aa7898aa-95b2-468b-ac92-275a68599dc4,
d65d7815-c61c-49b4-b5b7-8c754d219a3c,86.32,RON,Lidl ref 46151981,2026-02-14T00:33:57+00:00,02c27ee1-ff57-48d4-82c7-6cf491fd62b9,
a0ab3e0b-4205-4ca4-bee4-ba9e341ef8e3,32.78,RON,Carrefour ref 10968666,2026-02-14T02:45:57+00:00,d3228db7-ef32-4e3e-8fa9-f9f8a84cc34d,
5f96600d-2d56-4616-930c-d65b3e32b1b4,90.48,RON,Lidl ref 24367955,2026-02-14T02:47:57+00:00,aa7898aa-95b2-468b-ac92-275a68599dc4,
a049d164-952f-4d11-a7ff-97ca12049b0a,262.83,RON,OMV benzina ref 92874168,2026-02-14T03:00:57+00:00,aa7898aa-95b2-468b-ac92-275a68599dc4,
4b88445a-1582-4e78-806a-5949226378ab,37.79,RON,Glovo ref 21376149,2026-02-14T04:02:57+00:00,0e5779ec-be1a-470f-ad83-a4c869f8d3e4,
172b4cb0-b795-4197-91ac-3f5f27a7a26f,58.77,RON,Mega Image ref 94766783,2026-02-14T04:36:57+00:00,82112000-16b4-4f2b-9dee-8ec850f886ea,
54bc0607-b85b-41c2-9c50-ff9e4ecce990,73.21,RON,Kaufland ref 26913988,2026-02-14T14:56:57+00:00,02c27ee1-ff57-48d4-82c7-6cf491fd62b9,
400d972f-abd0-4d12-8faa-cef77204e7e1,45.76,RON,Glovo ref 38033411,2026-02-14T15:45:57+00:00,33a2f3d5-7d4c-460f-ba3e-5b7745b7b856,
f38e6bc3-b7df-452c-9779-e7d02f81d4b2,57.78,RON,Mega Image ref 20892520,2026-02-14T16:51:57+00:00,aa7898aa-95b2-468b-ac92-275a68599dc4,
2a1f7077-470d-4b46-a982-c35f03d38568,85.15,RON,Farmacia Tei ref 60844847,2026-02-14T17:32:57+00:00,02c27ee1-ff57-48d4-82c7-6cf491fd62b9,
f5b7b90d-f95f-4e4b-9511-a8f14ee4b57f,49.89,RON,Glovo ref 59012697,2026-02-14T17:33:57+00:00,818e12e2-7146-4ffe-a877-ba23cf63df5b,
c16a9989-80d3-4fe9-8f7a-446907591b86,44.11,RON,Mega Image ref 92724106,2026-02-14T19:43:57+00:00,2eb300a6-bd34-43d9-94c9-8697b97c5ba7,
da738817-140f-4b24-bcc9-66c63c19ef42,61.16,RON,Kaufland ref 50226350,2026-02-14T21:22:57+00:00,7bf7bf91-9958-41e0-bb31-0f54e9f410c9,
630bf0db-1454-478f-b78b-f29d0cccb5c6,235.15,RON,OMV benzina ref 38215122,2026-02-14T21:29:57+00:00,aa7898aa-95b2-468b-ac92-275a68599dc4,
588ac85e-6249-4539-9346-c306fb5f884e,85.39,RON,Glovo ref 17465350,2026-02-14T21:33:57+00:00,82112000-16b4-4f2b-9dee-8ec850f886ea,
a6ed55f1-f96f-4fcf-8392-5ad8e4cfdf66,52.18,RON,Carrefour ref 14036983,2026-02-14T22:43:57+00:00,97c83e0a-8a40-4c3e-b8e3-ae37cffa9985,
ed9c52a7-95bf-40b2-b4e9-80e0d8894465,59.69,RON,Glovo ref 47821028,2026-02-14T23:00:57+00:00,02c27ee1-ff57-48d4-82c7-6cf491fd62b9,
e4b58879-3acd-45f3-8f92-559ed2fb372c,59.92,RON,Mega Image ref 60377236,2026-02-14T23:00:57+00:00,82112000-16b4-4f2b-9dee-8ec850f886ea,
d48f842b-e2d8-4847-ad34-cd77a59040c7,119.76,RON,Kaufland ref 12610868,2026-02-15T00:05:57+00:00,56cc310a-2a4b-4ab3-87df-66009aa0bf74,
5ca00738-17de-4c8c-acf4-a6ef727ec8dc,44.23,RON,Glovo ref 54011245,2026-02-15T02:10:57+00:00,d3228db7-ef32-4e3e-8fa9-f9f8a84cc34d,
f38916be-497f-44ec-961a-a61239c62c68,39.76,RON,Glovo ref 46670575,2026-02-15T02:17:57+00:00,2eb300a6-bd34-43d9-94c9-8697b97c5ba7,
ecdf2959-9d68-43d9-adb5-56bd6b5e36dd,95.55,RON,Lidl ref 93154667,2026-02-15T02:48:57+00:00,d3228db7-ef32-4e3e-8fa9-f9f8a84cc34d,
74decbb3-71d3-4f0a-a2d1-61e99aee6fdf,29.78,RON,Mega Image ref 87023811,2026-02-15T15:10:57+00:00,2eb300a6-bd34-43d9-94c9-8697b97c5ba7,
7a825606-516d-478a-aaa4-9b3d45c81af1,95.22,RON,Carrefour ref 91335378,2026-02-15T15:30:57+00:00,56cc310a-2a4b-4ab3-87df-66009aa0bf74,
1bdc1710-402d-431b-9042-d611a0b55c15,59.58,RON,Glovo ref 41389041,2026-02-15T17:10:57+00:00,5588e5c9-786a-4f09-8721-a8cedc57f9c8,
d7b4db17-4b65-4517-9519-613ce6c71f15,120.17,RON,Kaufland ref 58196637,2026-02-15T17:55:57+00:00,0e5779ec-be1a-470f-ad83-a4c869f8d3e4,
b33109f5-3078-43d0-b904-6be7934fa5c8,153.91,RON,OMV benzina ref 82745798,2026-02-15T17:55:57+00:00,aa7898aa-95b2-468b-ac92-275a68599dc4,
aefc6ef1-c4bb-4ace-90c8-da67bec62bbe,42.2,RON,Glovo ref 50629797,2026-02-15T18:22:57+00:00,0e5779ec-be1a-470f-ad83-a4c869f8d3e4,
2152bb79-84cf-4e64-81f8-fc53f17dcf2b,60.27,RON,Farmacia Tei ref 97243106,2026-02-15T18:37:57+00:00,33a2f3d5-7d4c-460f-ba3e-5b7745b7b856,
1e0d02b5-fe74-42cd-9d83-ad037066e289,253.94,RON,OMV benzina ref 21674661,2026-02-15T19:01:57+00:00,bdd640fb-0667-4ad1-9c80-317fa3b1799d,
019dc12d-81f1-4d04-af57-6e777148c007,46.04,RON,Mega Image ref 18223029,2026-02-15T19:25:57+00:00,aa7898aa-95b2-468b-ac92-275a68599dc4,
8bc85d37-09cc-4f1a-9c38-7c2a1243e838,171.64,RON,OMV benzina ref 25916596,2026-02-15T19:38:57+00:00,0e5779ec-be1a-470f-ad83-a4c869f8d3e4,
1f96431f-cf32-427b-96cf-6f1caff77e48,47.7,RON,Mega Image ref 95301122,2026-02-15T21:19:57+00:00,97c83e0a-8a40-4c3e-b8e3-ae37cffa9985,
fc3579a6-f1ac-40e5-9110-bd615822e787,151.83,RON,Kaufland ref 96226610,2026-02-15T21:42:57+00:00,818e12e2-7146-4ffe-a877-ba23cf63df5b,
a162b2bf-4082-4b42-9374-bf259ab12916,58.11,RON,Mega Image ref 97868694,2026-02-15T22:42:57+00:00,12cbffe1-d83b-42c0-8120-8703b8fbd5c6,
c1967fa6-15a6-4cef-acca-6c62baff8ac1,31.54,RON,Glovo ref 60850060,2026-02-16T02:06:57+00:00,2eb300a6-bd34-43d9-94c9-8697b97c5ba7,
29949775-3a4b-40e3-bdf2-6dafc19bf990,32.85,RON,Glovo ref 53138308,2026-02-16T02:43:57+00:00,aa7898aa-95b2-468b-ac92-275a68599dc4,
6101f8a9-3265-430f-8554-6ad09d625af8,81.68,RON,Kaufland ref 30621316,2026-02-16T02:49:57+00:00,82112000-16b4-4f2b-9dee-8ec850f886ea,
d4e0097e-0e05-4305-8527-dbd9cac965b7,37.22,RON,Glovo ref 53945141,2026-02-16T03:34:57+00:00,97c83e0a-8a40-4c3e-b8e3-ae37cffa9985,
3783d063-dbed-440f-bde3-b8efe7772cc1,226.9,RON,Dedeman ref 20060841,2026-02-16T03:38:57+00:00,97c83e0a-8a40-4c3e-b8e3-ae37cffa9985,
6e1ab11a-d155-4475-8172-494f9eae2feb,71.73,RON,Carrefour ref 18107284,2026-02-16T16:10:57+00:00,aa7898aa-95b2-468b-ac92-275a68599dc4,
89011a2a-ab97-454b-91bf-2005f7e1ffb5,86.79,RON,Mega Image ref 73486805,2026-02-16T16:27:57+00:00,12cbffe1-d83b-42c0-8120-8703b8fbd5c6,
908cf386-2ddf-4cdd-8fa5-ee938e2f172e,88.01,RON,Lidl ref 99623823,2026-02-16T16:28:57+00:00,33a2f3d5-7d4c-460f-ba3e-5b7745b7b856,
e34f4ca7-243f-422f-8b7f-9f848bfd183e,173.07,RON,Kaufland ref 50615055,2026-02-16T16:41:57+00:00,82112000-16b4-4f2b-9dee-8ec850f886ea,
0f5492bd-bdfd-4767-9d02-7966c6713eeb,32.6,RON,Kaufland ref 71768932,2026-02-16T17:10:57+00:00,2eb300a6-bd34-43d9-94c9-8697b97c5ba7,
f9ac5e16-9770-4f7c-bb32-dba47dfdda7f,118.07,RON,Farmacia Tei ref 47625585,2026-02-16T17:25:57+00:00,33a2f3d5-7d4c-460f-ba3e-5b7745b7b856,
29397928-a20b-4299-9508-4a542c09d7d9,82.2,RON,Kaufland ref 86766291,2026-02-16T18:24:57+00:00,5588e5c9-786a-4f09-8721-a8cedc57f9c8,
47f53019-8843-4de2-99cf-0b0d91f0647d,32.92,RON,Glovo ref 17966873,2026-02-16T18:31:57+00:00,bdd640fb-0667-4ad1-9c80-317fa3b1799d,
e3fb7b87-a7a3-4c7a-81c9-a46487d22e31,29.96,RON,Mega Image ref 42315695,2026-02-16T19:31:57+00:00,aa7898aa-95b2-468b-ac92-275a68599dc4,
7429a202-9b4e-4fb0-8008-125583922b0f,32.97,RON,Lidl ref 92519969,2026-02-16T20:44:57+00:00,56cc310a-2a4b-4ab3-87df-66009aa0bf74,
a4897d75-3255-4b16-b06d-8deeb10a8ef0,27.23,RON,Mega Image ref 92357034,2026-02-16T21:37:57+00:00,6e36dc96-4f61-48f4-b69f-4ca617af9323,
b834a149-afe0-4f6d-a6ab-74ade4c1b6ef,78.19,RON,Carrefour ref 29680026,2026-02-16T23:47:57+00:00,56cc310a-2a4b-4ab3-87df-66009aa0bf74,
362cd88b-1f77-4c32-927b-c0e4b2dc77f1,27.33,RON,Glovo ref 71877858,2026-02-17T00:29:57+00:00,5588e5c9-786a-4f09-8721-a8cedc57f9c8,
d572d408-3e11-4b31-9b82-8fabc0c36528,94.36,RON,Carrefour ref 42828067,2026-02-17T00:38:57+00:00,7bf7bf91-9958-41e0-bb31-0f54e9f410c9,
e5a54d86-862e-41e2-8d0e-a4abd5a1a859,84.26,RON,Lidl ref 88548401,2026-02-17T01:53:57+00:00,5588e5c9-786a-4f09-8721-a8cedc57f9c8,
afacbea6-f9b7-4f30-a654-63ad0a008974,51.74,RON,Mega Image ref 64903122,2026-02-17T02:27:57+00:00,818e12e2-7146-4ffe-a877-ba23cf63df5b,
65e653b9-413d-44e0-9363-3d858eea2b85,58.79,RON,Kaufland ref 16051542,2026-02-17T03:16:57+00:00,818e12e2-7146-4ffe-a877-ba23cf63df5b,
3031cbca-3eff-49f9-ac31-a0ecc95f6d52,83.17,RON,Lidl ref 51763847,2026-02-17T03:23:57+00:00,12cbffe1-d83b-42c0-8120-8703b8fbd5c6,
0d91599c-6d90-43ee-828d-13abc33b7e68,79.51,RON,Glovo ref 61545284,2026-02-17T04:14:57+00:00,97c83e0a-8a40-4c3e-b8e3-ae37cffa9985,
c523b4e9-022f-46bb-82d9-c5d7e991e6d5,128.87,RON,Kaufland ref 82897088,2026-02-17T04:27:57+00:00,0e5779ec-be1a-470f-ad83-a4c869f8d3e4,
f1068b87-8415-48a2-a53d-c4e31314847d,26.02,RON,Mega Image ref 76127947,2026-02-17T14:39:57+00:00,56cc310a-2a4b-4ab3-87df-66009aa0bf74,
05a18c6e-4686-4e3a-bae3-18768d3a39f0,76.35,RON,Lidl ref 33890155,2026-02-17T15:44:57+00:00,97c83e0a-8a40-4c3e-b8e3-ae37cffa9985,
61e839c5-67f7-4e75-a65c-61892d146d39,91.17,RON,Glovo ref 89234132,2026-02-17T16:01:57+00:00,02c27ee1-ff57-48d4-82c7-6cf491fd62b9,
6842e7f5-1646-49a4-8d52-329406c4f4a2,110.23,RON,Lidl ref 27585470,2026-02-17T18:49:57+00:00,02c27ee1-ff57-48d4-82c7-6cf491fd62b9,
87eed0d5-874f-446d-93c8-1932e24735e6,70.99,RON,Glovo ref 72489168,2026-02-17T19:32:57+00:00,82112000-16b4-4f2b-9dee-8ec850f886ea,
d6e3bec0-dd9f-4016-96fd-9d6a63c6bb64,235.78,RON,OMV benzina ref 27201333,2026-02-17T20:40:57+00:00,d3228db7-ef32-4e3e-8fa9-f9f8a84cc34d,
286e3525-714f-4a88-9734-9175999fc68a,91.59,RON,Kaufland ref 92844097,2026-02-17T21:04:57+00:00,02c27ee1-ff57-48d4-82c7-6cf491fd62b9,
325453b6-e86a-4424-ba9e-d8f9efec4d81,116.38,RON,Lidl ref 54249071,2026-02-17T21:18:57+00:00,12cbffe1-d83b-42c0-8120-8703b8fbd5c6,
c134ad87-e352-4187-90ad-fa1ffe1de3e1,70.7,RON,Carrefour ref 79277482,2026-02-17T23:40:57+00:00,97c83e0a-8a40-4c3e-b8e3-ae37cffa9985,
9e774063-98b4-4588-9018-01cc9620a685,90.4,RON,Lidl ref 13884898,2026-02-18T02:14:57+00:00,d3228db7-ef32-4e3e-8fa9-f9f8a84cc34d,
5c89f06e-ea1b-448f-aa94-d306c5798f5d,17.51,RON,Mega Image ref 88938629,2026-02-18T02:22:57+00:00,aa7898aa-95b2-468b-ac92-275a68599dc4,
a69ed347-3fbe-425d-94d9-85c6436f8858,35.84,RON,Glovo ref 21931660,2026-02-18T02:53:57+00:00,818e12e2-7146-4ffe-a877-ba23cf63df5b,
0b8a93b1-26b6-49a6-af58-a84801f169fb,58.04,RON,Mega Image ref 58089112,2026-02-18T14:58:57+00:00,02c27ee1-ff57-48d4-82c7-6cf491fd62b9,
e44690fd-ae5a-46f4-aa85-0dc269350830,66.52,RON,Mega Image ref 61180656,2026-02-18T15:07:57+00:00,33a2f3d5-7d4c-460f-ba3e-5b7745b7b856,
ecc071b4-7bea-48ea-a908-843f46bede46,84.99,RON,Lidl ref 31773482,2026-02-18T17:39:57+00:00,d3228db7-ef32-4e3e-8fa9-f9f8a84cc34d,
cffe9499-77d7-41ab-8259-de970673f2ef,75.26,RON,Kaufland ref 43296039,2026-02-18T17:45:57+00:00,d3228db7-ef32-4e3e-8fa9-f9f8a84cc34d,
d6c8cdd4-1f01-4085-b727-a7a5f89f057b,204.16,RON,Kaufland ref 14431462,2026-02-18T17:47:57+00:00,02c27ee1-ff57-48d4-82c7-6cf491fd62b9,
e6f93867-59d5-4250-9bf0-35bb6ee948ff,41.93,RON,Lidl ref 49026977,2026-02-18T18:26:57+00:00,97c83e0a-8a40-4c3e-b8e3-ae37cffa9985,
23699b8f-1a9e-41e4-aefb-5906d2da0a09,73.04,RON,Carrefour ref 84115658,2026-02-18T18:44:57+00:00,97c83e0a-8a40-4c3e-b8e3-ae37cffa9985,
5274ee11-b61d-4906-a570-35db3fead90a,76.23,RON,Lidl ref 27809465,2026-02-18T19:34:57+00:00,bdd640fb-0667-4ad1-9c80-317fa3b1799d,
ef67e86a-b93a-402f-ba1e-827ab91340e3,43.91,RON,Glovo ref 91260613,2026-02-18T20:11:57+00:00,7bf7bf91-9958-41e0-bb31-0f54e9f410c9,
c531e074-dbd1-492c-9ca3-2e67670d0f86,105.93,RON,OMV benzina ref 13395347,2026-02-18T20:34:57+00:00,2eb300a6-bd34-43d9-94c9-8697b97c5ba7,
e2c38f89-f4e2-4ffb-82fd-089927aa6b24,44.87,RON,Mega Image ref 19445258,2026-02-18T21:12:57+00:00,2eb300a6-bd34-43d9-94c9-8697b97c5ba7,
c3022e17-c2ce-454c-ac98-6218e14f5dd1,45.47,RON,Glovo ref 26537057,2026-02-18T22:16:57+00:00,56cc310a-2a4b-4ab3-87df-66009aa0bf74,
6aedb75b-50ce-4c73-8bf4-96e601cf194a,54.83,RON,Mega Image ref 62423804,2026-02-18T22:20:57+00:00,5588e5c9-786a-4f09-8721-a8cedc57f9c8,
7d49e8f9-39c7-42ee-9e76-77dd5fa8f48a,102.16,RON,Farmacia Tei ref 38406702,2026-02-18T23:54:57+00:00,02c27ee1-ff57-48d4-82c7-6cf491fd62b9,
fb851066-06f9-4e33-8d78-30e270ec3df4,64.09,RON,Glovo ref 79855879,2026-02-19T01:19:57+00:00,82112000-16b4-4f2b-9dee-8ec850f886ea,
41115c81-5ccd-43e9-ad53-19491952eb8b,133.69,RON,Lidl ref 66282309,2026-02-19T03:10:57+00:00,82112000-16b4-4f2b-9dee-8ec850f886ea,
944d620f-0842-4db2-832f-90853e07fa03,97.9,RON,Lidl ref 55680391,2026-02-19T03:38:57+00:00,6e36dc96-4f61-48f4-b69f-4ca617af9323,
deb4b9ae-f82b-45e2-b8d1-b7d5ffdc690c,50.93,RON,Lidl ref 51018867,2026-02-19T04:20:57+00:00,56cc310a-2a4b-4ab3-87df-66009aa0bf74,
1ae8edff-9a61-4852-a4d4-ec8d7212c89b,123.7,RON,Kaufland ref 58456989,2026-02-19T14:43:57+00:00,82112000-16b4-4f2b-9dee-8ec850f886ea,
27f3b5fe-a7e0-4a21-b847-ee3401f71917,209.71,RON,OMV benzina ref 18910699,2026-02-19T15:18:57+00:00,d3228db7-ef32-4e3e-8fa9-f9f8a84cc34d,
19758e62-6e27-4881-9772-8c55a5e55d3a,62.88,RON,Kaufland ref 88083477,2026-02-19T15:20:57+00:00,02c27ee1-ff57-48d4-82c7-6cf491fd62b9,
b0f732d8-0fab-4fb8-a10b-f60a720f1c3d,73.76,RON,Glovo ref 86639255,2026-02-19T16:45:57+00:00,7bf7bf91-9958-41e0-bb31-0f54e9f410c9,
170c8a75-d95d-4ba1-a8cb-1472663119f0,54.24,RON,Carrefour ref 66121011,2026-02-19T18:36:57+00:00,818e12e2-7146-4ffe-a877-ba23cf63df5b,
839d8c61-1061-4bba-be02-bf27b3341bf8,71.31,RON,Mega Image ref 47684709,2026-02-19T20:03:57+00:00,02c27ee1-ff57-48d4-82c7-6cf491fd62b9,
ae67cc6c-64d1-4a12-8c48-38eed367dbb7,158.78,RON,Carrefour ref 77505520,2026-02-19T21:17:57+00:00,6e36dc96-4f61-48f4-b69f-4ca617af9323,
5732af79-b7d3-447f-8fe2-6f045847367b,70.76,RON,Mega Image ref 17459238,2026-02-19T21:24:57+00:00,12cbffe1-d83b-42c0-8120-8703b8fbd5c6,
9de6ec59-fa23-4ec8-95e9-e0199a9b2c83,117.89,RON,OMV benzina ref 87416904,2026-02-19T21:29:57+00:00,56cc310a-2a4b-4ab3-87df-66009aa0bf74,
83b21b18-b130-488b-804c-fbd578a5e0ed,116.85,RON,Carrefour ref 25904783,2026-02-19T21:39:57+00:00,56cc310a-2a4b-4ab3-87df-66009aa0bf74,
37044ccd-f2aa-40b2-8622-0c020227e5cb,88.06,RON,Farmacia Tei ref 72614227,2026-02-19T22:10:57+00:00,33a2f3d5-7d4c-460f-ba3e-5b7745b7b856,
cb3e75c7-4920-4a02-801e-d5203a1669da,209.51,RON,Carrefour ref 29143006,2026-02-19T22:16:57+00:00,02c27ee1-ff57-48d4-82c7-6cf491fd62b9,
20db4294-dfae-4803-93d7-97e723923df4,41.58,RON,Mega Image ref 60291405,2026-02-19T22:33:57+00:00,0e5779ec-be1a-470f-ad83-a4c869f8d3e4,
53c93ae7-7cf0-4bb3-b343-d9eb7466ef02,36.89,RON,Glovo ref 59535894,2026-02-19T23:26:57+00:00,bdd640fb-0667-4ad1-9c80-317fa3b1799d,
af67e1a2-4171-44dc-b0b8-5953d74d515f,65.83,RON,Glovo ref 25312753,2026-02-19T23:54:57+00:00,33a2f3d5-7d4c-460f-ba3e-5b7745b7b856,
057d355e-0571-4362-9140-d93b08f371a2,58.98,RON,Mega Image ref 21766447,2026-02-20T00:07:57+00:00,818e12e2-7146-4ffe-a877-ba23cf63df5b,
6bdef411-8f3f-4e1d-8125-80797b67e19e,43.18,RON,Glovo ref 10762007,2026-02-20T02:22:57+00:00,6e36dc96-4f61-48f4-b69f-4ca617af9323,
f68a6338-fd3c-44e3-9ab6-d603ffb7e2f0,109.63,RON,Lidl ref 22522362,2026-02-20T02:43:57+00:00,33a2f3d5-7d4c-460f-ba3e-5b7745b7b856,
2cabf20b-a2d3-4b38-b238-fd5853f41126,61.46,RON,Lidl ref 39413080,2026-02-20T04:03:57+00:00,97c83e0a-8a40-4c3e-b8e3-ae37cffa9985,
755cee2a-f8de-4777-bb1e-5ae817d821b8,45.0,RON,Digi internet,2026-02-20T06:39:57+00:00,bdd640fb-0667-4ad1-9c80-317fa3b1799d,
af8e26b2-6cfb-4173-ab4d-3d1a39b9c13a,45.0,RON,Digi internet,2026-02-20T06:39:57+00:00,0e5779ec-be1a-470f-ad83-a4c869f8d3e4,
e62abbfe-de61-470d-b6b0-0d9f673ad8cb,45.0,RON,Digi internet,2026-02-20T06:39:57+00:00,aa7898aa-95b2-468b-ac92-275a68599dc4,
e634727d-4d25-4614-93aa-b43a7a9b2b2c,45.0,RON,Digi internet,2026-02-20T06:39:57+00:00,7bf7bf91-9958-41e0-bb31-0f54e9f410c9,
379a1afe-fa37-4fd0-8dc5-ee2bba19cf04,45.0,RON,Digi internet,2026-02-20T06:39:57+00:00,02c27ee1-ff57-48d4-82c7-6cf491fd62b9,
df49fae7-7c63-4e56-a67f-b55caf6650be,45.0,RON,Digi internet,2026-02-20T06:39:57+00:00,56cc310a-2a4b-4ab3-87df-66009aa0bf74,
d1010137-5f58-4866-aea5-894a66458972,45.0,RON,Digi internet,2026-02-20T06:39:57+00:00,5588e5c9-786a-4f09-8721-a8cedc57f9c8,
18f73e06-6a06-4524-8709-08143611b153,45.0,RON,Digi internet,2026-02-20T06:39:57+00:00,33a2f3d5-7d4c-460f-ba3e-5b7745b7b856,
c0d3b07f-a14e-47d0-b816-a4e97764935e,45.0,RON,Digi internet,2026-02-20T06:39:57+00:00,6e36dc96-4f61-48f4-b69f-4ca617af9323,
6fa62fea-f1a0-4745-9b1d-b3a4519e19c3,45.0,RON,Digi internet,2026-02-20T06:39:57+00:00,2eb300a6-bd34-43d9-94c9-8697b97c5ba7,
82ed78cb-b7af-46d5-8214-c32603592448,45.0,RON,Digi internet,2026-02-20T06:39:57+00:00,818e12e2-7146-4ffe-a877-ba23cf63df5b,
686b0062-52e8-49cb-8bd2-119180277058,45.0,RON,Digi internet,2026-02-20T06:39:57+00:00,97c83e0a-8a40-4c3e-b8e3-ae37cffa9985,
86f5af42-fd4a-4fdf-8517-aab948a585ab,45.0,RON,Digi internet,2026-02-20T06:39:57+00:00,d3228db7-ef32-4e3e-8fa9-f9f8a84cc34d,
897c4cd2-51ac-43ca-b6d6-f9972fccd207,45.0,RON,Digi internet,2026-02-20T06:39:57+00:00,12cbffe1-d83b-42c0-8120-8703b8fbd5c6,
2d44ba94-4520-45c5-8b2f-34f661c4735d,45.0,RON,Digi internet,2026-02-20T06:39:57+00:00,82112000-16b4-4f2b-9dee-8ec850f886ea,
9a5e63f5-cc94-415c-a13d-26009174f53b,143.04,RON,Carrefour ref 54325475,2026-02-20T16:48:57+00:00,0e5779ec-be1a-470f-ad83-a4c869f8d3e4,
ea823045-7729-407f-b7fe-3c7ba0a5741e,229.48,RON,Kaufland ref 97360918,2026-02-20T17:44:57+00:00,02c27ee1-ff57-48d4-82c7-6cf491fd62b9,
7ce10c8c-be67-4c3c-83f0-6e800c43a97a,110.8,RON,Glovo ref 66411727,2026-02-20T18:00:57+00:00,12cbffe1-d83b-42c0-8120-8703b8fbd5c6,
157bdc2a-c44c-4b96-8796-7c724f23db5c,48.02,RON,Mega Image ref 92548470,2026-02-20T19:26:57+00:00,2eb300a6-bd34-43d9-94c9-8697b97c5ba7,
97cabad1-26aa-4809-ac3b-4e9ce7c5d314,46.96,RON,Glovo ref 98821543,2026-02-20T19:39:57+00:00,aa7898aa-95b2-468b-ac92-275a68599dc4,
960baaa4-23c1-4549-a408-e3e3d990f664,21.37,RON,Farmacia Tei ref 55905540,2026-02-20T19:47:57+00:00,5588e5c9-786a-4f09-8721-a8cedc57f9c8,
82bf0a5e-67d9-4f23-8162-746a53360650,173.89,RON,Kaufland ref 46020903,2026-02-20T21:37:57+00:00,97c83e0a-8a40-4c3e-b8e3-ae37cffa9985,
28876b7f-6469-4f53-bf50-85e7058cdd44,147.05,RON,Dedeman ref 36542426,2026-02-20T21:48:57+00:00,aa7898aa-95b2-468b-ac92-275a68599dc4,
0ee7305e-4904-4586-93b6-f12e78a6d44a,15.94,RON,Mega Image ref 17357022,2026-02-20T22:20:57+00:00,56cc310a-2a4b-4ab3-87df-66009aa0bf74,
0a953e93-5cf1-49c0-9e93-8def617da927,64.27,RON,Mega Image ref 96747839,2026-02-20T22:54:57+00:00,6e36dc96-4f61-48f4-b69f-4ca617af9323,
b30b1649-73f8-433a-a11a-452898dbb72c,37.93,RON,Glovo ref 69409407,2026-02-20T23:16:57+00:00,56cc310a-2a4b-4ab3-87df-66009aa0bf74,
1a218594-d177-4ff3-805a-ab39d0e60b92,39.39,RON,Mega Image ref 53123434,2026-02-21T00:12:57+00:00,82112000-16b4-4f2b-9dee-8ec850f886ea,
914ef454-7ddc-4695-9ff3-2ca69e9827dd,181.17,RON,OMV benzina ref 20821097,2026-02-21T00:33:57+00:00,97c83e0a-8a40-4c3e-b8e3-ae37cffa9985,
dfad20e3-e23e-43fb-a559-3d392dbcfe34,93.62,RON,Glovo ref 43615146,2026-02-21T01:37:57+00:00,82112000-16b4-4f2b-9dee-8ec850f886ea,
5114ca97-c9cb-4148-a3b1-d124df94a2f8,57.08,RON,Lidl ref 13285625,2026-02-21T02:27:57+00:00,aa7898aa-95b2-468b-ac92-275a68599dc4,
3f58c799-a844-4459-b8de-f7d681dfb8ae,50.06,RON,Mega Image ref 17821116,2026-02-21T03:10:57+00:00,12cbffe1-d83b-42c0-8120-8703b8fbd5c6,
a06f3903-a71b-41bd-bbb5-e21d0d87bf1e,130.31,RON,OMV benzina ref 16717291,2026-02-21T03:35:57+00:00,d3228db7-ef32-4e3e-8fa9-f9f8a84cc34d,
487ff5ba-fcfe-4bf1-b3f8-8cc0421b1f6a,56.2,RON,Lidl ref 37199193,2026-02-21T04:19:57+00:00,d3228db7-ef32-4e3e-8fa9-f9f8a84cc34d,
61aa142d-4dec-48e4-9927-57a86ece6ce9,47.98,RON,Lidl ref 86059172,2026-02-21T14:41:57+00:00,7bf7bf91-9958-41e0-bb31-0f54e9f410c9,
96567e2f-53bf-4303-9573-d9c36f177690,31.79,RON,Mega Image ref 52524395,2026-02-21T14:54:57+00:00,2eb300a6-bd34-43d9-94c9-8697b97c5ba7,
0d0e1789-780f-4182-ad21-0d5a0d1e2c3f,46.66,RON,Mega Image ref 10067616,2026-02-21T15:38:57+00:00,56cc310a-2a4b-4ab3-87df-66009aa0bf74,
4c6f016a-b159-4c09-b949-44ad72e25200,80.64,RON,Kaufland ref 46279229,2026-02-21T16:04:57+00:00,33a2f3d5-7d4c-460f-ba3e-5b7745b7b856,
7d15c353-9a76-4ea9-b063-e9a0d393daad,96.73,RON,Carrefour ref 14302906,2026-02-21T16:22:57+00:00,0e5779ec-be1a-470f-ad83-a4c869f8d3e4,
90ba84d5-49ff-440b-aa45-8d3159178c84,65.21,RON,Carrefour ref 29944387,2026-02-21T16:39:57+00:00,56cc310a-2a4b-4ab3-87df-66009aa0bf74,
4a85e443-3ba8-48d9-b4b5-5b8648a84587,338.01,RON,Dedeman ref 61793831,2026-02-21T17:43:57+00:00,0e5779ec-be1a-470f-ad83-a4c869f8d3e4,
dc009158-9f9f-4c12-9058-edc635683da7,80.71,RON,Farmacia Tei ref 55252462,2026-02-21T18:04:57+00:00,d3228db7-ef32-4e3e-8fa9-f9f8a84cc34d,
4147c6b5-9b9d-420f-b9f5-176dc630644e,57.51,RON,Mega Image ref 97008713,2026-02-21T19:31:57+00:00,97c83e0a-8a40-4c3e-b8e3-ae37cffa9985,
a395b867-7397-41a1-b641-940591cbbc49,50.81,RON,Glovo ref 54136340,2026-02-21T20:51:57+00:00,0e5779ec-be1a-470f-ad83-a4c869f8d3e4,
e10b4445-5c35-4183-a5be-0e503e6beee6,62.88,RON,Lidl ref 74180472,2026-02-21T21:14:57+00:00,33a2f3d5-7d4c-460f-ba3e-5b7745b7b856,
095c7256-c5aa-4ca7-8891-e0b216e48d82,37.66,RON,Mega Image ref 39736945,2026-02-21T22:40:57+00:00,82112000-16b4-4f2b-9dee-8ec850f886ea,
8eed8385-97e1-4094-a265-6756877af1f3,248.41,RON,OMV benzina ref 76452258,2026-02-22T00:18:57+00:00,5588e5c9-786a-4f09-8721-a8cedc57f9c8,
8091691b-d4ae-4bc5-9b89-aa13745ec940,59.18,RON,Glovo ref 54141530,2026-02-22T01:23:57+00:00,97c83e0a-8a40-4c3e-b8e3-ae37cffa9985,
a0357bf5-3e8b-45a2-87e6-6f66fa1400e7,25.53,RON,Mega Image ref 89536302,2026-02-22T01:29:57+00:00,d3228db7-ef32-4e3e-8fa9-f9f8a84cc34d,
b3054c89-9d41-401d-ad7c-61a73220b757,167.95,RON,Kaufland ref 57344466,2026-02-22T01:46:57+00:00,02c27ee1-ff57-48d4-82c7-6cf491fd62b9,
15c78870-c20b-4d7f-8ffb-51ff5abe8296,67.29,RON,Glovo ref 31717256,2026-02-22T02:17:57+00:00,818e12e2-7146-4ffe-a877-ba23cf63df5b,
b5bfe4dd-f0db-4ad6-8b3a-093e175521d9,72.14,RON,Kaufland ref 41971670,2026-02-22T03:30:57+00:00,82112000-16b4-4f2b-9dee-8ec850f886ea,
692e33b9-e8e9-47f0-9c15-c7c553a75581,69.73,RON,Lidl ref 33062057,2026-02-22T15:02:57+00:00,0e5779ec-be1a-470f-ad83-a4c869f8d3e4,
dd44051b-64bb-419d-9bc4-ccdd55545bb9,46.47,RON,Mega Image ref 71937580,2026-02-22T15:52:57+00:00,7bf7bf91-9958-41e0-bb31-0f54e9f410c9,
5cf33dbe-63df-4156-8642-77556c0353d8,105.76,RON,Farmacia Tei ref 69493758,2026-02-22T16:39:57+00:00,12cbffe1-d83b-42c0-8120-8703b8fbd5c6,
80a334f3-ce92-422a-b476-71cf0a8157fa,206.67,RON,OMV benzina ref 49093494,2026-02-22T17:12:57+00:00,2eb300a6-bd34-43d9-94c9-8697b97c5ba7,
c8a411f7-06c8-41aa-a001-6ab711202099,142.44,RON,Kaufland ref 66115154,2026-02-22T17:21:57+00:00,02c27ee1-ff57-48d4-82c7-6cf491fd62b9,
82bc25e8-0815-4721-913c-bb5cffed8d32,86.45,RON,Carrefour ref 92695724,2026-02-22T18:07:57+00:00,97c83e0a-8a40-4c3e-b8e3-ae37cffa9985,
6dd2c683-9e54-47bf-af1e-65964f844346,115.35,RON,Dedeman ref 94618779,2026-02-22T19:19:57+00:00,aa7898aa-95b2-468b-ac92-275a68599dc4,
f57dfa8c-12b2-4d50-bb2c-9943f9e8ac93,62.16,RON,Mega Image ref 30974507,2026-02-22T20:16:57+00:00,818e12e2-7146-4ffe-a877-ba23cf63df5b,
6a06007d-0a64-41df-b13d-4d755c9feea8,94.52,RON,Lidl ref 84358037,2026-02-22T20:43:57+00:00,5588e5c9-786a-4f09-8721-a8cedc57f9c8,
28b2bf21-4d47-4ed6-a666-3769e1d46f82,59.73,RON,Mega Image ref 27705074,2026-02-22T20:51:57+00:00,bdd640fb-0667-4ad1-9c80-317fa3b1799d,
34dbda6b-dd9e-4b6d-a751-82a4f48138b5,66.67,RON,Glovo ref 62209742,2026-02-22T21:09:57+00:00,0e5779ec-be1a-470f-ad83-a4c869f8d3e4,
c907a578-a69a-4d2c-9caa-40e1e74880f2,42.03,RON,Mega Image ref 65190671,2026-02-22T21:31:57+00:00,2eb300a6-bd34-43d9-94c9-8697b97c5ba7,
b4bdfeed-52c2-444b-b3f4-8d531120c1b7,81.78,RON,Kaufland ref 24228623,2026-02-23T00:42:57+00:00,aa7898aa-95b2-468b-ac92-275a68599dc4,
2d8d6e9b-6915-424c-bd26-366a5ae6f4a7,95.76,RON,Glovo ref 59386293,2026-02-23T00:42:57+00:00,6e36dc96-4f61-48f4-b69f-4ca617af9323,
3ef3ba21-21cd-4ab6-a7e7-bad60f53e8c5,177.97,RON,Carrefour ref 93879044,2026-02-23T00:43:57+00:00,02c27ee1-ff57-48d4-82c7-6cf491fd62b9,
2c11ee6e-acb1-4b9b-bd60-bb05030f7e80,18.99,RON,Mega Image ref 20993558,2026-02-23T01:18:57+00:00,56cc310a-2a4b-4ab3-87df-66009aa0bf74,
28719b9b-db8f-4e32-adef-50031fce01e3,135.25,RON,Kaufland ref 12185246,2026-02-23T01:29:57+00:00,bdd640fb-0667-4ad1-9c80-317fa3b1799d,
ffa00f80-1337-4403-96eb-8d5a035a1707,32.49,RON,Farmacia Tei ref 66629203,2026-02-23T01:38:57+00:00,97c83e0a-8a40-4c3e-b8e3-ae37cffa9985,
e3b401cc-884c-4ec2-80dd-4d153f324319,232.59,RON,Kaufland ref 40981040,2026-02-23T03:00:57+00:00,12cbffe1-d83b-42c0-8120-8703b8fbd5c6,
3aacf923-99e3-454d-8b79-27fb93f1af83,75.96,RON,Farmacia Tei ref 60433050,2026-02-23T03:51:57+00:00,2eb300a6-bd34-43d9-94c9-8697b97c5ba7,
547186de-d2fd-44b6-a2dc-25e2a7d6edeb,223.94,RON,OMV benzina ref 51551104,2026-02-23T04:35:57+00:00,97c83e0a-8a40-4c3e-b8e3-ae37cffa9985,
16c63710-31a8-475a-8e3c-70393f46a53b,83.72,RON,Glovo ref 44486323,2026-02-23T17:30:57+00:00,5588e5c9-786a-4f09-8721-a8cedc57f9c8,
71efe72a-ae13-491e-84fa-4c7239e7a4f1,139.78,RON,OMV benzina ref 89682313,2026-02-23T18:09:57+00:00,bdd640fb-0667-4ad1-9c80-317fa3b1799d,
12552f58-27c2-4d0c-95f5-442f5b117f20,74.27,RON,Glovo ref 82363632,2026-02-23T18:22:57+00:00,02c27ee1-ff57-48d4-82c7-6cf491fd62b9,
f52b32d5-9c0e-4160-9c92-39b073be17e8,95.34,RON,Glovo ref 29315560,2026-02-23T19:09:57+00:00,82112000-16b4-4f2b-9dee-8ec850f886ea,
d8dbf1da-05cf-46ab-9af7-8021f83de518,70.25,RON,Glovo ref 98776018,2026-02-23T20:09:57+00:00,33a2f3d5-7d4c-460f-ba3e-5b7745b7b856,
0c9a830f-f02a-43bc-9a8f-4f3f663864aa,46.75,RON,Mega Image ref 97222186,2026-02-23T20:56:57+00:00,d3228db7-ef32-4e3e-8fa9-f9f8a84cc34d,
119bd998-f1c3-420d-b7e9-1ea49c0723c4,16.23,RON,Mega Image ref 86995890,2026-02-23T21:30:57+00:00,7bf7bf91-9958-41e0-bb31-0f54e9f410c9,
6e89f080-f5c8-41c7-9c60-08846a35f0ea,42.55,RON,Mega Image ref 50975321,2026-02-23T21:30:57+00:00,5588e5c9-786a-4f09-8721-a8cedc57f9c8,
d36e8d21-a113-484e-a2e9-ee6206278321,155.93,RON,Kaufland ref 69297263,2026-02-23T22:19:57+00:00,02c27ee1-ff57-48d4-82c7-6cf491fd62b9,
94945cc8-c1f9-455f-9a3d-3e97953fe33b,84.08,RON,Lidl ref 79718531,2026-02-23T22:35:57+00:00,2eb300a6-bd34-43d9-94c9-8697b97c5ba7,
359ee84a-3f01-4e25-aac0-8ccb5eb8e0db,41.97,RON,Carrefour ref 70005821,2026-02-24T00:09:57+00:00,aa7898aa-95b2-468b-ac92-275a68599dc4,
b4258e19-1758-447e-a7cd-e1436de21429,47.03,RON,Mega Image ref 41426254,2026-02-24T00:58:57+00:00,bdd640fb-0667-4ad1-9c80-317fa3b1799d,
e08a4f96-db72-4e60-90e0-7901415925ee,42.81,RON,Farmacia Tei ref 43959577,2026-02-24T01:20:57+00:00,97c83e0a-8a40-4c3e-b8e3-ae37cffa9985,
0b4011c1-1c5e-430f-9ccf-547c0e161b40,181.8,RON,OMV benzina ref 80871745,2026-02-24T01:27:57+00:00,97c83e0a-8a40-4c3e-b8e3-ae37cffa9985,
1221cddf-7a4a-402f-a1d6-3b0fb1ac040d,66.88,RON,Glovo ref 66682016,2026-02-24T02:00:57+00:00,bdd640fb-0667-4ad1-9c80-317fa3b1799d,
61fa01ba-231a-47c7-8c9b-ff5ce1887eaf,44.85,RON,Carrefour ref 59333294,2026-02-24T02:45:57+00:00,bdd640fb-0667-4ad1-9c80-317fa3b1799d,
1d966851-0b60-4cc2-aea1-9ddfe1f93698,25.39,RON,Glovo ref 73673985,2026-02-24T04:21:57+00:00,818e12e2-7146-4ffe-a877-ba23cf63df5b,
66861921-057d-44d0-ab28-50b04349d14f,67.62,RON,Mega Image ref 78224244,2026-02-24T15:45:57+00:00,5588e5c9-786a-4f09-8721-a8cedc57f9c8,
b62e8f02-d7b7-4862-b347-f1d458c6b1c6,71.1,RON,Farmacia Tei ref 71244438,2026-02-24T15:57:57+00:00,0e5779ec-be1a-470f-ad83-a4c869f8d3e4,
6097c512-7fa8-46b3-993a-46dd45d0582a,41.24,RON,Glovo ref 40368180,2026-02-24T16:33:57+00:00,818e12e2-7146-4ffe-a877-ba23cf63df5b,
097317ce-3f6a-4166-9fe7-3fe2eab4324d,41.09,RON,Glovo ref 43080922,2026-02-24T17:00:57+00:00,d3228db7-ef32-4e3e-8fa9-f9f8a84cc34d,
869e8836-3f30-4a12-8ebc-a2649ad75b94,48.78,RON,Kaufland ref 63584671,2026-02-24T17:07:57+00:00,0e5779ec-be1a-470f-ad83-a4c869f8d3e4,
2720ae9f-d7e7-4024-a4e5-26fd1f44cf60,113.29,RON,Kaufland ref 98452800,2026-02-24T17:53:57+00:00,12cbffe1-d83b-42c0-8120-8703b8fbd5c6,
7cc43920-1df9-4a45-9313-276843ecbabb,107.48,RON,Lidl ref 60366236,2026-02-24T17:57:57+00:00,818e12e2-7146-4ffe-a877-ba23cf63df5b,
c4035969-d7a6-4a0d-89ff-eaf9d763dc85,334.22,RON,OMV benzina ref 32887525,2026-02-24T18:06:57+00:00,6e36dc96-4f61-48f4-b69f-4ca617af9323,
0daa0bf4-688c-42c5-a711-920526574da4,14.64,RON,Mega Image ref 22877826,2026-02-24T18:26:57+00:00,2eb300a6-bd34-43d9-94c9-8697b97c5ba7,
4bef82f1-3467-43fb-a290-8a400c4d862e,66.13,RON,Lidl ref 59792980,2026-02-24T18:38:57+00:00,7bf7bf91-9958-41e0-bb31-0f54e9f410c9,
5206f3a8-0c1e-4274-9bf2-cf5780a11ded,65.68,RON,Kaufland ref 20028440,2026-02-24T18:42:57+00:00,2eb300a6-bd34-43d9-94c9-8697b97c5ba7,
a248b160-6871-4af7-ba73-01c923e644a7,406.29,RON,Dedeman ref 40188396,2026-02-24T19:56:57+00:00,6e36dc96-4f61-48f4-b69f-4ca617af9323,
27677339-e892-415e-b2aa-7881012a3ca0,40.7,RON,Glovo ref 28639197,2026-02-24T20:00:57+00:00,82112000-16b4-4f2b-9dee-8ec850f886ea,
734ef4a3-cc56-455c-8dbd-de25ec1e9a8a,82.68,RON,Mega Image ref 93309004,2026-02-24T20:01:57+00:00,82112000-16b4-4f2b-9dee-8ec850f886ea,
b2701138-be7e-4841-bf32-6f49ffb7c38f,38.17,RON,Mega Image ref 69954826,2026-02-24T20:06:57+00:00,33a2f3d5-7d4c-460f-ba3e-5b7745b7b856,
3dfc79a5-7d9d-4b89-b07a-71456dd526df,67.23,RON,Carrefour ref 35771465,2026-02-24T21:46:57+00:00,d3228db7-ef32-4e3e-8fa9-f9f8a84cc34d,
f0027c3b-ccfc-4a2d-9c15-3db48a23af14,140.96,RON,Kaufland ref 65621394,2026-02-24T22:45:57+00:00,33a2f3d5-7d4c-460f-ba3e-5b7745b7b856,
f5df482f-21cc-4e40-adbb-f695185c91fd,266.61,RON,OMV benzina ref 37139777,2026-02-24T23:27:57+00:00,818e12e2-7146-4ffe-a877-ba23cf63df5b,
2a038ad4-a667-4982-9c3d-e1b0022b6683,30.96,RON,Lidl ref 85603667,2026-02-25T00:48:57+00:00,bdd640fb-0667-4ad1-9c80-317fa3b1799d,
240d320e-82e2-4d01-86a3-f3df1993a9dc,64.98,RON,Lidl ref 59627949,2026-02-25T02:04:57+00:00,d3228db7-ef32-4e3e-8fa9-f9f8a84cc34d,
12952600-c640-4e83-9c80-ce4f474b559b,26.62,RON,Farmacia Tei ref 30820826,2026-02-25T03:19:57+00:00,d3228db7-ef32-4e3e-8fa9-f9f8a84cc34d,
3d41855f-d009-4eb9-b37d-186bd7d8908d,169.97,RON,Kaufland ref 82246146,2026-02-25T04:13:57+00:00,82112000-16b4-4f2b-9dee-8ec850f886ea,
136b97e5-54f1-497f-8918-da34ae2790bf,260.27,RON,OMV benzina ref 85543582,2026-02-25T04:37:57+00:00,97c83e0a-8a40-4c3e-b8e3-ae37cffa9985,
5733b01d-7616-4974-bdbc-cc7505ffdacc,37.21,RON,Mega Image ref 73165799,2026-02-25T04:37:57+00:00,12cbffe1-d83b-42c0-8120-8703b8fbd5c6,
a71a4d9e-8565-415b-bfa9-63b28acb14c7,243.33,RON,Dedeman ref 78771050,2026-02-25T14:39:57+00:00,97c83e0a-8a40-4c3e-b8e3-ae37cffa9985,
c5dd5f8b-562e-443f-9486-8d2d741c3cde,225.33,RON,Kaufland ref 42862031,2026-02-25T14:40:57+00:00,02c27ee1-ff57-48d4-82c7-6cf491fd62b9,
6a6a58b2-9456-4b74-b6d6-2dfd73652790,37.42,RON,Glovo ref 99024698,2026-02-25T15:40:57+00:00,7bf7bf91-9958-41e0-bb31-0f54e9f410c9,
dbba3ea0-cadc-4e97-b1d9-7384c4198ca8,27.03,RON,Mega Image ref 23716693,2026-02-25T15:45:57+00:00,d3228db7-ef32-4e3e-8fa9-f9f8a84cc34d,
f69777a1-59fe-4d53-a24f-ea4bbae1e137,83.67,RON,Lidl ref 89131271,2026-02-25T15:47:57+00:00,bdd640fb-0667-4ad1-9c80-317fa3b1799d,
0b02becc-1ea8-459d-8b7d-520930a80c26,26.79,RON,Mega Image ref 45767883,2026-02-25T16:01:57+00:00,6e36dc96-4f61-48f4-b69f-4ca617af9323,
c43570eb-d753-487f-a50c-3919e7dae30b,187.21,RON,Kaufland ref 99355614,2026-02-25T17:58:57+00:00,6e36dc96-4f61-48f4-b69f-4ca617af9323,
fed045c4-e5e8-406c-a684-52b917c95208,66.37,RON,Glovo ref 59175761,2026-02-25T18:41:57+00:00,56cc310a-2a4b-4ab3-87df-66009aa0bf74,
46c7669f-1327-42c6-97f6-5a8c1ab627e3,67.65,RON,Kaufland ref 62706682,2026-02-25T19:01:57+00:00,5588e5c9-786a-4f09-8721-a8cedc57f9c8,
7bfc4d57-20a6-471a-bc31-55a83b0c92fb,80.5,RON,Glovo ref 91786739,2026-02-25T19:03:57+00:00,12cbffe1-d83b-42c0-8120-8703b8fbd5c6,
f947591a-15bd-4f9d-a778-9b565c8f6375,60.79,RON,Kaufland ref 95341306,2026-02-25T19:55:57+00:00,33a2f3d5-7d4c-460f-ba3e-5b7745b7b856,
ddd5e32b-e0c1-49d7-ae30-ecb12c3109ff,49.15,RON,Carrefour ref 68202542,2026-02-25T20:01:57+00:00,97c83e0a-8a40-4c3e-b8e3-ae37cffa9985,
59669b9f-1ced-42a3-88c2-3668678aec24,13.93,RON,Mega Image ref 21191155,2026-02-26T00:49:57+00:00,56cc310a-2a4b-4ab3-87df-66009aa0bf74,
50e2b159-cc84-45ef-bf98-17c0a55f8289,110.61,RON,Dedeman ref 62822526,2026-02-26T02:50:57+00:00,33a2f3d5-7d4c-460f-ba3e-5b7745b7b856,
d21a352a-b9c7-4029-8770-becd5828ba5b,72.51,RON,Glovo ref 83960621,2026-02-26T03:50:57+00:00,82112000-16b4-4f2b-9dee-8ec850f886ea,
4d9fec20-1414-483d-a0af-0b16dd35585c,31.64,RON,Mega Image ref 44560377,2026-02-26T14:43:57+00:00,33a2f3d5-7d4c-460f-ba3e-5b7745b7b856,
5331b97a-cce2-4e86-aca9-31731e107ed4,100.19,RON,Glovo ref 55383685,2026-02-26T17:28:57+00:00,12cbffe1-d83b-42c0-8120-8703b8fbd5c6,
9e1cdf79-e9f3-4642-ac99-4926f48aa21c,84.29,RON,Carrefour ref 63340366,2026-02-26T18:00:57+00:00,5588e5c9-786a-4f09-8721-a8cedc57f9c8,
5e63b636-81cf-442c-adc2-b12e28fc7410,80.86,RON,Glovo ref 32221468,2026-02-26T18:08:57+00:00,97c83e0a-8a40-4c3e-b8e3-ae37cffa9985,
71fc0ef5-2173-4ba1-a5d4-d562f40ae3c6,64.65,RON,Glovo ref 35860278,2026-02-26T18:18:57+00:00,818e12e2-7146-4ffe-a877-ba23cf63df5b,
625737cf-1878-4ae5-a177-66b182ce4e0c,56.44,RON,Mega Image ref 52071895,2026-02-27T00:09:57+00:00,aa7898aa-95b2-468b-ac92-275a68599dc4,
08a08938-4d64-4ee5-9ccb-bf9a3ef270fd,131.93,RON,Carrefour ref 83914447,2026-02-27T00:11:57+00:00,82112000-16b4-4f2b-9dee-8ec850f886ea,
c902ada9-c88e-4c69-813d-6272d7c88ce7,48.97,RON,Carrefour ref 19685272,2026-02-27T01:09:57+00:00,33a2f3d5-7d4c-460f-ba3e-5b7745b7b856,
3035fa61-4374-48bd-b73f-bb30107d4224,77.71,RON,Carrefour ref 48392494,2026-02-27T01:10:57+00:00,7bf7bf91-9958-41e0-bb31-0f54e9f410c9,
89a92af3-a0ca-4f8e-a1ef-2dd3461633bc,46.91,RON,Lidl ref 31197304,2026-02-27T01:41:57+00:00,0e5779ec-be1a-470f-ad83-a4c869f8d3e4,
aff50f41-0d2b-4bd6-b12e-2094d82e0601,58.75,RON,Glovo ref 96096180,2026-02-27T02:50:57+00:00,2eb300a6-bd34-43d9-94c9-8697b97c5ba7,
980bc81e-a359-4d1f-bfe4-a42e3db788a6,85.1,RON,Carrefour ref 25132198,2026-02-27T02:54:57+00:00,bdd640fb-0667-4ad1-9c80-317fa3b1799d,
fc37053e-c735-4c46-97e1-9cdff059952b,67.45,RON,Carrefour ref 93804267,2026-02-27T03:12:57+00:00,818e12e2-7146-4ffe-a877-ba23cf63df5b,
e5ae01ed-b535-4bf3-b5f4-149f5054b5ba,266.98,RON,OMV benzina ref 97392532,2026-02-27T03:36:57+00:00,7bf7bf91-9958-41e0-bb31-0f54e9f410c9,
e2d8d2e6-272a-44fa-8cd4-dd15f592478d,41.8,RON,Glovo ref 88190778,2026-02-27T03:56:57+00:00,7bf7bf91-9958-41e0-bb31-0f54e9f410c9,
304b2370-8270-4238-9b5f-8f39848b34f0,255.92,RON,OMV benzina ref 37574457,2026-02-27T04:21:57+00:00,bdd640fb-0667-4ad1-9c80-317fa3b1799d,
b694f5a1-4afa-41aa-85c2-77940993b531,19.93,RON,Mega Image ref 49432921,2026-02-27T14:39:57+00:00,33a2f3d5-7d4c-460f-ba3e-5b7745b7b856,
763f56ac-bfee-4533-acf5-9149b1c9d0dc,24.32,RON,Glovo ref 95747226,2026-02-27T15:08:57+00:00,0e5779ec-be1a-470f-ad83-a4c869f8d3e4,
ca0ee8c4-f2dc-412b-8f7a-e302ec2e2815,140.34,RON,Dedeman ref 15345470,2026-02-27T15:39:57+00:00,bdd640fb-0667-4ad1-9c80-317fa3b1799d,
40b55023-2a32-4553-b370-8a7e68fc0e45,254.95,RON,OMV benzina ref 53756742,2026-02-27T16:11:57+00:00,0e5779ec-be1a-470f-ad83-a4c869f8d3e4,
eca6042a-4336-420b-94b8-bd95cf1b57b7,61.11,RON,Glovo ref 86065331,2026-02-27T16:43:57+00:00,818e12e2-7146-4ffe-a877-ba23cf63df5b,
2977fb6e-29d2-45d6-8c03-b6d6f27eec3b,49.24,RON,Mega Image ref 59205921,2026-02-27T18:13:57+00:00,7bf7bf91-9958-41e0-bb31-0f54e9f410c9,
85376413-8a8c-4508-8516-e5e66dab734b,127.61,RON,Kaufland ref 82282948,2026-02-27T18:19:57+00:00,d3228db7-ef32-4e3e-8fa9-f9f8a84cc34d,
45afe5b5-4f09-4ebe-bfd0-3eb3a612df32,48.95,RON,Mega Image ref 88438503,2026-02-27T20:04:57+00:00,2eb300a6-bd34-43d9-94c9-8697b97c5ba7,
f4e82b6c-45d3-408a-889f-884f2568221b,100.99,RON,Carrefour ref 85413975,2026-02-27T20:31:57+00:00,aa7898aa-95b2-468b-ac92-275a68599dc4,
6bbdb66f-9181-4091-96c6-f45cdc5e4e78,50.08,RON,Lidl ref 61920550,2026-02-27T20:38:57+00:00,bdd640fb-0667-4ad1-9c80-317fa3b1799d,
e9498be6-3550-461a-a6ea-756a4ea8a9f2,312.71,RON,OMV benzina ref 63199218,2026-02-27T20:40:57+00:00,82112000-16b4-4f2b-9dee-8ec850f886ea,
ba0ce49f-ed35-42be-892e-b317db9f6278,30.7,RON,Lidl ref 13684115,2026-02-27T21:03:57+00:00,2eb300a6-bd34-43d9-94c9-8697b97c5ba7,
0170a35d-863d-4e50-a03c-d39a1b9782e6,249.66,RON,OMV benzina ref 78946618,2026-02-27T21:33:57+00:00,12cbffe1-d83b-42c0-8120-8703b8fbd5c6,
d907a314-5d20-48de-a4a1-1c7fb63f93f6,50.95,RON,Mega Image ref 47072327,2026-02-27T22:03:57+00:00,aa7898aa-95b2-468b-ac92-275a68599dc4,
6e44dac5-c5b4-4590-83e4-761b00cd7002,74.6,RON,Carrefour ref 53764447,2026-02-27T22:22:57+00:00,82112000-16b4-4f2b-9dee-8ec850f886ea,
4d1a0af7-7532-46cc-8bb3-fb51ceef026d,39.22,RON,Farmacia Tei ref 21865330,2026-02-27T22:59:57+00:00,56cc310a-2a4b-4ab3-87df-66009aa0bf74,
029eb993-f28e-4580-963b-62209c4384e1,34.25,RON,Glovo ref 83754358,2026-02-27T23:39:57+00:00,82112000-16b4-4f2b-9dee-8ec850f886ea,
1264be5d-8efc-4828-894a-733c498f2b6a,44.67,RON,Mega Image ref 57649154,2026-02-28T02:56:57+00:00,97c83e0a-8a40-4c3e-b8e3-ae37cffa9985,
500cde27-4d3d-4d9c-b304-926dc231adad,115.22,RON,Carrefour ref 60844865,2026-02-28T03:09:57+00:00,d3228db7-ef32-4e3e-8fa9-f9f8a84cc34d,
be9acfb5-e29e-46e4-b5e9-47ee5afb930c,55.75,RON,Mega Image ref 87197710,2026-02-28T04:13:57+00:00,5588e5c9-786a-4f09-8721-a8cedc57f9c8,
8c8ccf88-7022-406e-881f-261271b82118,76.35,RON,Lidl ref 88713694,2026-02-28T04:28:57+00:00,6e36dc96-4f61-48f4-b69f-4ca617af9323,
13dca154-2b1f-42ab-a40e-b68ebdcf6fd4,68.49,RON,Carrefour ref 81760022,2026-02-28T15:50:57+00:00,0e5779ec-be1a-470f-ad83-a4c869f8d3e4,
7c192e61-76d8-4bc7-bfa9-3b6eab987d93,102.36,RON,Lidl ref 53904009,2026-02-28T16:24:57+00:00,0e5779ec-be1a-470f-ad83-a4c869f8d3e4,
5a64b5e8-cdc7-43a0-a349-2ba3d084b7df,58.68,RON,Farmacia Tei ref 14071341,2026-02-28T16:28:57+00:00,02c27ee1-ff57-48d4-82c7-6cf491fd62b9,
22e40b50-0262-4f90-bbd8-8e22cb0fab8e,75.22,RON,Glovo ref 93699313,2026-02-28T17:12:57+00:00,7bf7bf91-9958-41e0-bb31-0f54e9f410c9,
d1c9ebde-f4bc-45db-b620-dbd50eed8a3b,49.91,RON,Glovo ref 79190320,2026-02-28T19:16:57+00:00,56cc310a-2a4b-4ab3-87df-66009aa0bf74,
028ccae1-e0b8-4731-b454-4a6a372cba50,60.12,RON,Farmacia Tei ref 24469628,2026-02-28T20:04:57+00:00,7bf7bf91-9958-41e0-bb31-0f54e9f410c9,
f419a267-074f-4df4-af47-7c4511637ce7,30.81,RON,Glovo ref 58839475,2026-02-28T20:05:57+00:00,d3228db7-ef32-4e3e-8fa9-f9f8a84cc34d,
925a0aa8-0f9d-4d8a-bdaf-fbf32761d91c,87.3,RON,Carrefour ref 45641544,2026-02-28T20:14:57+00:00,82112000-16b4-4f2b-9dee-8ec850f886ea,
dc13d1b4-2458-466d-9ae2-097094b9ee69,50.18,RON,Glovo ref 84034055,2026-02-28T20:40:57+00:00,33a2f3d5-7d4c-460f-ba3e-5b7745b7b856,
0a2fe221-bc0a-40e0-944f-10eb863204d0,64.08,RON,Mega Image ref 71767391,2026-02-28T22:21:57+00:00,6e36dc96-4f61-48f4-b69f-4ca617af9323,
3e8b36d2-587d-4490-831d-4e8d542383de,30.0,RON,Mega Image ref 31697330,2026-02-28T23:36:57+00:00,82112000-16b4-4f2b-9dee-8ec850f886ea,
4775d7ab-d207-4bc4-b885-8b6d23e7cd20,246.77,RON,OMV benzina ref 68750274,2026-03-01T00:54:57+00:00,0e5779ec-be1a-470f-ad83-a4c869f8d3e4,
7388d944-78bc-4d3f-b51a-12927292116b,53.14,RON,Mega Image ref 41788729,2026-03-01T01:17:57+00:00,97c83e0a-8a40-4c3e-b8e3-ae37cffa9985,
65130794-dcc2-4eb5-a011-be71ccb2b1e5,187.2,RON,Kaufland ref 91904044,2026-03-01T01:17:57+00:00,12cbffe1-d83b-42c0-8120-8703b8fbd5c6,
36ef9e04-c2a9-461d-847b-cecd93a10485,104.98,RON,Lidl ref 44631478,2026-03-01T02:10:57+00:00,12cbffe1-d83b-42c0-8120-8703b8fbd5c6,
c8552258-3175-42d3-8f86-7191b0bacf85,75.91,RON,Glovo ref 52818952,2026-03-01T02:49:57+00:00,97c83e0a-8a40-4c3e-b8e3-ae37cffa9985,
e8a44238-5fe8-4710-bfec-5325edc72f12,120.69,RON,Carrefour ref 37076822,2026-03-01T14:42:57+00:00,0e5779ec-be1a-470f-ad83-a4c869f8d3e4,
12374a03-41b8-45e0-bf4c-5f1bc6a03dd6,166.93,RON,Carrefour ref 19480896,2026-03-01T15:07:57+00:00,33a2f3d5-7d4c-460f-ba3e-5b7745b7b856,
8950ddd6-27c6-4bb1-8edd-069df96c9a0a,47.67,RON,Kaufland ref 37272705,2026-03-01T15:58:57+00:00,bdd640fb-0667-4ad1-9c80-317fa3b1799d,
7c9e6f9d-195c-4539-80c4-dad74252becc,62.59,RON,Carrefour ref 31906696,2026-03-01T17:50:57+00:00,12cbffe1-d83b-42c0-8120-8703b8fbd5c6,
14413349-bd0c-4773-94d6-bcdb9a3962d3,38.86,RON,Lidl ref 73151137,2026-03-01T18:12:57+00:00,33a2f3d5-7d4c-460f-ba3e-5b7745b7b856,
0e8463ce-469f-406a-9749-cf1254db444a,52.57,RON,Mega Image ref 51829811,2026-03-01T18:13:57+00:00,d3228db7-ef32-4e3e-8fa9-f9f8a84cc34d,
e4872e77-08d1-4094-b6e3-b91b3777d823,95.04,RON,Kaufland ref 33882733,2026-03-01T18:48:57+00:00,0e5779ec-be1a-470f-ad83-a4c869f8d3e4,
c32aeb1b-a4dc-4a67-a6d1-8c910760d408,153.93,RON,OMV benzina ref 13393520,2026-03-01T18:52:57+00:00,aa7898aa-95b2-468b-ac92-275a68599dc4,
ec3a2237-43ca-4611-beb0-7d7d051ef159,70.77,RON,Carrefour ref 99162835,2026-03-01T19:15:57+00:00,97c83e0a-8a40-4c3e-b8e3-ae37cffa9985,
f2f03734-b424-43b7-abc0-702678747404,49.56,RON,Mega Image ref 95069961,2026-03-01T21:38:57+00:00,5588e5c9-786a-4f09-8721-a8cedc57f9c8,
6e31e4d7-c661-4a57-8f3a-e5734cc939dc,48.34,RON,Lidl ref 42173908,2026-03-01T22:01:57+00:00,12cbffe1-d83b-42c0-8120-8703b8fbd5c6,
5a57ea29-6251-4f4d-907e-558dcae92154,28.24,RON,Mega Image ref 24330053,2026-03-01T22:46:57+00:00,33a2f3d5-7d4c-460f-ba3e-5b7745b7b856,
478b0dfb-0688-4280-850e-2991a725382c,88.72,RON,Carrefour ref 88706896,2026-03-01T23:09:57+00:00,6e36dc96-4f61-48f4-b69f-4ca617af9323,
c3cd61ab-5fb6-4397-8228-ee4f2ec2a1de,47.18,RON,Glovo ref 38064890,2026-03-02T00:15:57+00:00,56cc310a-2a4b-4ab3-87df-66009aa0bf74,
3d81fac6-4eeb-4557-85c2-469b9a068ba9,61.52,RON,Farmacia Tei ref 54278577,2026-03-02T00:46:57+00:00,33a2f3d5-7d4c-460f-ba3e-5b7745b7b856,
a8f8687b-b766-4c85-a99c-37b3a4195fe4,55.49,RON,Mega Image ref 80179022,2026-03-02T01:42:57+00:00,0e5779ec-be1a-470f-ad83-a4c869f8d3e4,
eeccf146-5d7d-40fd-b4cf-b32bc88736e9,43.54,RON,Mega Image ref 67415160,2026-03-02T01:46:57+00:00,7bf7bf91-9958-41e0-bb31-0f54e9f410c9,
bbe58592-ff4b-41a4-9648-37b04ec6fe2c,51.49,RON,Glovo ref 35147704,2026-03-02T02:41:57+00:00,82112000-16b4-4f2b-9dee-8ec850f886ea,
da4a9d0b-d18e-431b-b35d-8adb6c4928d4,26.94,RON,Mega Image ref 60467061,2026-03-02T03:11:57+00:00,aa7898aa-95b2-468b-ac92-275a68599dc4,
86743542-6e7e-4484-a32b-df0d48b16c2a,71.5,RON,Glovo ref 82032003,2026-03-02T03:35:57+00:00,5588e5c9-786a-4f09-8721-a8cedc57f9c8,
82e628c2-d59d-4033-8554-76319e195a38,22.87,RON,Lidl ref 56829525,2026-03-02T04:02:57+00:00,2eb300a6-bd34-43d9-94c9-8697b97c5ba7,
c24df69d-9b51-46ed-93bb-6793d02d3bff,122.07,RON,Carrefour ref 76364384,2026-03-02T14:47:57+00:00,5588e5c9-786a-4f09-8721-a8cedc57f9c8,
313d5bd8-b2d9-4bef-ab67-87c270775ba2,202.86,RON,Kaufland ref 18285235,2026-03-02T15:21:57+00:00,6e36dc96-4f61-48f4-b69f-4ca617af9323,
58c1aad6-f3f8-4ea4-bf14-eafa29f0ef7c,29.04,RON,Glovo ref 11523452,2026-03-02T15:24:57+00:00,bdd640fb-0667-4ad1-9c80-317fa3b1799d,
d4f12110-50b5-4397-a449-ea0f5e6b1e56,162.76,RON,Dedeman ref 74035481,2026-03-02T15:34:57+00:00,aa7898aa-95b2-468b-ac92-275a68599dc4,
72d383cc-3e7c-4ebc-8cfc-353ffc00d362,151.13,RON,Carrefour ref 10863799,2026-03-02T15:34:57+00:00,12cbffe1-d83b-42c0-8120-8703b8fbd5c6,
8b976174-811f-4131-b46f-f5d0c2ddc5d8,20.32,RON,Mega Image ref 95885298,2026-03-02T15:39:57+00:00,818e12e2-7146-4ffe-a877-ba23cf63df5b,
5f37c649-84a0-459e-b37d-8da8e93a2edc,71.04,RON,Lidl ref 17617358,2026-03-02T15:44:57+00:00,56cc310a-2a4b-4ab3-87df-66009aa0bf74,
b2409406-c207-48cb-9278-2319ea1b7bc8,169.1,RON,Kaufland ref 94332148,2026-03-02T15:59:57+00:00,12cbffe1-d83b-42c0-8120-8703b8fbd5c6,
0b44676d-2ac3-4be9-b958-d1532afa5f6a,95.67,RON,Lidl ref 99135168,2026-03-02T16:30:57+00:00,0e5779ec-be1a-470f-ad83-a4c869f8d3e4,
7c31e931-8a94-4305-a841-7a4e494b0981,131.13,RON,Carrefour ref 14548768,2026-03-02T16:30:57+00:00,818e12e2-7146-4ffe-a877-ba23cf63df5b,
3c282939-2bae-4b70-bcd5-babed0e99e5d,52.72,RON,Glovo ref 44670469,2026-03-02T18:26:57+00:00,7bf7bf91-9958-41e0-bb31-0f54e9f410c9,
4bc6fdb9-8a49-4bbd-a086-ba870bf2598c,86.13,RON,Farmacia Tei ref 27691237,2026-03-02T19:24:57+00:00,7bf7bf91-9958-41e0-bb31-0f54e9f410c9,
9fab5713-e697-48df-92f1-bfeb7fd6c3d4,97.27,RON,Kaufland ref 28310675,2026-03-02T20:02:57+00:00,d3228db7-ef32-4e3e-8fa9-f9f8a84cc34d,
ab404598-ae11-43c2-b130-dc8fd20e0734,162.4,RON,Kaufland ref 55247029,2026-03-02T20:40:57+00:00,0e5779ec-be1a-470f-ad83-a4c869f8d3e4,
bddfa03a-aa84-40f8-8f2d-a2330e165b12,34.19,RON,Mega Image ref 91716102,2026-03-02T20:46:57+00:00,bdd640fb-0667-4ad1-9c80-317fa3b1799d,
49bc8e3e-d900-4223-85ad-1d026df59b46,37.02,RON,Glovo ref 95250332,2026-03-02T21:43:57+00:00,818e12e2-7146-4ffe-a877-ba23cf63df5b,
b4cfdcd7-32a1-414d-86a4-9f8d74b8b222,28.47,RON,Mega Image ref 46715535,2026-03-02T22:27:57+00:00,aa7898aa-95b2-468b-ac92-275a68599dc4,
1aa65a86-14da-42db-b909-2e52895266d5,47.82,RON,Mega Image ref 80025236,2026-03-02T22:28:57+00:00,97c83e0a-8a40-4c3e-b8e3-ae37cffa9985,
43d07ee1-e35f-4476-8e7d-3ba24a0699bf,74.96,RON,Carrefour ref 65599477,2026-03-03T00:17:57+00:00,6e36dc96-4f61-48f4-b69f-4ca617af9323,
1407a94b-0e59-4ba4-b5ea-7f1e5ec51b50,20.6,RON,Mega Image ref 96134890,2026-03-03T01:42:57+00:00,7bf7bf91-9958-41e0-bb31-0f54e9f410c9,
58d84934-2ce0-403e-8cb1-7d08504fb7a7,50.15,RON,Lidl ref 67929988,2026-03-03T15:12:57+00:00,818e12e2-7146-4ffe-a877-ba23cf63df5b,
b359c5e9-2803-4b01-92af-706fc6e27d27,135.04,RON,Lidl ref 40695523,2026-03-03T15:23:57+00:00,33a2f3d5-7d4c-460f-ba3e-5b7745b7b856,
c57c7498-1e38-4711-a2ec-13f4bba1aed9,128.82,RON,Kaufland ref 46072958,2026-03-03T17:26:57+00:00,bdd640fb-0667-4ad1-9c80-317fa3b1799d,
50f51e97-a76c-41cb-a6f2-9d1d03d6af3f,31.48,RON,Mega Image ref 33303091,2026-03-03T17:45:57+00:00,0e5779ec-be1a-470f-ad83-a4c869f8d3e4,
c6aac509-c458-4e09-8a6d-fdd1b1a3d474,208.82,RON,OMV benzina ref 21092970,2026-03-03T17:59:57+00:00,2eb300a6-bd34-43d9-94c9-8697b97c5ba7,
9fb886b2-a662-4b92-8748-ffb3d0a96757,170.46,RON,OMV benzina ref 98310124,2026-03-03T18:08:57+00:00,0e5779ec-be1a-470f-ad83-a4c869f8d3e4,
a91a0e8b-424a-4f16-94d1-bf15ea9219d4,49.98,RON,Farmacia Tei ref 65510726,2026-03-03T19:42:57+00:00,7bf7bf91-9958-41e0-bb31-0f54e9f410c9,
85ae7def-ba5a-46ff-9d4b-70121691f502,116.22,RON,Lidl ref 39128850,2026-03-03T20:02:57+00:00,6e36dc96-4f61-48f4-b69f-4ca617af9323,
a5c1670b-5b93-443c-8f52-d3bbf7776d24,86.66,RON,Glovo ref 69709736,2026-03-03T20:39:57+00:00,6e36dc96-4f61-48f4-b69f-4ca617af9323,
1335d076-34fa-4d14-b7bf-688aaf5ff501,156.49,RON,Kaufland ref 46842387,2026-03-03T21:41:57+00:00,6e36dc96-4f61-48f4-b69f-4ca617af9323,
4aecb057-21e5-459f-8c0c-b19ca9736b18,29.88,RON,Glovo ref 31932060,2026-03-03T22:24:57+00:00,7bf7bf91-9958-41e0-bb31-0f54e9f410c9,
911a4f39-0561-49d8-a734-086c55068e72,94.0,RON,Carrefour ref 19660147,2026-03-03T22:53:57+00:00,6e36dc96-4f61-48f4-b69f-4ca617af9323,
e097ef17-0cdf-4254-a511-b1976b5bec48,102.72,RON,Lidl ref 40092362,2026-03-04T00:02:57+00:00,12cbffe1-d83b-42c0-8120-8703b8fbd5c6,
f6a1f72e-4eaa-40cf-9cba-8c8329836885,42.97,RON,Mega Image ref 17772649,2026-03-04T00:08:57+00:00,33a2f3d5-7d4c-460f-ba3e-5b7745b7b856,
a8851759-890f-4e3b-9170-b79fe45bbfd5,241.04,RON,OMV benzina ref 58785603,2026-03-04T01:28:57+00:00,97c83e0a-8a40-4c3e-b8e3-ae37cffa9985,
219364d1-fbd1-49c1-b06b-fcabd626011c,113.22,RON,Kaufland ref 78215832,2026-03-04T04:21:57+00:00,d3228db7-ef32-4e3e-8fa9-f9f8a84cc34d,
aa02dae2-28e1-41fa-9d3e-f45ac32f6586,141.41,RON,Lidl ref 96493935,2026-03-04T04:28:57+00:00,82112000-16b4-4f2b-9dee-8ec850f886ea,
88a934a1-6211-4e17-93b5-af5a6b36e98e,61.43,RON,Mega Image ref 86166228,2026-03-04T15:05:57+00:00,02c27ee1-ff57-48d4-82c7-6cf491fd62b9,
75c1c89e-1839-4c5e-8e70-066648808d7d,118.93,RON,Kaufland ref 45739030,2026-03-04T15:26:57+00:00,818e12e2-7146-4ffe-a877-ba23cf63df5b,
f26c8bb0-1f52-4cae-b946-a601e0ac0e03,82.37,RON,Glovo ref 54861270,2026-03-04T16:44:57+00:00,82112000-16b4-4f2b-9dee-8ec850f886ea,
0a9d7e8f-9277-409c-9342-5f6aa30e9d13,102.75,RON,Lidl ref 59033829,2026-03-04T16:46:57+00:00,5588e5c9-786a-4f09-8721-a8cedc57f9c8,
6b293359-1e63-495c-bc7a-356d68b018cd,52.07,RON,Glovo ref 26553229,2026-03-04T16:53:57+00:00,12cbffe1-d83b-42c0-8120-8703b8fbd5c6,
ff770176-b754-4573-97dd-1fc968028b98,101.11,RON,Kaufland ref 72878778,2026-03-04T18:23:57+00:00,97c83e0a-8a40-4c3e-b8e3-ae37cffa9985,
73c2dafe-2fe8-47e5-b4bf-cfc95fa70483,33.41,RON,Mega Image ref 85882286,2026-03-04T20:08:57+00:00,12cbffe1-d83b-42c0-8120-8703b8fbd5c6,
9ebbdd98-24c0-472a-bb6c-368899be254a,58.13,RON,Lidl ref 38831492,2026-03-04T20:34:57+00:00,818e12e2-7146-4ffe-a877-ba23cf63df5b,
3d86c3be-b705-4e2c-a447-ba027e12abb1,239.5,RON,OMV benzina ref 96721298,2026-03-04T20:55:57+00:00,818e12e2-7146-4ffe-a877-ba23cf63df5b,
c3a39738-e8c6-4add-923d-329f7f4149af,78.24,RON,Lidl ref 46505870,2026-03-04T22:06:57+00:00,2eb300a6-bd34-43d9-94c9-8697b97c5ba7,
3af72cc3-c747-46f2-97bf-356510a678ba,39.99,RON,Lidl ref 30948916,2026-03-04T22:09:57+00:00,6e36dc96-4f61-48f4-b69f-4ca617af9323,
69f6a8cb-42ac-4bbb-9328-bb735234967d,73.23,RON,Lidl ref 76463577,2026-03-04T22:20:57+00:00,7bf7bf91-9958-41e0-bb31-0f54e9f410c9,
18412e07-f583-4c69-807f-26542be4be9c,63.19,RON,Mega Image ref 86397410,2026-03-04T23:29:57+00:00,0e5779ec-be1a-470f-ad83-a4c869f8d3e4,
32d4cddc-b1c7-41dc-b924-7d0f7436b551,40.1,RON,Kaufland ref 98460162,2026-03-05T00:52:57+00:00,56cc310a-2a4b-4ab3-87df-66009aa0bf74,
3532c7ce-418c-4b56-98a1-8a9bd8980053,70.27,RON,Carrefour ref 73200787,2026-03-05T02:06:57+00:00,6e36dc96-4f61-48f4-b69f-4ca617af9323,
26cd4979-23d1-4c7f-9161-8b5eed4c8325,29.62,RON,Glovo ref 18573546,2026-03-05T02:24:57+00:00,aa7898aa-95b2-468b-ac92-275a68599dc4,
43c3329b-6b28-495b-9bc1-cf8aa819a006,63.55,RON,Glovo ref 29836938,2026-03-05T02:41:57+00:00,56cc310a-2a4b-4ab3-87df-66009aa0bf74,
62e5b19a-0ccf-47fb-8382-79e7ecf8022f,40.32,RON,Mega Image ref 34545299,2026-03-05T03:32:57+00:00,7bf7bf91-9958-41e0-bb31-0f54e9f410c9,
e4eec67c-1a57-49e4-85f8-e2f8414f4994,20.7,RON,Mega Image ref 31113788,2026-03-05T04:15:57+00:00,bdd640fb-0667-4ad1-9c80-317fa3b1799d,
4e8c378e-058c-45ca-9ecc-e184d4991725,161.36,RON,Kaufland ref 59339530,2026-03-05T04:30:57+00:00,02c27ee1-ff57-48d4-82c7-6cf491fd62b9,
fd4768b3-7733-46c1-886f-9afdd5df9347,45.51,RON,Mega Image ref 86957835,2026-03-05T04:30:57+00:00,818e12e2-7146-4ffe-a877-ba23cf63df5b,
783471b7-a25d-451c-8c3e-ce4b2d0f5390,228.64,RON,Dedeman ref 11017320,2026-03-05T04:38:57+00:00,97c83e0a-8a40-4c3e-b8e3-ae37cffa9985,
0bc57207-3e9a-4c86-8325-4fbddce8e1c5,6750.29,RON,Salariu,2026-03-05T06:39:57+00:00,,bdd640fb-0667-4ad1-9c80-317fa3b1799d
eb93f78c-620a-4158-9d2d-904f78c59073,24.99,RON,Spotify,2026-03-05T06:39:57+00:00,bdd640fb-0667-4ad1-9c80-317fa3b1799d,
2ce27ec9-5501-40bf-a207-cb65b197aed1,12351.06,RON,Salariu,2026-03-05T06:39:57+00:00,,0e5779ec-be1a-470f-ad83-a4c869f8d3e4
b00832da-e24b-49d4-82ff-d690a2a6861a,24.99,RON,Spotify,2026-03-05T06:39:57+00:00,0e5779ec-be1a-470f-ad83-a4c869f8d3e4,
f8e9ed27-5c3d-4ae4-8131-5e8417841919,5381.4,RON,Salariu,2026-03-05T06:39:57+00:00,,aa7898aa-95b2-468b-ac92-275a68599dc4
69a2e466-14c6-416d-9691-86b95b69a9a8,24.99,RON,Spotify,2026-03-05T06:39:57+00:00,aa7898aa-95b2-468b-ac92-275a68599dc4,
25f979cd-a101-4d68-b81a-ee5aad79b370,5648.15,RON,Salariu,2026-03-05T06:39:57+00:00,,7bf7bf91-9958-41e0-bb31-0f54e9f410c9
ee5eccf7-df49-44f2-817b-676756e80e7e,24.99,RON,Spotify,2026-03-05T06:39:57+00:00,7bf7bf91-9958-41e0-bb31-0f54e9f410c9,
7282e9b8-c02d-4852-a05a-00dec4130c74,5655.08,RON,Salariu,2026-03-05T06:39:57+00:00,,02c27ee1-ff57-48d4-82c7-6cf491fd62b9
7e002a34-b601-49e4-aafa-e130e0357af5,24.99,RON,Spotify,2026-03-05T06:39:57+00:00,02c27ee1-ff57-48d4-82c7-6cf491fd62b9,
023702d6-225e-44fd-aeb3-9169a9a68fe6,6060.09,RON,Salariu,2026-03-05T06:39:57+00:00,,56cc310a-2a4b-4ab3-87df-66009aa0bf74
4be7dd02-54f6-4c68-99ff-faf955bf0d58,24.99,RON,Spotify,2026-03-05T06:39:57+00:00,56cc310a-2a4b-4ab3-87df-66009aa0bf74,
b049ec0b-6ac5-4227-854a-19dbb91ece46,8327.13,RON,Salariu,2026-03-05T06:39:57+00:00,,5588e5c9-786a-4f09-8721-a8cedc57f9c8
180695cb-0920-41b3-a687-743e2ed0b69f,24.99,RON,Spotify,2026-03-05T06:39:57+00:00,5588e5c9-786a-4f09-8721-a8cedc57f9c8,
2f6a99d2-3a59-43bf-8ad0-6522aa0e0c70,10719.62,RON,Salariu,2026-03-05T06:39:57+00:00,,33a2f3d5-7d4c-460f-ba3e-5b7745b7b856
113b436a-c5cc-4e88-a50d-2706822c4d41,24.99,RON,Spotify,2026-03-05T06:39:57+00:00,33a2f3d5-7d4c-460f-ba3e-5b7745b7b856,
1ca301b8-4364-408f-b15b-dea09dc8400c,9195.15,RON,Salariu,2026-03-05T06:39:57+00:00,,6e36dc96-4f61-48f4-b69f-4ca617af9323
a5ac1446-1ae3-4d8d-a494-376e0927a8a3,24.99,RON,Spotify,2026-03-05T06:39:57+00:00,6e36dc96-4f61-48f4-b69f-4ca617af9323,
0c973297-94b5-467e-a1e1-6a4dd03b7607,4272.19,RON,Salariu,2026-03-05T06:39:57+00:00,,2eb300a6-bd34-43d9-94c9-8697b97c5ba7
6aa1cb3f-a5e5-4d2d-afd5-bbd0217a1c49,24.99,RON,Spotify,2026-03-05T06:39:57+00:00,2eb300a6-bd34-43d9-94c9-8697b97c5ba7,
8fc153a5-f26d-4964-b01a-ebbaba8e9b98,11834.0,RON,Salariu,2026-03-05T06:39:57+00:00,,818e12e2-7146-4ffe-a877-ba23cf63df5b
aabb0de9-9366-4707-a7c6-f661a1f9501c,24.99,RON,Spotify,2026-03-05T06:39:57+00:00,818e12e2-7146-4ffe-a877-ba23cf63df5b,
cbafa140-c0a6-4fdb-b3ee-e3ca36f73c19,7310.52,RON,Salariu,2026-03-05T06:39:57+00:00,,97c83e0a-8a40-4c3e-b8e3-ae37cffa9985
359430af-2087-47ac-96d1-fa767ed7a6fe,24.99,RON,Spotify,2026-03-05T06:39:57+00:00,97c83e0a-8a40-4c3e-b8e3-ae37cffa9985,
8eabe1fd-945f-4ce4-bcee-abed0702bff2,4764.6,RON,Salariu,2026-03-05T06:39:57+00:00,,d3228db7-ef32-4e3e-8fa9-f9f8a84cc34d
bc17aedb-39a2-4058-a881-e2c8959c8a7c,24.99,RON,Spotify,2026-03-05T06:39:57+00:00,d3228db7-ef32-4e3e-8fa9-f9f8a84cc34d,
e7f03d1f-bc18-4aa6-b285-16acf9c277ea,13610.85,RON,Salariu,2026-03-05T06:39:57+00:00,,12cbffe1-d83b-42c0-8120-8703b8fbd5c6
a8bde531-10c3-44d1-8cee-f102b267cc0c,24.99,RON,Spotify,2026-03-05T06:39:57+00:00,12cbffe1-d83b-42c0-8120-8703b8fbd5c6,
3ca7af66-7494-4395-b7ac-e9a1d9fd3187,11396.61,RON,Salariu,2026-03-05T06:39:57+00:00,,82112000-16b4-4f2b-9dee-8ec850f886ea
603bd81d-7058-463d-b091-5591bd80d21c,24.99,RON,Spotify,2026-03-05T06:39:57+00:00,82112000-16b4-4f2b-9dee-8ec850f886ea,
b281738e-d7c7-48e6-a495-430e0d6f885a,61.25,RON,Glovo ref 13251451,2026-03-05T15:20:57+00:00,aa7898aa-95b2-468b-ac92-275a68599dc4,
3fa83319-e013-45d4-b64f-4e902137d28d,78.2,RON,Glovo ref 62443742,2026-03-05T15:22:57+00:00,818e12e2-7146-4ffe-a877-ba23cf63df5b,
ac0d40d6-626a-45f1-9a5e-4a5d2e0ce312,36.09,RON,Mega Image ref 68501018,2026-03-05T16:46:57+00:00,97c83e0a-8a40-4c3e-b8e3-ae37cffa9985,
62a189fb-57de-4702-b026-d60ac82d4afa,105.63,RON,Kaufland ref 88508415,2026-03-05T16:59:57+00:00,7bf7bf91-9958-41e0-bb31-0f54e9f410c9,
03b5d896-46c9-4428-b454-2ecc17624c6b,41.83,RON,Glovo ref 82270877,2026-03-05T16:59:57+00:00,5588e5c9-786a-4f09-8721-a8cedc57f9c8,
5f0a1c6b-a820-4206-8857-3376de6195bd,42.2,RON,Glovo ref 68664720,2026-03-05T17:15:57+00:00,02c27ee1-ff57-48d4-82c7-6cf491fd62b9,
c712823d-9595-4125-b0db-85f99d27d39d,115.63,RON,Kaufland ref 12923920,2026-03-05T18:26:57+00:00,02c27ee1-ff57-48d4-82c7-6cf491fd62b9,
802643c4-233e-4b97-9ed7-fbb9f454ef98,59.92,RON,Carrefour ref 30485751,2026-03-05T18:27:57+00:00,aa7898aa-95b2-468b-ac92-275a68599dc4,
c4ac81f5-ebde-485c-88b4-f4c67da30384,221.77,RON,OMV benzina ref 43539742,2026-03-05T19:02:57+00:00,2eb300a6-bd34-43d9-94c9-8697b97c5ba7,
3727cae2-5906-4eb4-914e-08fef271ba19,72.73,RON,Mega Image ref 35068505,2026-03-05T19:23:57+00:00,6e36dc96-4f61-48f4-b69f-4ca617af9323,
e65d09ed-d055-43f6-9815-2a4638366e2f,227.7,RON,OMV benzina ref 43040624,2026-03-05T19:31:57+00:00,12cbffe1-d83b-42c0-8120-8703b8fbd5c6,
8409c5ea-cde9-48b3-b922-a7e42de982f8,49.35,RON,Glovo ref 17069536,2026-03-05T19:46:57+00:00,bdd640fb-0667-4ad1-9c80-317fa3b1799d,
0a31cbfa-05f0-434b-bbae-0ac476f2fbe1,20.41,RON,Mega Image ref 50824418,2026-03-05T20:19:57+00:00,818e12e2-7146-4ffe-a877-ba23cf63df5b,
b1d06d8a-655f-4c8c-8a2b-a8f5a44e3b1c,31.4,RON,Lidl ref 65881942,2026-03-05T21:13:57+00:00,aa7898aa-95b2-468b-ac92-275a68599dc4,
dfdbe28f-8e9c-4ca5-bb10-dc3fa8beb929,184.4,RON,Kaufland ref 72790474,2026-03-05T21:47:57+00:00,82112000-16b4-4f2b-9dee-8ec850f886ea,
dc872485-887c-4a5b-9639-46b8b1adb6d6,15.34,RON,Mega Image ref 59336469,2026-03-05T21:48:57+00:00,d3228db7-ef32-4e3e-8fa9-f9f8a84cc34d,
c864d140-1beb-4072-8d5d-fd2eee8ac382,33.16,RON,Lidl ref 94879572,2026-03-05T22:07:57+00:00,2eb300a6-bd34-43d9-94c9-8697b97c5ba7,
4160e5cf-aede-4b37-b8c4-22f9787166b2,52.58,RON,Mega Image ref 47838093,2026-03-05T23:48:57+00:00,56cc310a-2a4b-4ab3-87df-66009aa0bf74,
dd4d7474-8c4d-474a-8aab-dbd9ebe01de0,83.4,RON,Lidl ref 74997575,2026-03-06T00:12:57+00:00,56cc310a-2a4b-4ab3-87df-66009aa0bf74,
49b70422-27d9-429a-859c-cbca09561195,49.5,RON,Mega Image ref 57352968,2026-03-06T02:54:57+00:00,5588e5c9-786a-4f09-8721-a8cedc57f9c8,
3f8e2d0d-5261-4dec-b979-d5f56b5bc975,102.44,RON,Kaufland ref 98007006,2026-03-06T03:41:57+00:00,bdd640fb-0667-4ad1-9c80-317fa3b1799d,
e9531b87-c344-419d-9d80-f7cd28b82fa1,52.75,RON,Mega Image ref 70196402,2026-03-06T03:44:57+00:00,aa7898aa-95b2-468b-ac92-275a68599dc4,
3e4d4835-8988-46bf-bb9a-ac71e7ff8dae,20.13,RON,Mega Image ref 92150841,2026-03-06T04:29:57+00:00,2eb300a6-bd34-43d9-94c9-8697b97c5ba7,
58be6c14-b267-4285-bc57-3da80abe20fe,87.05,RON,Carrefour ref 78922513,2026-03-06T14:46:57+00:00,7bf7bf91-9958-41e0-bb31-0f54e9f410c9,
f4a502d1-f971-4a3b-9713-0cc4a46faead,42.22,RON,Lidl ref 43536873,2026-03-06T14:59:57+00:00,d3228db7-ef32-4e3e-8fa9-f9f8a84cc34d,
a9646f0c-dfc8-43be-93d5-800082d46abe,31.19,RON,Glovo ref 59641246,2026-03-06T17:00:57+00:00,82112000-16b4-4f2b-9dee-8ec850f886ea,
76c3e642-3e19-4c1d-9f6a-6a65bd54da04,60.57,RON,Farmacia Tei ref 50790016,2026-03-06T17:57:57+00:00,bdd640fb-0667-4ad1-9c80-317fa3b1799d,
5e7b8a46-47af-4161-bce4-56bb0c9cf9e4,77.92,RON,Carrefour ref 56509823,2026-03-06T19:12:57+00:00,5588e5c9-786a-4f09-8721-a8cedc57f9c8,
5fa2f598-230e-4584-a091-87e7dba3e45b,408.49,RON,Dedeman ref 72228848,2026-03-06T20:10:57+00:00,02c27ee1-ff57-48d4-82c7-6cf491fd62b9,
091bd5bf-c242-4f13-aa8c-53d4c061bea1,114.98,RON,Kaufland ref 73959592,2026-03-06T20:40:57+00:00,82112000-16b4-4f2b-9dee-8ec850f886ea,
4e61f683-fd0b-4507-a5e0-1c648bb5a294,102.07,RON,Kaufland ref 14273658,2026-03-06T21:48:57+00:00,6e36dc96-4f61-48f4-b69f-4ca617af9323,
53189ffa-8acb-47d2-a5a2-f27b2b8dce57,51.39,RON,Kaufland ref 45640895,2026-03-07T00:34:57+00:00,97c83e0a-8a40-4c3e-b8e3-ae37cffa9985,
86efbac8-8195-4978-bf53-1d8267395171,69.45,RON,Glovo ref 98699629,2026-03-07T01:19:57+00:00,97c83e0a-8a40-4c3e-b8e3-ae37cffa9985,
0dda058a-83f7-4e43-af20-f074f110b192,152.29,RON,Dedeman ref 43118478,2026-03-07T02:17:57+00:00,5588e5c9-786a-4f09-8721-a8cedc57f9c8,
0937a982-96f4-4688-b33b-5a5d0a45f604,50.59,RON,Farmacia Tei ref 19121643,2026-03-07T02:23:57+00:00,aa7898aa-95b2-468b-ac92-275a68599dc4,
f3202dac-657b-466e-ab72-c78f4e7f014a,81.66,RON,Mega Image ref 76541980,2026-03-07T03:38:57+00:00,12cbffe1-d83b-42c0-8120-8703b8fbd5c6,
d1aab379-b25e-41cb-a7ee-b6c83bf67606,77.97,RON,Kaufland ref 84960818,2026-03-07T04:25:57+00:00,818e12e2-7146-4ffe-a877-ba23cf63df5b,
ebb5f565-5984-45ea-a858-135193658944,58.36,RON,Carrefour ref 84647192,2026-03-07T15:24:57+00:00,2eb300a6-bd34-43d9-94c9-8697b97c5ba7,
5fd229bc-8e67-4bc8-8401-6c6f480af459,43.69,RON,Mega Image ref 93589707,2026-03-07T15:37:57+00:00,aa7898aa-95b2-468b-ac92-275a68599dc4,
cc45a5fe-093a-401f-b18e-d96d4a95c90d,247.93,RON,OMV benzina ref 75059528,2026-03-07T16:08:57+00:00,7bf7bf91-9958-41e0-bb31-0f54e9f410c9,
ebd121d9-0814-48d5-bbd7-f2fa30492516,282.29,RON,OMV benzina ref 40795724,2026-03-07T16:21:57+00:00,97c83e0a-8a40-4c3e-b8e3-ae37cffa9985,
08c07a40-df99-4ee9-9be7-37d7abe7d30d,104.4,RON,Kaufland ref 94989716,2026-03-07T16:58:57+00:00,d3228db7-ef32-4e3e-8fa9-f9f8a84cc34d,
42a5c37c-e5de-4e28-93ba-140f321e2462,56.9,RON,Glovo ref 54893916,2026-03-07T18:27:57+00:00,aa7898aa-95b2-468b-ac92-275a68599dc4,
0c23abb7-890b-4cd2-9600-c1747fc0db09,42.82,RON,Kaufland ref 34583524,2026-03-07T19:06:57+00:00,56cc310a-2a4b-4ab3-87df-66009aa0bf74,
ed6cd0e7-5d0c-4156-bb95-3ece6c8dcdfe,138.79,RON,Carrefour ref 44441740,2026-03-07T19:36:57+00:00,818e12e2-7146-4ffe-a877-ba23cf63df5b,
b3e71c9b-3569-414a-8de3-61977794125a,191.25,RON,Kaufland ref 40860914,2026-03-07T20:01:57+00:00,12cbffe1-d83b-42c0-8120-8703b8fbd5c6,
09b4413c-a45c-494a-b452-98c460310461,28.48,RON,Mega Image ref 30356881,2026-03-07T20:10:57+00:00,0e5779ec-be1a-470f-ad83-a4c869f8d3e4,
71d857b8-316c-4558-be36-4321c6301690,348.58,RON,OMV benzina ref 29329805,2026-03-07T22:14:57+00:00,02c27ee1-ff57-48d4-82c7-6cf491fd62b9,
3aecf60f-341f-4701-8633-c388757e1b17,182.68,RON,Kaufland ref 16971209,2026-03-07T22:57:57+00:00,02c27ee1-ff57-48d4-82c7-6cf491fd62b9,
c2492e5e-005f-40e6-95c3-b2dbf374190d,242.75,RON,Dedeman ref 11287794,2026-03-07T23:01:57+00:00,bdd640fb-0667-4ad1-9c80-317fa3b1799d,
f551de2b-47ae-4c16-a75c-13166ca66053,21.17,RON,Mega Image ref 74603546,2026-03-08T00:36:57+00:00,d3228db7-ef32-4e3e-8fa9-f9f8a84cc34d,
2a07a58d-d43b-4f74-a609-456a8257909d,108.96,RON,Kaufland ref 59407992,2026-03-08T01:44:57+00:00,aa7898aa-95b2-468b-ac92-275a68599dc4,
d1e62852-ecd1-433b-a671-b9f8eb2980b0,60.83,RON,Mega Image ref 47536830,2026-03-08T02:42:57+00:00,82112000-16b4-4f2b-9dee-8ec850f886ea,
ebbb547d-e8d4-43a2-87bf-f1a5f8ae4471,195.21,RON,Kaufland ref 50176369,2026-03-08T03:56:57+00:00,33a2f3d5-7d4c-460f-ba3e-5b7745b7b856,
34a11999-dfcd-421a-aede-901cbe2904f8,44.27,RON,Glovo ref 24325007,2026-03-08T15:41:57+00:00,aa7898aa-95b2-468b-ac92-275a68599dc4,
37c2be05-3764-451b-8539-3cf9c1701ee4,59.73,RON,Mega Image ref 47077700,2026-03-08T16:23:57+00:00,818e12e2-7146-4ffe-a877-ba23cf63df5b,
b032e7a7-fccb-4080-8b22-b6abaf41c896,33.83,RON,Farmacia Tei ref 39644868,2026-03-08T16:33:57+00:00,2eb300a6-bd34-43d9-94c9-8697b97c5ba7,
af5ba008-4f29-41c3-8681-1b98db4279e7,58.46,RON,Carrefour ref 13327768,2026-03-08T19:05:57+00:00,97c83e0a-8a40-4c3e-b8e3-ae37cffa9985,
6a367425-fa41-4d2e-8ab2-14388557ec6c,137.56,RON,Kaufland ref 15316025,2026-03-08T20:20:57+00:00,0e5779ec-be1a-470f-ad83-a4c869f8d3e4,
d8438a51-1ae9-4db3-beb7-dd5e95b6ddab,40.49,RON,Lidl ref 38466611,2026-03-08T20:23:57+00:00,818e12e2-7146-4ffe-a877-ba23cf63df5b,
6830e63b-3277-42a7-a53a-846503021844,48.55,RON,Mega Image ref 69762729,2026-03-08T21:10:57+00:00,02c27ee1-ff57-48d4-82c7-6cf491fd62b9,
c23dbf55-6946-4b4a-a3f8-64ba285c81b3,105.63,RON,Kaufland ref 34243767,2026-03-08T22:09:57+00:00,d3228db7-ef32-4e3e-8fa9-f9f8a84cc34d,
fc78e94e-8313-47f1-b53c-35cf19a1a17b,115.27,RON,Lidl ref 48904477,2026-03-08T22:11:57+00:00,12cbffe1-d83b-42c0-8120-8703b8fbd5c6,
e54a0d90-e630-409c-8b8e-57e4bd595248,137.27,RON,Kaufland ref 53852542,2026-03-08T22:42:57+00:00,818e12e2-7146-4ffe-a877-ba23cf63df5b,
3c50e9ab-2c84-424a-8ea8-bc81ab5594ff,74.24,RON,Lidl ref 22910752,2026-03-08T23:39:57+00:00,5588e5c9-786a-4f09-8721-a8cedc57f9c8,
4dc1c2a4-fdf3-4fe7-8914-7814f62c0f2d,79.15,RON,Mega Image ref 41710803,2026-03-09T00:22:57+00:00,82112000-16b4-4f2b-9dee-8ec850f886ea,
d5495d0f-130a-4aba-883a-4d513cd03541,153.94,RON,Kaufland ref 87187597,2026-03-09T00:26:57+00:00,6e36dc96-4f61-48f4-b69f-4ca617af9323,
ec4f0c41-876d-47c8-baa3-d0c10e0a38b3,80.34,RON,Carrefour ref 12648608,2026-03-09T00:32:57+00:00,818e12e2-7146-4ffe-a877-ba23cf63df5b,
e51d90b7-9663-41a2-94b7-5cf3d14f8146,224.83,RON,OMV benzina ref 17167939,2026-03-09T02:41:57+00:00,818e12e2-7146-4ffe-a877-ba23cf63df5b,
ccf0e45f-d7ce-443d-bdcf-b7d38f731751,27.22,RON,Mega Image ref 48815255,2026-03-09T03:16:57+00:00,33a2f3d5-7d4c-460f-ba3e-5b7745b7b856,
b8068204-d5aa-4c67-aa2c-750c1d406357,130.78,RON,Carrefour ref 77789197,2026-03-09T03:17:57+00:00,6e36dc96-4f61-48f4-b69f-4ca617af9323,
e81909ce-0dd7-4ac2-8a10-55c534b0738e,187.65,RON,OMV benzina ref 42514108,2026-03-09T04:25:57+00:00,0e5779ec-be1a-470f-ad83-a4c869f8d3e4,
d60b6a74-f9f9-4ddb-81db-94bb0410053f,64.35,RON,Carrefour ref 88677656,2026-03-09T14:53:57+00:00,97c83e0a-8a40-4c3e-b8e3-ae37cffa9985,
0315fa19-065b-46aa-a478-832f026575a7,69.54,RON,Lidl ref 48729753,2026-03-09T14:58:57+00:00,82112000-16b4-4f2b-9dee-8ec850f886ea,
2d1801d7-602c-4887-9cec-b53624f3984a,52.16,RON,Mega Image ref 30086155,2026-03-09T15:02:57+00:00,7bf7bf91-9958-41e0-bb31-0f54e9f410c9,
d74c8860-f2fb-42c6-925b-53f506edd6bb,143.65,RON,Lidl ref 30340520,2026-03-09T15:47:57+00:00,02c27ee1-ff57-48d4-82c7-6cf491fd62b9,
0ff1c51f-915c-431b-9786-7b1213281726,28.84,RON,Glovo ref 62928934,2026-03-09T16:11:57+00:00,bdd640fb-0667-4ad1-9c80-317fa3b1799d,
2fbf28e0-35c5-4abc-be9f-020cac322947,86.85,RON,Kaufland ref 34854035,2026-03-09T16:38:57+00:00,82112000-16b4-4f2b-9dee-8ec850f886ea,
8eb2d52f-4f5b-4740-920b-acdc5669e397,53.66,RON,Farmacia Tei ref 40231456,2026-03-09T17:07:57+00:00,5588e5c9-786a-4f09-8721-a8cedc57f9c8,
38665e81-3ff1-454b-8128-b138bf99a6e3,93.55,RON,Kaufland ref 62051034,2026-03-09T17:36:57+00:00,7bf7bf91-9958-41e0-bb31-0f54e9f410c9,
755d814b-5f5b-4255-a544-9887b36ab3ed,52.66,RON,Mega Image ref 65439545,2026-03-09T18:36:57+00:00,bdd640fb-0667-4ad1-9c80-317fa3b1799d,
92508d82-fc26-4a31-9691-1e98800b137f,38.42,RON,Glovo ref 82673198,2026-03-09T20:36:57+00:00,d3228db7-ef32-4e3e-8fa9-f9f8a84cc34d,
d7e44d12-49af-4dc4-80f9-ed51c49aa38a,65.94,RON,Glovo ref 61886938,2026-03-09T21:25:57+00:00,97c83e0a-8a40-4c3e-b8e3-ae37cffa9985,
f032c262-243b-4101-bdf4-8930a265df65,96.26,RON,Farmacia Tei ref 16993664,2026-03-09T21:43:57+00:00,0e5779ec-be1a-470f-ad83-a4c869f8d3e4,
1d947769-0117-4e35-8713-15143c504abb,24.05,RON,Mega Image ref 19297424,2026-03-09T22:27:57+00:00,56cc310a-2a4b-4ab3-87df-66009aa0bf74,
b66169a5-e92b-4986-b775-14eb9ef9856b,81.7,RON,Lidl ref 70947503,2026-03-10T00:42:57+00:00,2eb300a6-bd34-43d9-94c9-8697b97c5ba7,
4f55b58e-0618-43ec-82d7-68c637809a0a,62.65,RON,Farmacia Tei ref 43867505,2026-03-10T00:53:57+00:00,aa7898aa-95b2-468b-ac92-275a68599dc4,
63403148-2062-40f2-84b7-4a0beb08fc43,57.05,RON,Mega Image ref 77562491,2026-03-10T02:22:57+00:00,02c27ee1-ff57-48d4-82c7-6cf491fd62b9,
63796fa5-b84e-403d-b261-29777fe54edd,126.37,RON,Carrefour ref 37696190,2026-03-10T03:50:57+00:00,aa7898aa-95b2-468b-ac92-275a68599dc4,
0d5870da-7f76-4d1d-a098-629c18c7a05e,68.28,RON,Farmacia Tei ref 88047901,2026-03-10T17:25:57+00:00,97c83e0a-8a40-4c3e-b8e3-ae37cffa9985,
650828a6-ac4c-425f-9fa6-4479cdb6f2ff,108.63,RON,Lidl ref 67134647,2026-03-10T17:26:57+00:00,97c83e0a-8a40-4c3e-b8e3-ae37cffa9985,
ce85f204-6f6a-42e3-b108-c26c4e7e1713,51.65,RON,Mega Image ref 69910355,2026-03-10T17:33:57+00:00,33a2f3d5-7d4c-460f-ba3e-5b7745b7b856,
dae17734-1980-4bee-901a-66041c8c3cd0,185.99,RON,Kaufland ref 57058212,2026-03-10T17:56:57+00:00,33a2f3d5-7d4c-460f-ba3e-5b7745b7b856,
f630523d-8a55-4651-8d65-4b890fd23d30,116.14,RON,Kaufland ref 26285373,2026-03-10T18:36:57+00:00,12cbffe1-d83b-42c0-8120-8703b8fbd5c6,
980ad348-a866-4a2e-98bc-3897e37b9de3,64.03,RON,Carrefour ref 22436179,2026-03-10T18:56:57+00:00,2eb300a6-bd34-43d9-94c9-8697b97c5ba7,
93c65d83-9de7-4a28-beb5-6b7746047630,32.18,RON,Mega Image ref 43829450,2026-03-10T19:09:57+00:00,d3228db7-ef32-4e3e-8fa9-f9f8a84cc34d,
10627761-fdb5-46ad-a9da-5dd755370e6d,172.49,RON,OMV benzina ref 70891688,2026-03-10T20:17:57+00:00,56cc310a-2a4b-4ab3-87df-66009aa0bf74,
4b5f9c24-4a36-4cf1-b9e5-c05333cda586,44.56,RON,Mega Image ref 36239836,2026-03-11T01:39:57+00:00,7bf7bf91-9958-41e0-bb31-0f54e9f410c9,
9b191112-2d2a-408e-ac8c-5d0e3eb366fd,41.15,RON,Glovo ref 36512868,2026-03-11T02:08:57+00:00,0e5779ec-be1a-470f-ad83-a4c869f8d3e4,
e23f2e89-3e0d-4170-96ca-f898a1e0e9a9,87.72,RON,Mega Image ref 80986725,2026-03-11T03:55:57+00:00,12cbffe1-d83b-42c0-8120-8703b8fbd5c6,
c466fcbd-890d-4b73-94e9-bb0cb195156b,55.0,RON,Mega Image ref 13509742,2026-03-11T04:22:57+00:00,97c83e0a-8a40-4c3e-b8e3-ae37cffa9985,
d7ea0ea9-6a3f-4412-9d0a-85eeeb30a44f,31.9,RON,Kaufland ref 64582718,2026-03-11T15:41:57+00:00,2eb300a6-bd34-43d9-94c9-8697b97c5ba7,
b383d8aa-21df-423e-b48b-544c22d7a7cd,68.67,RON,Carrefour ref 63963968,2026-03-11T16:02:57+00:00,56cc310a-2a4b-4ab3-87df-66009aa0bf74,
40cc5d0a-d6ae-4c0b-a16b-964329e70d83,81.77,RON,Kaufland ref 58960065,2026-03-11T16:17:57+00:00,33a2f3d5-7d4c-460f-ba3e-5b7745b7b856,
02dec88f-db6f-4ad4-8cce-a3259e88ebab,26.49,RON,Lidl ref 14187584,2026-03-11T16:35:57+00:00,aa7898aa-95b2-468b-ac92-275a68599dc4,
7a80174e-4b6b-4bfc-89a1-db15494dc24a,42.43,RON,Lidl ref 80865061,2026-03-11T17:32:57+00:00,56cc310a-2a4b-4ab3-87df-66009aa0bf74,
70f417b0-d321-4385-a866-bb19b53eb06f,69.67,RON,Glovo ref 27514403,2026-03-11T17:48:57+00:00,818e12e2-7146-4ffe-a877-ba23cf63df5b,
9b4974a5-40d1-4c15-ad5b-9058a3de937c,198.73,RON,OMV benzina ref 55039197,2026-03-11T18:03:57+00:00,02c27ee1-ff57-48d4-82c7-6cf491fd62b9,
9c014262-815a-4a5d-ac35-e33c70fe05a1,194.83,RON,OMV benzina ref 73178094,2026-03-11T20:04:57+00:00,0e5779ec-be1a-470f-ad83-a4c869f8d3e4,
b5b78f19-efd5-4617-8854-f4fb3e2b58d9,77.21,RON,Glovo ref 74317612,2026-03-11T20:55:57+00:00,6e36dc96-4f61-48f4-b69f-4ca617af9323,
c8a534f5-db4e-4ee9-8a5d-d8e85cae5ec9,48.05,RON,Lidl ref 84260621,2026-03-11T21:04:57+00:00,2eb300a6-bd34-43d9-94c9-8697b97c5ba7,
aee0ba17-9d25-4068-9fca-fb85dc34d926,240.7,RON,OMV benzina ref 11385716,2026-03-11T21:40:57+00:00,7bf7bf91-9958-41e0-bb31-0f54e9f410c9,
3527a5c8-c534-4a08-b6f2-4d1c5bb8b9c8,44.03,RON,Glovo ref 81930575,2026-03-11T21:59:57+00:00,bdd640fb-0667-4ad1-9c80-317fa3b1799d,
22bab7c3-9326-4fcb-89fa-ff7dfcd3a383,95.13,RON,Kaufland ref 98579002,2026-03-11T23:06:57+00:00,12cbffe1-d83b-42c0-8120-8703b8fbd5c6,
dd5b1869-6f6b-4156-b2c5-643b1cfc3e69,102.34,RON,Lidl ref 38265554,2026-03-12T00:21:57+00:00,33a2f3d5-7d4c-460f-ba3e-5b7745b7b856,
0490322b-3c27-4e4b-945a-77857a350455,79.81,RON,Kaufland ref 18324495,2026-03-12T02:48:57+00:00,97c83e0a-8a40-4c3e-b8e3-ae37cffa9985,
ce16648e-0dfe-4e16-a066-f392391d9571,81.3,RON,Lidl ref 19432076,2026-03-12T03:34:57+00:00,d3228db7-ef32-4e3e-8fa9-f9f8a84cc34d,
afa14a55-cebe-4baa-a859-7b341725d2c7,55.99,RON,Netflix,2026-03-12T06:39:57+00:00,bdd640fb-0667-4ad1-9c80-317fa3b1799d,
6d69e88c-61a4-4230-830d-cc74051256b8,55.99,RON,Netflix,2026-03-12T06:39:57+00:00,0e5779ec-be1a-470f-ad83-a4c869f8d3e4,
a551524c-371e-4782-9e38-82740db4a7fa,55.99,RON,Netflix,2026-03-12T06:39:57+00:00,aa7898aa-95b2-468b-ac92-275a68599dc4,
c9bbdda4-3080-4036-902f-4df3dffd1d40,55.99,RON,Netflix,2026-03-12T06:39:57+00:00,7bf7bf91-9958-41e0-bb31-0f54e9f410c9,
5ed73ae0-fc41-4175-8ff2-51cf06269f70,55.99,RON,Netflix,2026-03-12T06:39:57+00:00,02c27ee1-ff57-48d4-82c7-6cf491fd62b9,
f7518a26-0fe5-4265-a571-2b6dde28e2ca,55.99,RON,Netflix,2026-03-12T06:39:57+00:00,56cc310a-2a4b-4ab3-87df-66009aa0bf74,
352b7091-1925-4284-a444-6030ef096b32,55.99,RON,Netflix,2026-03-12T06:39:57+00:00,5588e5c9-786a-4f09-8721-a8cedc57f9c8,
1de50783-933d-4f84-918d-1338728f566c,55.99,RON,Netflix,2026-03-12T06:39:57+00:00,33a2f3d5-7d4c-460f-ba3e-5b7745b7b856,
8c77ea46-4749-4806-a4ec-9cee6ff5e065,55.99,RON,Netflix,2026-03-12T06:39:57+00:00,6e36dc96-4f61-48f4-b69f-4ca617af9323,
6efdc298-6cf1-45fa-bf0c-4c31cd7bf1f1,55.99,RON,Netflix,2026-03-12T06:39:57+00:00,2eb300a6-bd34-43d9-94c9-8697b97c5ba7,
17159700-2c4f-4c1a-98fc-a16dc3561acd,55.99,RON,Netflix,2026-03-12T06:39:57+00:00,818e12e2-7146-4ffe-a877-ba23cf63df5b,
643b0587-eadc-485b-be43-fa6ac65ce886,55.99,RON,Netflix,2026-03-12T06:39:57+00:00,97c83e0a-8a40-4c3e-b8e3-ae37cffa9985,
19e83b67-6d41-4f1c-8502-ca4fd5c2c640,55.99,RON,Netflix,2026-03-12T06:39:57+00:00,d3228db7-ef32-4e3e-8fa9-f9f8a84cc34d,
e8d29cc5-0b5d-4070-9c99-d168cdcaf1cb,55.99,RON,Netflix,2026-03-12T06:39:57+00:00,12cbffe1-d83b-42c0-8120-8703b8fbd5c6,
7d2e8d42-d2e3-4997-b402-4a5b3d597934,55.99,RON,Netflix,2026-03-12T06:39:57+00:00,82112000-16b4-4f2b-9dee-8ec850f886ea,
22803be7-0e2f-47a5-acdc-7b52f1d3ef7f,158.17,RON,Carrefour ref 72823339,2026-03-12T15:01:57+00:00,33a2f3d5-7d4c-460f-ba3e-5b7745b7b856,
e19541b9-74df-4634-9170-2fd1aa1fbb9a,76.23,RON,Glovo ref 39850535,2026-03-12T15:25:57+00:00,818e12e2-7146-4ffe-a877-ba23cf63df5b,
22bb4bc9-bac6-4ac0-a3fa-9ed690c654fe,103.99,RON,Kaufland ref 32959320,2026-03-12T15:41:57+00:00,6e36dc96-4f61-48f4-b69f-4ca617af9323,
fbb8704e-e32a-4749-aea7-a67fee1cb89a,20.12,RON,Mega Image ref 71327790,2026-03-12T15:58:57+00:00,aa7898aa-95b2-468b-ac92-275a68599dc4,
8fa0b9d1-cd57-42e0-a4e1-68513ba559f8,30.36,RON,Glovo ref 27820879,2026-03-12T17:56:57+00:00,2eb300a6-bd34-43d9-94c9-8697b97c5ba7,
bda8a949-dacc-4d1a-9e65-18a978f9053d,18.3,RON,Mega Image ref 31152378,2026-03-12T18:15:57+00:00,5588e5c9-786a-4f09-8721-a8cedc57f9c8,
eaacfc80-7b37-4e6a-b749-f9987a3b5d70,49.83,RON,Glovo ref 69771555,2026-03-12T19:33:57+00:00,33a2f3d5-7d4c-460f-ba3e-5b7745b7b856,
8c297bba-9bec-43a7-864c-df91f9bbb164,42.56,RON,Lidl ref 23732035,2026-03-12T19:50:57+00:00,818e12e2-7146-4ffe-a877-ba23cf63df5b,
731321cb-216a-4437-b4e0-a890219e2a6e,22.48,RON,Farmacia Tei ref 14714158,2026-03-12T19:53:57+00:00,56cc310a-2a4b-4ab3-87df-66009aa0bf74,
9759d0ba-bbd2-4d6e-a41b-87bbcbe7a835,154.12,RON,Kaufland ref 38528929,2026-03-12T20:33:57+00:00,33a2f3d5-7d4c-460f-ba3e-5b7745b7b856,
05bba5e4-a754-4837-aae0-6e0147acaec9,144.08,RON,Kaufland ref 20213902,2026-03-12T21:26:57+00:00,aa7898aa-95b2-468b-ac92-275a68599dc4,
cc3f3de7-4ead-475e-9aa6-6e2d923eebb7,28.26,RON,Mega Image ref 59335299,2026-03-12T23:31:57+00:00,82112000-16b4-4f2b-9dee-8ec850f886ea,
a658ec01-3ffe-42a8-81a4-59b9dfc8ea8c,44.07,RON,Mega Image ref 24119684,2026-03-12T23:37:57+00:00,12cbffe1-d83b-42c0-8120-8703b8fbd5c6,
ad92abbf-65c5-4c9a-90ae-2dfc37296854,88.44,RON,Dedeman ref 30574887,2026-03-13T00:09:57+00:00,aa7898aa-95b2-468b-ac92-275a68599dc4,
79fc3831-ee9a-41b5-ae58-d695e15ab8f3,76.67,RON,Glovo ref 14075870,2026-03-13T01:26:57+00:00,aa7898aa-95b2-468b-ac92-275a68599dc4,
6009a05a-4881-4b98-b41f-55454e4c01f6,37.95,RON,Glovo ref 72230215,2026-03-13T01:50:57+00:00,0e5779ec-be1a-470f-ad83-a4c869f8d3e4,
452319ae-45ec-457f-8eb4-b40eb1e62f11,83.48,RON,Carrefour ref 87816352,2026-03-13T01:54:57+00:00,aa7898aa-95b2-468b-ac92-275a68599dc4,
a9c8e5db-3bcb-4e25-8443-7c769e167c19,65.8,RON,Glovo ref 76798361,2026-03-13T02:06:57+00:00,6e36dc96-4f61-48f4-b69f-4ca617af9323,
bd301435-0ab7-4f0e-96cd-c8bb463dc266,382.5,RON,OMV benzina ref 65267252,2026-03-13T03:35:57+00:00,12cbffe1-d83b-42c0-8120-8703b8fbd5c6,
17f4f88c-ddfe-4121-837b-24715e9d870c,229.25,RON,OMV benzina ref 93433985,2026-03-13T03:51:57+00:00,02c27ee1-ff57-48d4-82c7-6cf491fd62b9,
cd4c01b3-33e4-4ea9-baaa-f675b807eb46,55.76,RON,Mega Image ref 47791498,2026-03-13T16:28:57+00:00,aa7898aa-95b2-468b-ac92-275a68599dc4,
9ac62e25-cf3c-4829-a44a-603e156e57f8,46.96,RON,Farmacia Tei ref 82844920,2026-03-13T16:35:57+00:00,7bf7bf91-9958-41e0-bb31-0f54e9f410c9,
28f6f012-2ba5-4631-8b77-624651a3dfe4,55.12,RON,Mega Image ref 73641389,2026-03-13T17:07:57+00:00,7bf7bf91-9958-41e0-bb31-0f54e9f410c9,
dac726b6-6786-4fb3-b3bc-9a7107f4fee5,88.89,RON,Lidl ref 33336132,2026-03-13T18:55:57+00:00,bdd640fb-0667-4ad1-9c80-317fa3b1799d,
87d5292c-e64e-4b2d-897e-48285850a652,47.93,RON,Mega Image ref 73779384,2026-03-13T19:57:57+00:00,02c27ee1-ff57-48d4-82c7-6cf491fd62b9,
4a8cc1c0-b63f-4a96-9141-9bef93485093,44.23,RON,Mega Image ref 46377480,2026-03-13T20:29:57+00:00,97c83e0a-8a40-4c3e-b8e3-ae37cffa9985,
fea31021-3aa2-4d65-8120-bd0225844bfd,61.42,RON,Mega Image ref 60333835,2026-03-13T21:24:57+00:00,818e12e2-7146-4ffe-a877-ba23cf63df5b,
e5bc89c0-93a6-4684-8365-99fcf91070e0,63.44,RON,Lidl ref 33491174,2026-03-13T21:32:57+00:00,aa7898aa-95b2-468b-ac92-275a68599dc4,
3339dfb8-778a-45bb-bb38-25bc37d4e6f7,233.33,RON,OMV benzina ref 37391589,2026-03-13T22:00:57+00:00,818e12e2-7146-4ffe-a877-ba23cf63df5b,
710cfbc0-fc84-435e-a5e5-d5261c1183af,173.98,RON,OMV benzina ref 90599649,2026-03-13T22:37:57+00:00,5588e5c9-786a-4f09-8721-a8cedc57f9c8,
3e9f9aae-46cd-4c16-8978-0a559cf3ea55,60.33,RON,Mega Image ref 68617885,2026-03-13T23:37:57+00:00,12cbffe1-d83b-42c0-8120-8703b8fbd5c6,
dc7a1771-b1d2-40bc-b742-7eb6154f8243,45.58,RON,Glovo ref 58118466,2026-03-14T00:29:57+00:00,6e36dc96-4f61-48f4-b69f-4ca617af9323,
8448297c-8c75-4197-a900-fb65e2f16201,21.93,RON,Glovo ref 61664057,2026-03-14T01:04:57+00:00,2eb300a6-bd34-43d9-94c9-8697b97c5ba7,
fbcf5ed7-37ee-4ff1-bf9e-7619d0a9aeac,51.21,RON,Glovo ref 95361227,2026-03-14T01:21:57+00:00,d3228db7-ef32-4e3e-8fa9-f9f8a84cc34d,
6a7330b3-ecfa-4700-a790-eee07dcfe924,249.36,RON,OMV benzina ref 60232033,2026-03-14T04:11:57+00:00,0e5779ec-be1a-470f-ad83-a4c869f8d3e4,
dd5326f9-9a8a-406f-9d68-01739a5f9835,19.4,RON,Mega Image ref 27662714,2026-03-14T04:15:57+00:00,5588e5c9-786a-4f09-8721-a8cedc57f9c8,
3ef62670-c885-4a14-8623-1597097f7eee,56.5,RON,Carrefour ref 49153450,2026-03-14T15:01:57+00:00,d3228db7-ef32-4e3e-8fa9-f9f8a84cc34d,
244a8147-51f4-4422-9a35-cddff47bfa23,101.52,RON,Kaufland ref 90909762,2026-03-14T15:48:57+00:00,97c83e0a-8a40-4c3e-b8e3-ae37cffa9985,
f5044d15-6fb1-48c2-8350-bf4f31b8f079,280.56,RON,OMV benzina ref 31791910,2026-03-14T16:03:57+00:00,0e5779ec-be1a-470f-ad83-a4c869f8d3e4,
534ce33a-f797-4352-8fc1-50f396f205b5,90.82,RON,Glovo ref 30270838,2026-03-14T16:07:57+00:00,6e36dc96-4f61-48f4-b69f-4ca617af9323,
8b29c92e-35af-4a55-9395-5e6fa0239bac,45.72,RON,Mega Image ref 27456155,2026-03-14T16:30:57+00:00,56cc310a-2a4b-4ab3-87df-66009aa0bf74,
9766cd43-26d1-4922-8ac3-3b9c37e6daaf,15.88,RON,Mega Image ref 65098084,2026-03-14T18:46:57+00:00,7bf7bf91-9958-41e0-bb31-0f54e9f410c9,
29f5010c-8b6a-4c97-b8f4-223bd21a5375,65.13,RON,Farmacia Tei ref 71237842,2026-03-14T19:44:57+00:00,aa7898aa-95b2-468b-ac92-275a68599dc4,
dfd49991-df48-4169-b4e1-a8554c5a3587,102.11,RON,Kaufland ref 48153914,2026-03-14T21:19:57+00:00,56cc310a-2a4b-4ab3-87df-66009aa0bf74,
cd3585f4-488f-4afd-b1cf-8582e7238a83,36.15,RON,Kaufland ref 17413977,2026-03-14T22:45:57+00:00,d3228db7-ef32-4e3e-8fa9-f9f8a84cc34d,
b5e1d78b-d421-4350-957a-405262a5f10a,59.94,RON,Mega Image ref 68018636,2026-03-14T22:50:57+00:00,6e36dc96-4f61-48f4-b69f-4ca617af9323,
329fc417-1081-4d45-bf45-f8a20594b24f,261.98,RON,OMV benzina ref 20064609,2026-03-14T23:55:57+00:00,bdd640fb-0667-4ad1-9c80-317fa3b1799d,
f5e18998-d005-418b-a58a-66db6031c286,79.63,RON,Kaufland ref 10010663,2026-03-15T00:30:57+00:00,12cbffe1-d83b-42c0-8120-8703b8fbd5c6,
cabe2348-7d10-457c-b3f4-5487f3bfde5f,54.82,RON,Mega Image ref 85020246,2026-03-15T00:32:57+00:00,aa7898aa-95b2-468b-ac92-275a68599dc4,
d54ec6a5-0899-4691-ad61-ea88fba778b9,53.93,RON,Glovo ref 35095102,2026-03-15T01:44:57+00:00,5588e5c9-786a-4f09-8721-a8cedc57f9c8,
259497b2-6c01-45b0-8d97-431717e08858,84.09,RON,Glovo ref 68877951,2026-03-15T03:27:57+00:00,82112000-16b4-4f2b-9dee-8ec850f886ea,
5f4b1a97-668c-479b-92dc-42c832b8d8aa,152.11,RON,Kaufland ref 27544302,2026-03-15T04:28:57+00:00,bdd640fb-0667-4ad1-9c80-317fa3b1799d,
0cf697a5-7603-436c-b139-4e3c0aee2557,117.36,RON,Carrefour ref 26445384,2026-03-15T04:32:57+00:00,bdd640fb-0667-4ad1-9c80-317fa3b1799d,
62ff2b6a-e050-44c1-8338-177fd5f6cf6f,75.07,RON,Mega Image ref 47120110,2026-03-15T17:21:57+00:00,82112000-16b4-4f2b-9dee-8ec850f886ea,
136ac2c8-5705-4ed4-824b-ef98e4c49882,120.77,RON,Kaufland ref 61668735,2026-03-15T17:43:57+00:00,02c27ee1-ff57-48d4-82c7-6cf491fd62b9,
99e18252-2f14-4c86-9556-d2b63910fd1f,88.25,RON,Carrefour ref 55394592,2026-03-15T17:55:57+00:00,12cbffe1-d83b-42c0-8120-8703b8fbd5c6,
a574625f-06ed-4b11-83ad-e32f9f9dda0d,173.75,RON,OMV benzina ref 44790435,2026-03-15T20:43:57+00:00,7bf7bf91-9958-41e0-bb31-0f54e9f410c9,
7c329229-29f2-4307-813b-da74e58ddcf5,108.71,RON,Kaufland ref 69629685,2026-03-15T20:46:57+00:00,2eb300a6-bd34-43d9-94c9-8697b97c5ba7,
2e0cf801-f436-4b12-8391-ef93aa012ab9,50.76,RON,Mega Image ref 49816893,2026-03-15T20:50:57+00:00,7bf7bf91-9958-41e0-bb31-0f54e9f410c9,
075a58b8-ee1a-478a-85db-d0221474a551,54.73,RON,Glovo ref 49789085,2026-03-15T20:59:57+00:00,56cc310a-2a4b-4ab3-87df-66009aa0bf74,
82ba6beb-dc9c-43eb-9f61-97b458c26f68,28.48,RON,Lidl ref 50105286,2026-03-15T21:05:57+00:00,56cc310a-2a4b-4ab3-87df-66009aa0bf74,
5086e2f3-13c7-48e9-a7da-c1ccf46f77f0,30.04,RON,Mega Image ref 79667126,2026-03-15T21:05:57+00:00,d3228db7-ef32-4e3e-8fa9-f9f8a84cc34d,
47a48c42-4665-4497-afe9-22aae886a011,153.59,RON,OMV benzina ref 38818707,2026-03-16T01:06:57+00:00,bdd640fb-0667-4ad1-9c80-317fa3b1799d,
3730f172-e065-4be1-804d-b2ae64d4edd2,62.66,RON,Mega Image ref 35446306,2026-03-16T01:56:57+00:00,5588e5c9-786a-4f09-8721-a8cedc57f9c8,
d11b752f-bdf1-4ba5-be96-4a05f169e136,63.93,RON,Mega Image ref 59383418,2026-03-16T03:40:57+00:00,12cbffe1-d83b-42c0-8120-8703b8fbd5c6,
500786da-bbcf-41bc-8c8b-33c3479aa0d6,64.02,RON,Glovo ref 29001345,2026-03-16T15:10:57+00:00,82112000-16b4-4f2b-9dee-8ec850f886ea,
91678c1a-be06-4757-86e7-3c949ff1e631,94.12,RON,Kaufland ref 42127507,2026-03-16T15:14:57+00:00,6e36dc96-4f61-48f4-b69f-4ca617af9323,
61980275-8a50-4d57-b473-dcb185f7bf5e,132.21,RON,Kaufland ref 98955800,2026-03-16T16:43:57+00:00,56cc310a-2a4b-4ab3-87df-66009aa0bf74,
a1169da6-76a0-41bb-8e6e-8d63a1aca513,54.5,RON,Mega Image ref 11000660,2026-03-16T16:49:57+00:00,5588e5c9-786a-4f09-8721-a8cedc57f9c8,
b462a90d-95c4-441f-b372-2a0e17731601,50.13,RON,Mega Image ref 84348135,2026-03-16T17:47:57+00:00,97c83e0a-8a40-4c3e-b8e3-ae37cffa9985,
c0f2b34e-7365-449b-b770-28e6a53d2350,19.91,RON,Mega Image ref 58139696,2026-03-16T19:35:57+00:00,aa7898aa-95b2-468b-ac92-275a68599dc4,
b6f9f08e-ec1e-42d3-96de-756d63de76b3,51.89,RON,Mega Image ref 46575524,2026-03-16T20:32:57+00:00,56cc310a-2a4b-4ab3-87df-66009aa0bf74,
3fc825ac-869b-400f-8c15-2a1be2789642,44.74,RON,Glovo ref 96255361,2026-03-16T20:47:57+00:00,bdd640fb-0667-4ad1-9c80-317fa3b1799d,
7cafd9ae-1c28-4b82-b287-68d148262846,136.21,RON,Farmacia Tei ref 61195094,2026-03-16T21:12:57+00:00,02c27ee1-ff57-48d4-82c7-6cf491fd62b9,
280257de-c769-4c9a-a79b-e25da56c9f83,167.62,RON,Kaufland ref 79431701,2026-03-16T23:53:57+00:00,12cbffe1-d83b-42c0-8120-8703b8fbd5c6,
107187d9-2833-4002-9b04-9d89b451c12b,247.44,RON,OMV benzina ref 40125106,2026-03-17T00:13:57+00:00,7bf7bf91-9958-41e0-bb31-0f54e9f410c9,
6e84a24b-f61d-4b9c-9c3e-82e96867453f,97.08,RON,Lidl ref 82782058,2026-03-17T01:27:57+00:00,aa7898aa-95b2-468b-ac92-275a68599dc4,
2b8f9684-e191-481d-a915-27388ebc9790,21.0,RON,Glovo ref 64669019,2026-03-17T03:03:57+00:00,2eb300a6-bd34-43d9-94c9-8697b97c5ba7,
fb9bb080-e799-40fc-b565-a6bb00d34b0b,80.87,RON,Glovo ref 34661719,2026-03-17T04:00:57+00:00,33a2f3d5-7d4c-460f-ba3e-5b7745b7b856,
8e347312-8a57-4378-9dec-c064d082804c,30.67,RON,Farmacia Tei ref 32489763,2026-03-17T16:21:57+00:00,56cc310a-2a4b-4ab3-87df-66009aa0bf74,
0b293c06-03a6-4a9c-8a1c-2aa637d1f352,61.89,RON,Glovo ref 59946845,2026-03-17T17:51:57+00:00,5588e5c9-786a-4f09-8721-a8cedc57f9c8,
365dacc3-e6d9-411a-b7af-791c0d29bcbe,85.44,RON,Carrefour ref 58613325,2026-03-17T19:12:57+00:00,d3228db7-ef32-4e3e-8fa9-f9f8a84cc34d,
23b7aaf6-92dd-4487-8c79-eecad9e18c82,76.7,RON,Lidl ref 31398059,2026-03-17T20:13:57+00:00,aa7898aa-95b2-468b-ac92-275a68599dc4,
912e0c78-6415-4eeb-ab8c-4af5a450420f,22.23,RON,Mega Image ref 59928214,2026-03-17T21:35:57+00:00,97c83e0a-8a40-4c3e-b8e3-ae37cffa9985,
1a4b0992-a834-4352-a972-1813ca51be9e,57.63,RON,Lidl ref 72087735,2026-03-17T23:41:57+00:00,02c27ee1-ff57-48d4-82c7-6cf491fd62b9,
e454e252-515e-4a13-abad-18921833ce4c,97.23,RON,Glovo ref 86739922,2026-03-18T00:27:57+00:00,12cbffe1-d83b-42c0-8120-8703b8fbd5c6,
ab2cece2-51d1-4eb4-8b9d-2d91ebf73308,66.53,RON,Mega Image ref 69866120,2026-03-18T01:11:57+00:00,5588e5c9-786a-4f09-8721-a8cedc57f9c8,
728a9df7-8718-4267-83de-04524dedfdcb,51.77,RON,Glovo ref 76515425,2026-03-18T01:24:57+00:00,2eb300a6-bd34-43d9-94c9-8697b97c5ba7,
f9619ae2-960e-4c1a-b4c0-fd1865cd7fd1,60.84,RON,Glovo ref 61586279,2026-03-18T02:44:57+00:00,0e5779ec-be1a-470f-ad83-a4c869f8d3e4,
d6109ef4-8590-46af-b4e5-19814ae61df0,86.75,RON,Lidl ref 40298336,2026-03-18T02:48:57+00:00,82112000-16b4-4f2b-9dee-8ec850f886ea,
ee00c83a-1961-4156-941d-5dc765550121,69.98,RON,Carrefour ref 52526089,2026-03-18T15:08:57+00:00,818e12e2-7146-4ffe-a877-ba23cf63df5b,
e5dcdfd7-95c4-4328-93f3-170d502fb862,54.65,RON,Carrefour ref 54794195,2026-03-18T15:17:57+00:00,2eb300a6-bd34-43d9-94c9-8697b97c5ba7,
1fd39664-542c-4bb8-a63a-a49e4335f7ab,70.7,RON,Farmacia Tei ref 48811644,2026-03-18T16:11:57+00:00,2eb300a6-bd34-43d9-94c9-8697b97c5ba7,
7a04eeab-e64c-4a66-bb1c-7842de6af8b3,70.26,RON,Lidl ref 17642940,2026-03-18T17:21:57+00:00,d3228db7-ef32-4e3e-8fa9-f9f8a84cc34d,
4ed7b3f3-9609-42eb-a1fe-6f28e2fb8d66,62.05,RON,Mega Image ref 98380502,2026-03-18T19:11:57+00:00,0e5779ec-be1a-470f-ad83-a4c869f8d3e4,
78c04ed8-fdd4-4f21-8f03-f0c80effd5bd,63.85,RON,Kaufland ref 47706144,2026-03-18T20:17:57+00:00,bdd640fb-0667-4ad1-9c80-317fa3b1799d,
afb9b175-f808-493a-af4c-460508f0d796,160.89,RON,OMV benzina ref 18531302,2026-03-18T21:03:57+00:00,97c83e0a-8a40-4c3e-b8e3-ae37cffa9985,
58e2f1ea-7cb2-4dc1-bef0-6a7b1ab6f1e7,85.95,RON,Kaufland ref 66354096,2026-03-18T21:48:57+00:00,2eb300a6-bd34-43d9-94c9-8697b97c5ba7,
65605a6b-3bd7-40b7-8299-0103e0a5f12d,229.03,RON,OMV benzina ref 43817910,2026-03-18T22:23:57+00:00,12cbffe1-d83b-42c0-8120-8703b8fbd5c6,
2a505852-6140-4eab-b161-10d77fe80263,112.41,RON,Lidl ref 82346197,2026-03-18T23:29:57+00:00,97c83e0a-8a40-4c3e-b8e3-ae37cffa9985,
15ced849-1ce1-43af-ac22-167bfa4edf5a,85.32,RON,Lidl ref 79438761,2026-03-18T23:38:57+00:00,02c27ee1-ff57-48d4-82c7-6cf491fd62b9,
9a1e36cc-0a2f-43bb-a11c-d828ec0f3e26,28.01,RON,Mega Image ref 38187301,2026-03-18T23:47:57+00:00,d3228db7-ef32-4e3e-8fa9-f9f8a84cc34d,
adc44f54-0c75-4b17-abe4-ac40d4dbc325,135.96,RON,Carrefour ref 55601680,2026-03-19T00:40:57+00:00,6e36dc96-4f61-48f4-b69f-4ca617af9323,
61b2d992-f1d4-44f2-aebe-44cede11e863,50.44,RON,Mega Image ref 37915295,2026-03-19T01:49:57+00:00,56cc310a-2a4b-4ab3-87df-66009aa0bf74,
498b144c-a964-44e0-bb93-eebfd2c15de1,158.54,RON,Carrefour ref 57653098,2026-03-19T01:49:57+00:00,12cbffe1-d83b-42c0-8120-8703b8fbd5c6,
ab55b4be-61bb-4b77-abbb-5ff1f4629df1,488.1,RON,Dedeman ref 94392799,2026-03-19T01:56:57+00:00,12cbffe1-d83b-42c0-8120-8703b8fbd5c6,
0ef90bcc-8988-466f-8e67-d7d8431bdc70,25.08,RON,Farmacia Tei ref 53851162,2026-03-19T03:16:57+00:00,7bf7bf91-9958-41e0-bb31-0f54e9f410c9,
48c503fd-8cc0-4da3-9a71-3c69033344eb,33.71,RON,Lidl ref 14999889,2026-03-19T14:43:57+00:00,d3228db7-ef32-4e3e-8fa9-f9f8a84cc34d,
4fafd096-3ca5-41a2-ae96-eefcf54beea0,118.81,RON,Kaufland ref 78970721,2026-03-19T16:02:57+00:00,2eb300a6-bd34-43d9-94c9-8697b97c5ba7,
bba8a7e5-49d0-4ac1-a78e-b37c6ab62dbf,75.19,RON,Farmacia Tei ref 80459205,2026-03-19T16:28:57+00:00,0e5779ec-be1a-470f-ad83-a4c869f8d3e4,
bd227b29-8b6c-41f8-bd83-1b3b1136e1c7,104.14,RON,Farmacia Tei ref 54193779,2026-03-19T16:49:57+00:00,82112000-16b4-4f2b-9dee-8ec850f886ea,
034a3c95-5f2e-49b8-8c55-042d6476d2d7,75.4,RON,Carrefour ref 18835872,2026-03-19T16:55:57+00:00,6e36dc96-4f61-48f4-b69f-4ca617af9323,
fdd5b0f8-d6d7-44fd-af69-a9805ad479ef,52.71,RON,Mega Image ref 62133188,2026-03-19T18:15:57+00:00,bdd640fb-0667-4ad1-9c80-317fa3b1799d,
b63473ed-2f0e-446b-b860-4b383772f988,346.98,RON,Dedeman ref 95593647,2026-03-19T18:56:57+00:00,5588e5c9-786a-4f09-8721-a8cedc57f9c8,
66c351df-856c-4061-8ff9-a43e1f6438a5,226.56,RON,OMV benzina ref 83149724,2026-03-19T19:30:57+00:00,818e12e2-7146-4ffe-a877-ba23cf63df5b,
8f202014-7ac5-40dc-8fba-0368125c5c26,116.92,RON,Carrefour ref 84279339,2026-03-19T19:40:57+00:00,97c83e0a-8a40-4c3e-b8e3-ae37cffa9985,
416dea26-3089-4e76-9ffb-04563516d066,35.19,RON,Glovo ref 81982274,2026-03-19T20:34:57+00:00,02c27ee1-ff57-48d4-82c7-6cf491fd62b9,
95c51842-13ec-4f02-8ccb-d2144fc6f16f,257.64,RON,OMV benzina ref 49593469,2026-03-19T20:36:57+00:00,6e36dc96-4f61-48f4-b69f-4ca617af9323,
7a9e3e4e-254e-4d58-a15d-7b3b292e324f,51.89,RON,Mega Image ref 78690775,2026-03-19T20:38:57+00:00,d3228db7-ef32-4e3e-8fa9-f9f8a84cc34d,
7136e9e5-7f71-4837-aeb4-4055ea628d3d,207.25,RON,OMV benzina ref 77441203,2026-03-19T20:50:57+00:00,7bf7bf91-9958-41e0-bb31-0f54e9f410c9,
a66be27d-d4fd-47e7-a408-4c630c46c151,40.34,RON,Mega Image ref 70588281,2026-03-19T21:33:57+00:00,2eb300a6-bd34-43d9-94c9-8697b97c5ba7,
549fbd1c-1514-46d3-8bbf-cdaf9e641a29,187.73,RON,Kaufland ref 46470860,2026-03-19T22:35:57+00:00,82112000-16b4-4f2b-9dee-8ec850f886ea,
5300b0f7-6e55-4221-8abe-1f2bb239f59e,52.78,RON,Mega Image ref 87031272,2026-03-19T23:51:57+00:00,97c83e0a-8a40-4c3e-b8e3-ae37cffa9985,
b4157cea-0738-4ba4-9770-a3dbe9fa97e2,66.28,RON,Glovo ref 58155056,2026-03-19T23:59:57+00:00,bdd640fb-0667-4ad1-9c80-317fa3b1799d,
c2fa642a-972d-4db5-b5ae-fb6db11c8041,54.02,RON,Lidl ref 16436552,2026-03-20T01:18:57+00:00,6e36dc96-4f61-48f4-b69f-4ca617af9323,
7de1936b-d0fe-44f1-ab1c-2d3dfcadb3fd,64.06,RON,Glovo ref 10861718,2026-03-20T02:04:57+00:00,0e5779ec-be1a-470f-ad83-a4c869f8d3e4,
d631c383-3030-44d0-b2c8-47439027e770,45.0,RON,Digi internet,2026-03-20T06:39:57+00:00,bdd640fb-0667-4ad1-9c80-317fa3b1799d,
32b1792b-2263-460a-b43c-6fef2fb7e9bd,45.0,RON,Digi internet,2026-03-20T06:39:57+00:00,0e5779ec-be1a-470f-ad83-a4c869f8d3e4,
93b78bab-3815-4095-a48e-85ebd1c1a2db,45.0,RON,Digi internet,2026-03-20T06:39:57+00:00,aa7898aa-95b2-468b-ac92-275a68599dc4,
63416840-f5b3-429a-bc9b-944fc6a3e5d4,45.0,RON,Digi internet,2026-03-20T06:39:57+00:00,7bf7bf91-9958-41e0-bb31-0f54e9f410c9,
b4a17f7a-7092-40bc-93c0-0a596c070379,45.0,RON,Digi internet,2026-03-20T06:39:57+00:00,02c27ee1-ff57-48d4-82c7-6cf491fd62b9,
07707e0e-fb47-47de-a0f3-bb28bd20c06b,45.0,RON,Digi internet,2026-03-20T06:39:57+00:00,56cc310a-2a4b-4ab3-87df-66009aa0bf74,
5a8c8baa-60e8-4149-91ee-7ebd497b9689,45.0,RON,Digi internet,2026-03-20T06:39:57+00:00,5588e5c9-786a-4f09-8721-a8cedc57f9c8,
9c315267-cf9a-47aa-ac75-9415ecd4ff6b,45.0,RON,Digi internet,2026-03-20T06:39:57+00:00,33a2f3d5-7d4c-460f-ba3e-5b7745b7b856,
f3d8dee6-c068-4c4e-a2bc-df4598a24020,45.0,RON,Digi internet,2026-03-20T06:39:57+00:00,6e36dc96-4f61-48f4-b69f-4ca617af9323,
b068893c-7e04-4fd7-bed5-83d4ffd42057,45.0,RON,Digi internet,2026-03-20T06:39:57+00:00,2eb300a6-bd34-43d9-94c9-8697b97c5ba7,
9bb15579-871b-4218-8e07-fda15f4a5aa7,45.0,RON,Digi internet,2026-03-20T06:39:57+00:00,818e12e2-7146-4ffe-a877-ba23cf63df5b,
d082e0c0-3a29-4767-b5f0-9c710e9271f4,45.0,RON,Digi internet,2026-03-20T06:39:57+00:00,97c83e0a-8a40-4c3e-b8e3-ae37cffa9985,
55989ee1-e0b0-4cce-8397-b92c7eb51015,45.0,RON,Digi internet,2026-03-20T06:39:57+00:00,d3228db7-ef32-4e3e-8fa9-f9f8a84cc34d,
fc79d506-1ce9-4d11-93ff-19c42833ecfc,45.0,RON,Digi internet,2026-03-20T06:39:57+00:00,12cbffe1-d83b-42c0-8120-8703b8fbd5c6,
60400628-f013-4aeb-b047-6c6f98fcad4d,45.0,RON,Digi internet,2026-03-20T06:39:57+00:00,82112000-16b4-4f2b-9dee-8ec850f886ea,
ed8be9ee-37ff-4aa1-804b-c3ff9dedeb57,73.49,RON,Mega Image ref 59405380,2026-03-20T14:43:57+00:00,12cbffe1-d83b-42c0-8120-8703b8fbd5c6,
338c645b-4f31-4362-8839-b4193951f7d6,46.04,RON,Farmacia Tei ref 78077484,2026-03-20T15:16:57+00:00,12cbffe1-d83b-42c0-8120-8703b8fbd5c6,
4f7c9e59-e66d-4910-a5f4-12e1bdf218f9,296.73,RON,OMV benzina ref 24704705,2026-03-20T16:27:57+00:00,6e36dc96-4f61-48f4-b69f-4ca617af9323,
58d24990-a21f-44ab-a342-0fdb4415f0cb,46.14,RON,Glovo ref 39778113,2026-03-20T17:21:57+00:00,56cc310a-2a4b-4ab3-87df-66009aa0bf74,
93ac57ac-f6d0-40c8-858c-3673eff4fec9,79.42,RON,Farmacia Tei ref 67154698,2026-03-20T19:25:57+00:00,82112000-16b4-4f2b-9dee-8ec850f886ea,
a7f85f02-9418-4c47-bf59-dfa0fcc584be,123.63,RON,Kaufland ref 42133795,2026-03-20T19:54:57+00:00,02c27ee1-ff57-48d4-82c7-6cf491fd62b9,
7b62e628-b34d-4ab6-86da-d79be7c9b4b3,44.91,RON,Glovo ref 72830616,2026-03-20T21:21:57+00:00,02c27ee1-ff57-48d4-82c7-6cf491fd62b9,
74cb902a-97ba-4c9c-a046-02ddd5788ef6,129.97,RON,Kaufland ref 68838371,2026-03-20T21:43:57+00:00,818e12e2-7146-4ffe-a877-ba23cf63df5b,
45272961-8488-465b-b8c4-cbe4e54414ff,43.84,RON,Carrefour ref 67104174,2026-03-20T21:53:57+00:00,2eb300a6-bd34-43d9-94c9-8697b97c5ba7,
a4346b81-2c27-4bb1-8a7c-2f1e43a2ccae,60.76,RON,Mega Image ref 51101764,2026-03-20T22:06:57+00:00,33a2f3d5-7d4c-460f-ba3e-5b7745b7b856,
77143ad6-5f05-4957-8f9e-85e41e13865e,46.41,RON,Mega Image ref 85733376,2026-03-20T23:07:57+00:00,82112000-16b4-4f2b-9dee-8ec850f886ea,
70089e88-44c5-4f4c-94c7-05a939fbaff2,56.6,RON,Lidl ref 85301263,2026-03-20T23:37:57+00:00,56cc310a-2a4b-4ab3-87df-66009aa0bf74,
119cce69-81bf-4129-bdcc-39f3a11927cd,101.32,RON,Dedeman ref 19623728,2026-03-20T23:44:57+00:00,2eb300a6-bd34-43d9-94c9-8697b97c5ba7,
cf265489-2ec7-4a83-bffa-7a4f0f1972db,24.28,RON,Mega Image ref 36969824,2026-03-21T00:31:57+00:00,0e5779ec-be1a-470f-ad83-a4c869f8d3e4,
ba7ae0a5-7f72-4bd0-91a9-3821607b6d1a,174.62,RON,Carrefour ref 30822016,2026-03-21T00:39:57+00:00,82112000-16b4-4f2b-9dee-8ec850f886ea,
a91f262e-c204-4a38-aa82-e19748efa846,24.01,RON,Mega Image ref 18805006,2026-03-21T00:43:57+00:00,97c83e0a-8a40-4c3e-b8e3-ae37cffa9985,
8c4d33b5-6d81-4b6b-ace1-edeeedd4f209,137.4,RON,Carrefour ref 45928024,2026-03-21T01:00:57+00:00,02c27ee1-ff57-48d4-82c7-6cf491fd62b9,
1bc5dda8-422d-49d6-8aed-66836f76e21c,117.57,RON,Kaufland ref 54567880,2026-03-21T01:03:57+00:00,12cbffe1-d83b-42c0-8120-8703b8fbd5c6,
98745399-4f60-4be5-9ceb-ef609b8219d6,74.86,RON,Lidl ref 80060927,2026-03-21T01:59:57+00:00,82112000-16b4-4f2b-9dee-8ec850f886ea,
ac55d30a-f0d7-4b10-af75-100146adc489,25.22,RON,Mega Image ref 22834905,2026-03-21T04:02:57+00:00,2eb300a6-bd34-43d9-94c9-8697b97c5ba7,
c72e3f1d-11b4-4f93-ba32-cfaee059a5e6,15.94,RON,Mega Image ref 95765398,2026-03-21T15:03:57+00:00,818e12e2-7146-4ffe-a877-ba23cf63df5b,
a83050cb-1a25-4c4f-a471-49ae7b5f4478,42.08,RON,Kaufland ref 60242890,2026-03-21T15:10:57+00:00,2eb300a6-bd34-43d9-94c9-8697b97c5ba7,
24f47c35-7ec5-4e55-9b98-d67eccc88dc6,134.21,RON,Kaufland ref 77714331,2026-03-21T15:36:57+00:00,aa7898aa-95b2-468b-ac92-275a68599dc4,
cb55926d-14aa-4dc0-a7d2-de1e1117619e,58.06,RON,Mega Image ref 31465712,2026-03-21T15:59:57+00:00,97c83e0a-8a40-4c3e-b8e3-ae37cffa9985,
9c9a9d7d-29c0-4a85-88c9-55720ba40fdb,64.36,RON,Carrefour ref 18585082,2026-03-21T16:40:57+00:00,7bf7bf91-9958-41e0-bb31-0f54e9f410c9,
95ecec2c-0798-4bc0-9797-44ba107380cb,32.54,RON,Mega Image ref 47146394,2026-03-21T18:44:57+00:00,0e5779ec-be1a-470f-ad83-a4c869f8d3e4,
7845e0ff-9581-42f1-b4a9-fe0b5b407ea1,50.49,RON,Carrefour ref 81234789,2026-03-21T19:00:57+00:00,56cc310a-2a4b-4ab3-87df-66009aa0bf74,
0ab74b5d-fcd4-4681-8a09-7b17951b2503,140.64,RON,Carrefour ref 99298044,2026-03-21T19:27:57+00:00,0e5779ec-be1a-470f-ad83-a4c869f8d3e4,
9d3bf522-4c5c-4f3d-a327-07dad5beadf5,58.86,RON,Farmacia Tei ref 34923253,2026-03-21T19:43:57+00:00,82112000-16b4-4f2b-9dee-8ec850f886ea,
d9f35979-cde1-4c3e-9bd8-e681210a6c4d,19.72,RON,Mega Image ref 97291731,2026-03-21T20:50:57+00:00,56cc310a-2a4b-4ab3-87df-66009aa0bf74,
5e6a064a-d9c3-4f77-a874-b9e44fb127c0,461.08,RON,Dedeman ref 50452491,2026-03-21T21:05:57+00:00,12cbffe1-d83b-42c0-8120-8703b8fbd5c6,
7a6dbefb-c44e-4e72-9e70-3811f95d852c,283.61,RON,OMV benzina ref 22559504,2026-03-21T21:56:57+00:00,6e36dc96-4f61-48f4-b69f-4ca617af9323,
7a6b3f8c-3953-4019-9ad9-e1b16eaea044,121.35,RON,Lidl ref 23772145,2026-03-21T22:17:57+00:00,33a2f3d5-7d4c-460f-ba3e-5b7745b7b856,
4f693f96-3ccb-4498-bcf3-9e9ec7060458,174.9,RON,Kaufland ref 90862413,2026-03-21T23:39:57+00:00,82112000-16b4-4f2b-9dee-8ec850f886ea,
cd6bb03b-eb35-47a0-ad6e-0291b7893986,87.83,RON,Lidl ref 55735904,2026-03-21T23:51:57+00:00,bdd640fb-0667-4ad1-9c80-317fa3b1799d,
5d696bc8-dc54-459b-86bb-42c7d8b2f8b6,72.46,RON,Glovo ref 24887509,2026-03-22T00:24:57+00:00,bdd640fb-0667-4ad1-9c80-317fa3b1799d,
44028558-57e2-4aab-82b0-61129c2fb39c,286.33,RON,OMV benzina ref 66030711,2026-03-22T00:28:57+00:00,818e12e2-7146-4ffe-a877-ba23cf63df5b,
56c81807-7e63-4fb0-9362-e7f03032cca8,155.57,RON,Carrefour ref 47457027,2026-03-22T02:21:57+00:00,6e36dc96-4f61-48f4-b69f-4ca617af9323,
50168ac8-9224-4dcc-ad28-484760fd375e,82.87,RON,Mega Image ref 15968554,2026-03-22T03:32:57+00:00,12cbffe1-d83b-42c0-8120-8703b8fbd5c6,
cfa57f25-8f67-4b46-97af-d8f26e1450f9,32.58,RON,Mega Image ref 61572981,2026-03-22T04:08:57+00:00,02c27ee1-ff57-48d4-82c7-6cf491fd62b9,
4baed51c-8106-424b-ba58-70a1731d6a16,65.84,RON,Lidl ref 90807675,2026-03-22T04:10:57+00:00,82112000-16b4-4f2b-9dee-8ec850f886ea,
345aac28-5749-477e-83f3-c616c9e7cab3,63.25,RON,Lidl ref 30350750,2026-03-22T04:28:57+00:00,02c27ee1-ff57-48d4-82c7-6cf491fd62b9,
dca95d74-bfa0-4201-bafa-ab17db86b312,51.65,RON,Lidl ref 65599925,2026-03-22T14:57:57+00:00,82112000-16b4-4f2b-9dee-8ec850f886ea,
dac27830-058e-44d2-956b-962394fa255f,29.66,RON,Mega Image ref 67489072,2026-03-22T16:03:57+00:00,33a2f3d5-7d4c-460f-ba3e-5b7745b7b856,
206b1ae4-a879-424a-bc75-d23693ff99a4,99.7,RON,Lidl ref 47286705,2026-03-22T17:12:57+00:00,12cbffe1-d83b-42c0-8120-8703b8fbd5c6,
f37590d3-73dd-4d31-80e1-0b5111285804,23.28,RON,Mega Image ref 19574576,2026-03-22T18:46:57+00:00,aa7898aa-95b2-468b-ac92-275a68599dc4,
cab63107-6fd6-4b3a-b2dd-9456bb7b6c05,36.2,RON,Lidl ref 31139813,2026-03-22T18:59:57+00:00,bdd640fb-0667-4ad1-9c80-317fa3b1799d,
1b434750-6d2d-4441-8cc1-47aff181dd0c,213.97,RON,Kaufland ref 59743329,2026-03-22T19:47:57+00:00,02c27ee1-ff57-48d4-82c7-6cf491fd62b9,
cc97d77d-ee52-4fc1-9117-329c28e363fa,98.73,RON,Lidl ref 97225719,2026-03-22T20:41:57+00:00,97c83e0a-8a40-4c3e-b8e3-ae37cffa9985,
40382092-9396-4476-93a4-34cbecd5bffd,79.35,RON,Farmacia Tei ref 87179992,2026-03-22T21:07:57+00:00,d3228db7-ef32-4e3e-8fa9-f9f8a84cc34d,
fb84cc4d-3b5a-4625-b1c5-d93c26f6f963,146.33,RON,Kaufland ref 87528001,2026-03-22T21:45:57+00:00,12cbffe1-d83b-42c0-8120-8703b8fbd5c6,
778d42dd-df3f-4d00-b4a8-3eb60949cf68,18.72,RON,Mega Image ref 83691516,2026-03-22T22:33:57+00:00,2eb300a6-bd34-43d9-94c9-8697b97c5ba7,
f263536c-32a5-4aba-a83d-c3c80928c6d3,90.59,RON,Glovo ref 62836483,2026-03-22T22:54:57+00:00,6e36dc96-4f61-48f4-b69f-4ca617af9323,
ec81f021-9076-47b4-aa85-5d668900f547,78.71,RON,Mega Image ref 11027311,2026-03-22T23:08:57+00:00,02c27ee1-ff57-48d4-82c7-6cf491fd62b9,
9e87ad6d-6db3-4da5-8dc4-f59c355cdfff,71.62,RON,Carrefour ref 60320365,2026-03-22T23:58:57+00:00,aa7898aa-95b2-468b-ac92-275a68599dc4,
08bd141a-34e3-44e9-85c0-545308d62447,186.36,RON,Kaufland ref 28205180,2026-03-22T23:59:57+00:00,82112000-16b4-4f2b-9dee-8ec850f886ea,
c1c4f618-7925-47d5-bc65-a804ee9ff73c,108.07,RON,Lidl ref 45679876,2026-03-23T00:12:57+00:00,0e5779ec-be1a-470f-ad83-a4c869f8d3e4,
eca9eb9d-d0d9-4b8b-982a-00f08cfe021d,46.5,RON,Mega Image ref 32845907,2026-03-23T01:21:57+00:00,56cc310a-2a4b-4ab3-87df-66009aa0bf74,
b4ce684e-7f20-4c12-ac51-28643f4de8fe,111.03,RON,Carrefour ref 99407003,2026-03-23T01:39:57+00:00,818e12e2-7146-4ffe-a877-ba23cf63df5b,
27033a33-f890-4e80-ba10-eee6c367c59c,70.07,RON,Farmacia Tei ref 15604773,2026-03-23T01:49:57+00:00,56cc310a-2a4b-4ab3-87df-66009aa0bf74,
aa31aff1-f08d-438c-a506-19695abafeb4,103.7,RON,Kaufland ref 69830937,2026-03-23T03:45:57+00:00,6e36dc96-4f61-48f4-b69f-4ca617af9323,
373bf989-3259-456e-9035-3a74861d61d2,60.03,RON,Mega Image ref 12836662,2026-03-23T15:09:57+00:00,33a2f3d5-7d4c-460f-ba3e-5b7745b7b856,
93ba2346-e73c-4d0a-bde4-2f0b87cbb109,526.23,RON,Dedeman ref 68169687,2026-03-23T15:35:57+00:00,12cbffe1-d83b-42c0-8120-8703b8fbd5c6,
afa9d02c-9e4c-4be7-b3b0-e73d5e516bf8,227.2,RON,Dedeman ref 43358157,2026-03-23T16:34:57+00:00,0e5779ec-be1a-470f-ad83-a4c869f8d3e4,
a3cce8b4-326c-4065-aca2-ad11f516470f,58.73,RON,Lidl ref 29547415,2026-03-23T18:00:57+00:00,d3228db7-ef32-4e3e-8fa9-f9f8a84cc34d,
b2c454a4-dedb-4ef9-b4f8-a91300ca280f,187.5,RON,OMV benzina ref 23445578,2026-03-23T20:34:57+00:00,0e5779ec-be1a-470f-ad83-a4c869f8d3e4,
793daf5a-b35c-4601-817a-f0cb07f2422d,37.49,RON,Mega Image ref 57177123,2026-03-23T21:41:57+00:00,aa7898aa-95b2-468b-ac92-275a68599dc4,
968f8658-6800-455d-82a6-63d6d34c41f2,107.46,RON,Kaufland ref 30592253,2026-03-23T22:34:57+00:00,7bf7bf91-9958-41e0-bb31-0f54e9f410c9,
9fdb874f-2409-4899-a044-f6b726d8d73f,61.33,RON,Carrefour ref 68346598,2026-03-23T22:53:57+00:00,d3228db7-ef32-4e3e-8fa9-f9f8a84cc34d,
7af8c27f-0fdd-413b-87b8-b91979f771c1,106.61,RON,Kaufland ref 92282050,2026-03-23T23:43:57+00:00,33a2f3d5-7d4c-460f-ba3e-5b7745b7b856,
7ce51943-b63b-4bfc-b23c-81f0052f7370,57.36,RON,Mega Image ref 83127423,2026-03-24T00:22:57+00:00,12cbffe1-d83b-42c0-8120-8703b8fbd5c6,
1ab0dc51-4b0d-4cbd-89e6-c510a6348757,41.78,RON,Glovo ref 71492303,2026-03-24T00:29:57+00:00,56cc310a-2a4b-4ab3-87df-66009aa0bf74,
7d84dae5-af52-45bc-b8ab-33f4f2f9ade1,100.95,RON,Carrefour ref 57117793,2026-03-24T02:16:57+00:00,aa7898aa-95b2-468b-ac92-275a68599dc4,
be73dcf7-729c-4f22-b80b-a8c8b4911a81,68.59,RON,Glovo ref 40691047,2026-03-24T03:38:57+00:00,5588e5c9-786a-4f09-8721-a8cedc57f9c8,
562f62e8-8a0b-48e4-a94a-8a71bf7ca627,12.84,RON,Mega Image ref 36401764,2026-03-24T14:42:57+00:00,7bf7bf91-9958-41e0-bb31-0f54e9f410c9,
c336ab4a-0b75-45f8-8bb2-5f9b754c30d3,45.48,RON,Lidl ref 17612978,2026-03-24T15:12:57+00:00,6e36dc96-4f61-48f4-b69f-4ca617af9323,
1111d64e-d021-4bdf-8557-387335a3dd25,106.87,RON,Carrefour ref 63029666,2026-03-24T15:20:57+00:00,818e12e2-7146-4ffe-a877-ba23cf63df5b,
b945f8ed-b694-494b-9b8c-d3a442ffd324,28.62,RON,Carrefour ref 10346341,2026-03-24T15:21:57+00:00,2eb300a6-bd34-43d9-94c9-8697b97c5ba7,
c3170a56-988a-4a49-9d10-7b3e785ca2e8,212.55,RON,Kaufland ref 53224553,2026-03-24T15:21:57+00:00,82112000-16b4-4f2b-9dee-8ec850f886ea,
9b5ec564-85ff-48a9-aef3-15b2d492f51e,67.76,RON,Glovo ref 64578857,2026-03-24T16:31:57+00:00,12cbffe1-d83b-42c0-8120-8703b8fbd5c6,
7ecaa621-316a-4ea6-8197-c609be880b26,201.36,RON,OMV benzina ref 46572035,2026-03-24T17:28:57+00:00,97c83e0a-8a40-4c3e-b8e3-ae37cffa9985,
a19ccc9a-b732-4e2b-94a4-2bf0b96a5305,146.13,RON,OMV benzina ref 42935623,2026-03-24T19:13:57+00:00,aa7898aa-95b2-468b-ac92-275a68599dc4,
ef201504-9934-4650-b3b2-4efe48d20498,92.22,RON,Kaufland ref 76277024,2026-03-24T19:54:57+00:00,6e36dc96-4f61-48f4-b69f-4ca617af9323,
9b54d227-3bca-4ff6-b1be-0c72ad8cc85c,86.08,RON,Dedeman ref 53691252,2026-03-24T20:34:57+00:00,0e5779ec-be1a-470f-ad83-a4c869f8d3e4,
14e6625c-e012-4b22-b87d-3214fe757cec,173.83,RON,OMV benzina ref 37427086,2026-03-24T21:24:57+00:00,818e12e2-7146-4ffe-a877-ba23cf63df5b,
4c098021-0299-4b28-9bd5-3714614f2082,44.88,RON,Mega Image ref 56072878,2026-03-24T21:32:57+00:00,56cc310a-2a4b-4ab3-87df-66009aa0bf74,
a24ea6f1-3fc3-4402-80c8-7d7a1d9cf5e8,190.54,RON,OMV benzina ref 10286137,2026-03-24T22:13:57+00:00,6e36dc96-4f61-48f4-b69f-4ca617af9323,
b7614545-243d-4405-93c8-a4d60c4d0073,36.03,RON,Farmacia Tei ref 19822504,2026-03-24T22:37:57+00:00,02c27ee1-ff57-48d4-82c7-6cf491fd62b9,
bcccd4b3-055c-4cac-a8ea-0d226c187782,44.23,RON,Kaufland ref 67980848,2026-03-24T22:40:57+00:00,7bf7bf91-9958-41e0-bb31-0f54e9f410c9,
4b154543-a23e-4239-aeb3-da7a70af2ac0,32.81,RON,Mega Image ref 75769401,2026-03-24T23:33:57+00:00,d3228db7-ef32-4e3e-8fa9-f9f8a84cc34d,
43fc1535-bb7b-474f-97b3-66a753792c28,186.6,RON,OMV benzina ref 27164035,2026-03-24T23:49:57+00:00,5588e5c9-786a-4f09-8721-a8cedc57f9c8,
efe1a7a4-b934-4913-8fcd-8f99c9a2ef76,108.92,RON,OMV benzina ref 12346911,2026-03-25T00:17:57+00:00,2eb300a6-bd34-43d9-94c9-8697b97c5ba7,
878ab369-e2e4-4a01-be88-98974528bbd1,66.48,RON,Carrefour ref 34086771,2026-03-25T00:41:57+00:00,7bf7bf91-9958-41e0-bb31-0f54e9f410c9,
852f74e1-b44c-4c38-bd33-655558f583f1,49.56,RON,Carrefour ref 72282149,2026-03-25T01:18:57+00:00,6e36dc96-4f61-48f4-b69f-4ca617af9323,
226468a7-4d2d-47ff-8dc9-0ce3606a89df,80.37,RON,Mega Image ref 91771885,2026-03-25T02:06:57+00:00,12cbffe1-d83b-42c0-8120-8703b8fbd5c6,
5176a9d1-9a36-44d6-ae9c-e8ff084a3c4b,83.8,RON,Kaufland ref 86166246,2026-03-25T02:15:57+00:00,bdd640fb-0667-4ad1-9c80-317fa3b1799d,
9cf86246-823b-43a3-8c9f-2bacdc502be1,138.85,RON,Kaufland ref 37222197,2026-03-25T02:41:57+00:00,818e12e2-7146-4ffe-a877-ba23cf63df5b,
7b1137b3-bb84-417e-b17b-b80020d6697c,110.84,RON,Kaufland ref 52820746,2026-03-25T03:11:57+00:00,02c27ee1-ff57-48d4-82c7-6cf491fd62b9,
75d1f17b-a519-444d-9e93-f2fb6654c3dd,52.31,RON,Lidl ref 48317707,2026-03-25T03:16:57+00:00,56cc310a-2a4b-4ab3-87df-66009aa0bf74,
d00fdb10-18ca-4e7e-a818-93c741d02f19,66.56,RON,Glovo ref 42122771,2026-03-25T03:39:57+00:00,6e36dc96-4f61-48f4-b69f-4ca617af9323,
9f9edcb0-4759-4c22-87b0-9cf4c20554a7,53.94,RON,Mega Image ref 33567338,2026-03-25T04:06:57+00:00,33a2f3d5-7d4c-460f-ba3e-5b7745b7b856,
93ce40d5-ee45-4188-b57e-6f5d00e96548,74.94,RON,Carrefour ref 69490388,2026-03-25T15:48:57+00:00,818e12e2-7146-4ffe-a877-ba23cf63df5b,
598d42b2-3590-40e0-99d3-19a1f0884723,54.05,RON,Glovo ref 81744448,2026-03-25T16:15:57+00:00,818e12e2-7146-4ffe-a877-ba23cf63df5b,
85b9bafa-5c61-4c3d-b1f6-512ffd655b05,74.1,RON,Mega Image ref 88549544,2026-03-25T16:23:57+00:00,82112000-16b4-4f2b-9dee-8ec850f886ea,
725656e3-55f3-4d50-a2fb-b984bab27bce,46.23,RON,Mega Image ref 95778910,2026-03-25T16:31:57+00:00,bdd640fb-0667-4ad1-9c80-317fa3b1799d,
2d66d35a-074d-4f27-8d81-a36836044a6a,53.42,RON,Lidl ref 40973686,2026-03-25T16:32:57+00:00,2eb300a6-bd34-43d9-94c9-8697b97c5ba7,
04c684da-1aca-4858-ae78-94b621da109b,141.67,RON,Carrefour ref 69580659,2026-03-25T17:08:57+00:00,6e36dc96-4f61-48f4-b69f-4ca617af9323,
11b0830f-71c6-49a6-819c-84c4ef7f6e3f,55.09,RON,Mega Image ref 13789737,2026-03-25T17:16:57+00:00,aa7898aa-95b2-468b-ac92-275a68599dc4,
ca425e86-387e-4f2a-93d5-a00d8b8d32f0,82.35,RON,Glovo ref 16206022,2026-03-25T17:18:57+00:00,5588e5c9-786a-4f09-8721-a8cedc57f9c8,
b86d066b-1ba8-47c6-897a-24ad41b455b8,229.34,RON,OMV benzina ref 57040785,2026-03-25T17:54:57+00:00,bdd640fb-0667-4ad1-9c80-317fa3b1799d,
f5677d93-6f25-4802-932c-230db7af8412,73.1,RON,Glovo ref 63509768,2026-03-25T18:29:57+00:00,6e36dc96-4f61-48f4-b69f-4ca617af9323,
eb5cd05d-5ba2-4ef9-b9dc-023d69e47de6,144.49,RON,Lidl ref 43728235,2026-03-25T19:11:57+00:00,82112000-16b4-4f2b-9dee-8ec850f886ea,
184ee3db-691d-4bea-9d1c-92f037702be5,88.17,RON,Lidl ref 70558903,2026-03-25T19:14:57+00:00,aa7898aa-95b2-468b-ac92-275a68599dc4,
474b8e78-c041-4a54-a432-eae2060cebfb,118.54,RON,Farmacia Tei ref 63477839,2026-03-25T19:55:57+00:00,82112000-16b4-4f2b-9dee-8ec850f886ea,
8c1708b8-1bf7-4f1b-b086-ca019e90e810,92.89,RON,Farmacia Tei ref 58536445,2026-03-25T19:58:57+00:00,818e12e2-7146-4ffe-a877-ba23cf63df5b,
2bc12824-9dae-4912-8f70-ea88d7aae31f,77.24,RON,Lidl ref 66093594,2026-03-25T20:14:57+00:00,7bf7bf91-9958-41e0-bb31-0f54e9f410c9,
42bf43a9-6570-44c2-a14a-f3327fa9aae9,43.38,RON,Lidl ref 12479847,2026-03-25T21:04:57+00:00,6e36dc96-4f61-48f4-b69f-4ca617af9323,
e1bbb8cd-7e3a-4f07-a9fd-28e6e271fff9,62.18,RON,Glovo ref 32325567,2026-03-25T21:07:57+00:00,bdd640fb-0667-4ad1-9c80-317fa3b1799d,
6fa760a9-c19b-4e2a-b517-6bfad298345c,69.48,RON,Farmacia Tei ref 32013599,2026-03-25T21:13:57+00:00,7bf7bf91-9958-41e0-bb31-0f54e9f410c9,
ef8aefd8-24d8-4f7e-88e4-bba111f133ad,38.83,RON,Mega Image ref 46643560,2026-03-25T22:04:57+00:00,5588e5c9-786a-4f09-8721-a8cedc57f9c8,
41072cec-9f24-4102-9b67-64a2aa17700d,157.18,RON,Kaufland ref 97412043,2026-03-25T23:28:57+00:00,82112000-16b4-4f2b-9dee-8ec850f886ea,
230625ac-8b74-4d0f-904a-1c4462aa80cc,222.89,RON,OMV benzina ref 69574353,2026-03-25T23:36:57+00:00,82112000-16b4-4f2b-9dee-8ec850f886ea,
27e18a11-5c6b-4cfa-91c0-4ecbbb60f3e3,104.68,RON,Lidl ref 44151537,2026-03-26T00:11:57+00:00,97c83e0a-8a40-4c3e-b8e3-ae37cffa9985,
b115d7e2-d257-449c-9948-bf577bc1f7cb,44.85,RON,Mega Image ref 98402082,2026-03-26T00:42:57+00:00,02c27ee1-ff57-48d4-82c7-6cf491fd62b9,
0a17d9dc-4349-4424-a6af-43066ba7d9f2,28.49,RON,Mega Image ref 50336089,2026-03-26T01:23:57+00:00,33a2f3d5-7d4c-460f-ba3e-5b7745b7b856,
488e70e0-29bc-4635-b095-a924f6ffef22,37.97,RON,Mega Image ref 19469477,2026-03-26T01:50:57+00:00,56cc310a-2a4b-4ab3-87df-66009aa0bf74,
3a51b9be-2cb2-49a1-8c47-2e062398fc00,49.28,RON,Glovo ref 50588943,2026-03-26T14:43:57+00:00,82112000-16b4-4f2b-9dee-8ec850f886ea,
cb95e9d7-b05d-447f-9367-c82a8b49c017,78.37,RON,Farmacia Tei ref 16816396,2026-03-26T15:27:57+00:00,d3228db7-ef32-4e3e-8fa9-f9f8a84cc34d,
522a230e-ea65-4d60-a37a-9f3252503427,29.46,RON,Glovo ref 57151296,2026-03-26T16:19:57+00:00,d3228db7-ef32-4e3e-8fa9-f9f8a84cc34d,
d0482dc1-9019-4037-bb01-473ad38eee0c,39.87,RON,Glovo ref 35308865,2026-03-26T16:20:57+00:00,33a2f3d5-7d4c-460f-ba3e-5b7745b7b856,
f3a02120-42d9-43ee-9197-6e750523d4fd,68.48,RON,Glovo ref 49581964,2026-03-26T16:30:57+00:00,bdd640fb-0667-4ad1-9c80-317fa3b1799d,
59e31fc9-25dc-44e2-b3e0-b555bc858724,39.11,RON,Glovo ref 62618600,2026-03-26T16:36:57+00:00,97c83e0a-8a40-4c3e-b8e3-ae37cffa9985,
fd3f5cfe-b75f-4198-9642-4dd0086e94a7,49.82,RON,Mega Image ref 59564012,2026-03-26T16:49:57+00:00,5588e5c9-786a-4f09-8721-a8cedc57f9c8,
1c5e3b9c-b566-4a04-b8b4-b4e77ff5cd2e,385.34,RON,Dedeman ref 59858895,2026-03-26T19:23:57+00:00,82112000-16b4-4f2b-9dee-8ec850f886ea,
cfb30320-e9bd-4511-8ad6-34a7f6a64d7f,45.06,RON,Carrefour ref 94705607,2026-03-26T20:19:57+00:00,7bf7bf91-9958-41e0-bb31-0f54e9f410c9,
92678e10-e050-4f24-8522-496adeaf0fa9,76.99,RON,Lidl ref 29214803,2026-03-26T20:57:57+00:00,0e5779ec-be1a-470f-ad83-a4c869f8d3e4,
de20a426-c3f9-4fbd-86db-08beb97eb5b7,52.03,RON,Lidl ref 49242392,2026-03-26T22:17:57+00:00,d3228db7-ef32-4e3e-8fa9-f9f8a84cc34d,
2b0582e0-7780-4788-9ff1-f5e3fcba6c80,27.89,RON,Glovo ref 83651529,2026-03-26T22:29:57+00:00,0e5779ec-be1a-470f-ad83-a4c869f8d3e4,
ac553173-62a7-4ff5-a498-d1a89c028ab7,61.21,RON,Kaufland ref 77323835,2026-03-26T23:35:57+00:00,7bf7bf91-9958-41e0-bb31-0f54e9f410c9,
4b1b9280-73a4-4f97-a6fa-a03b2c85ef20,81.9,RON,Lidl ref 75914192,2026-03-26T23:46:57+00:00,aa7898aa-95b2-468b-ac92-275a68599dc4,
32f9bae0-13aa-44b0-965e-2bcff7f3dc54,196.33,RON,OMV benzina ref 30776392,2026-03-27T00:00:57+00:00,aa7898aa-95b2-468b-ac92-275a68599dc4,
9c23513d-b5b3-4cb5-9d61-362d604e86b1,65.2,RON,Mega Image ref 24540669,2026-03-27T00:16:57+00:00,02c27ee1-ff57-48d4-82c7-6cf491fd62b9,
e47a5a85-4fb7-4a31-a60a-f84bc1d878b8,74.15,RON,Kaufland ref 95681139,2026-03-27T00:28:57+00:00,5588e5c9-786a-4f09-8721-a8cedc57f9c8,
76de216a-42a7-485c-8c4e-844795cb97fc,44.86,RON,Mega Image ref 54553625,2026-03-27T01:03:57+00:00,2eb300a6-bd34-43d9-94c9-8697b97c5ba7,
276c8bc2-629e-412d-9d4c-9f394815064e,177.71,RON,Kaufland ref 77534370,2026-03-27T01:53:57+00:00,82112000-16b4-4f2b-9dee-8ec850f886ea,
4ef92eec-b8e6-4ea0-93ae-b703f1f1dccd,64.37,RON,Mega Image ref 85113150,2026-03-27T02:30:57+00:00,82112000-16b4-4f2b-9dee-8ec850f886ea,
0f2b0aa1-52f0-4e7b-9b6b-573a9cf4ac32,52.56,RON,Kaufland ref 67273365,2026-03-27T03:10:57+00:00,2eb300a6-bd34-43d9-94c9-8697b97c5ba7,
eeb1d65a-0578-4987-8d22-7601d8b6aa73,69.32,RON,Kaufland ref 97414504,2026-03-27T03:45:57+00:00,818e12e2-7146-4ffe-a877-ba23cf63df5b,
96f6ecd7-429a-463b-9db5-98c1e92f31bd,25.02,RON,Glovo ref 98167794,2026-03-27T03:48:57+00:00,2eb300a6-bd34-43d9-94c9-8697b97c5ba7,
55ecdedc-d092-4502-a12c-2a65f5ebc6db,53.79,RON,Mega Image ref 57637571,2026-03-27T04:01:57+00:00,d3228db7-ef32-4e3e-8fa9-f9f8a84cc34d,
f0a4f07e-4303-4244-9d6e-06e8ad6971c0,127.32,RON,Kaufland ref 42098427,2026-03-27T04:06:57+00:00,56cc310a-2a4b-4ab3-87df-66009aa0bf74,
e66aeaff-337c-4ef0-a827-67c0ca85a82c,49.19,RON,Carrefour ref 77892895,2026-03-27T15:51:57+00:00,7bf7bf91-9958-41e0-bb31-0f54e9f410c9,
9d17d218-fc3b-4de5-9812-62ac5683ede0,147.4,RON,Kaufland ref 22496299,2026-03-27T16:14:57+00:00,bdd640fb-0667-4ad1-9c80-317fa3b1799d,
9ed69269-b02c-48d1-b78b-f9dd7828de04,51.76,RON,Mega Image ref 66429525,2026-03-27T16:52:57+00:00,97c83e0a-8a40-4c3e-b8e3-ae37cffa9985,
f61c6fe9-32ec-41aa-b42b-01760e5ce39f,54.32,RON,Mega Image ref 73614573,2026-03-27T17:09:57+00:00,d3228db7-ef32-4e3e-8fa9-f9f8a84cc34d,
b9e01792-5ed4-4f1c-9e6d-cc47bdc4087a,302.68,RON,OMV benzina ref 38360401,2026-03-27T17:26:57+00:00,97c83e0a-8a40-4c3e-b8e3-ae37cffa9985,
6d74e738-5908-4d91-82c3-27f136abc894,68.57,RON,Kaufland ref 97566891,2026-03-27T18:26:57+00:00,97c83e0a-8a40-4c3e-b8e3-ae37cffa9985,
cf31c353-58c2-468b-a899-66aaad52ee85,34.35,RON,Glovo ref 36137395,2026-03-27T19:32:57+00:00,2eb300a6-bd34-43d9-94c9-8697b97c5ba7,
b7e9c54f-f1ad-4124-a0f7-4d2915cbf2d9,68.25,RON,Kaufland ref 17939904,2026-03-27T23:17:57+00:00,56cc310a-2a4b-4ab3-87df-66009aa0bf74,
0d1e2f38-e441-49ce-9a4a-123ea656c193,42.42,RON,Glovo ref 25205889,2026-03-28T00:41:57+00:00,82112000-16b4-4f2b-9dee-8ec850f886ea,
29052dd7-077b-4426-b73c-62abfe4cefed,18.12,RON,Mega Image ref 68370404,2026-03-28T01:23:57+00:00,0e5779ec-be1a-470f-ad83-a4c869f8d3e4,
b314cce2-a7fe-44b4-abcd-59d61fb46222,48.99,RON,Lidl ref 20455800,2026-03-28T01:36:57+00:00,97c83e0a-8a40-4c3e-b8e3-ae37cffa9985,
42d8b896-2dfa-4842-9041-09da5c1a3d10,63.03,RON,Farmacia Tei ref 71666780,2026-03-28T02:02:57+00:00,12cbffe1-d83b-42c0-8120-8703b8fbd5c6,
51a889d8-750d-493a-9020-343611991f4b,63.08,RON,Mega Image ref 83408940,2026-03-28T02:08:57+00:00,12cbffe1-d83b-42c0-8120-8703b8fbd5c6,
c5ea94c7-803b-47e7-ab6f-997ddff961c2,63.53,RON,Glovo ref 55464273,2026-03-28T02:46:57+00:00,d3228db7-ef32-4e3e-8fa9-f9f8a84cc34d,
29568c67-26ff-42a1-9ddc-7abbb6a16061,34.17,RON,Glovo ref 92542998,2026-03-28T02:56:57+00:00,02c27ee1-ff57-48d4-82c7-6cf491fd62b9,
b8a9c83c-3dc7-46d6-9e09-3961b19d78e3,63.03,RON,Lidl ref 13883704,2026-03-28T03:54:57+00:00,56cc310a-2a4b-4ab3-87df-66009aa0bf74,
cef483f6-71d5-4861-b6bd-6dbe3a8e36fd,55.52,RON,Glovo ref 76216456,2026-03-28T04:22:57+00:00,aa7898aa-95b2-468b-ac92-275a68599dc4,
84bc86dd-f9c0-4363-9adb-98cf2b075cbb,102.17,RON,Glovo ref 39895961,2026-03-28T14:48:57+00:00,12cbffe1-d83b-42c0-8120-8703b8fbd5c6,
019b2b5d-2ac3-4afc-94fe-0779d355652e,109.68,RON,Carrefour ref 59691975,2026-03-28T15:06:57+00:00,7bf7bf91-9958-41e0-bb31-0f54e9f410c9,
cee0b7f5-d673-48e9-87bb-6aec7500331b,263.38,RON,Dedeman ref 37743616,2026-03-28T16:02:57+00:00,56cc310a-2a4b-4ab3-87df-66009aa0bf74,
15c56ba6-650c-48d7-a9df-71565605cd5f,127.55,RON,Carrefour ref 53643635,2026-03-28T16:18:57+00:00,82112000-16b4-4f2b-9dee-8ec850f886ea,
b4e2fb5a-9f45-4668-8fc9-4be79c2d1dab,37.41,RON,Kaufland ref 13422745,2026-03-28T21:31:57+00:00,2eb300a6-bd34-43d9-94c9-8697b97c5ba7,
7b769a50-e549-44ae-b3e2-05de67f396b4,59.63,RON,Glovo ref 12655477,2026-03-28T21:59:57+00:00,7bf7bf91-9958-41e0-bb31-0f54e9f410c9,
803b931f-87a7-4a41-a8b5-6073e2f93114,73.45,RON,Mega Image ref 48519429,2026-03-28T22:01:57+00:00,33a2f3d5-7d4c-460f-ba3e-5b7745b7b856,
6462c289-fb04-4e53-ae52-306866348012,133.67,RON,Dedeman ref 50728138,2026-03-28T22:11:57+00:00,5588e5c9-786a-4f09-8721-a8cedc57f9c8,
a70f8cdb-99e0-406b-8bf5-1c2e34e46f07,78.94,RON,Lidl ref 39386153,2026-03-28T22:16:57+00:00,97c83e0a-8a40-4c3e-b8e3-ae37cffa9985,
c3b63b2d-70cd-4043-93c1-2594d1860cc5,50.56,RON,Carrefour ref 13025384,2026-03-28T22:32:57+00:00,818e12e2-7146-4ffe-a877-ba23cf63df5b,
bb1903a1-a9a2-4510-b74e-79e88c9d3d73,47.62,RON,Kaufland ref 86825841,2026-03-28T23:16:57+00:00,97c83e0a-8a40-4c3e-b8e3-ae37cffa9985,
7609c580-2fd4-4a8e-a5d0-6bcf596d88dc,63.57,RON,Lidl ref 40038699,2026-03-28T23:33:57+00:00,7bf7bf91-9958-41e0-bb31-0f54e9f410c9,
8e740bbc-4b45-4232-8a85-3d243bb822c4,68.77,RON,Glovo ref 33652565,2026-03-28T23:43:57+00:00,6e36dc96-4f61-48f4-b69f-4ca617af9323,
faaed6f0-7325-4bc0-95c1-f578ab2e5015,74.28,RON,Mega Image ref 35766487,2026-03-29T00:15:57+00:00,6e36dc96-4f61-48f4-b69f-4ca617af9323,
0b5c7561-5035-4254-a95b-c19ba4813467,263.22,RON,OMV benzina ref 28305404,2026-03-29T00:20:57+00:00,82112000-16b4-4f2b-9dee-8ec850f886ea,
397ef9f4-d8e3-45f9-b752-615abb5ef843,88.2,RON,Carrefour ref 40045657,2026-03-29T00:58:57+00:00,6e36dc96-4f61-48f4-b69f-4ca617af9323,
b2ec7ff4-cb59-4151-9dde-74667f0366ef,106.72,RON,Kaufland ref 68800423,2026-03-29T02:17:57+00:00,aa7898aa-95b2-468b-ac92-275a68599dc4,
68320d72-9055-4578-8fd7-fd91273b7e78,270.79,RON,OMV benzina ref 78472598,2026-03-29T15:33:57+00:00,97c83e0a-8a40-4c3e-b8e3-ae37cffa9985,
81d231cb-66bd-4d42-b981-0edf5b8e76fd,55.82,RON,Mega Image ref 99214834,2026-03-29T15:55:57+00:00,aa7898aa-95b2-468b-ac92-275a68599dc4,
5dfff86b-6f28-4b1a-b33a-b280b38213c0,34.23,RON,Mega Image ref 21947834,2026-03-29T16:17:57+00:00,2eb300a6-bd34-43d9-94c9-8697b97c5ba7,
0570b7f6-756a-44f9-8366-a89eb4135c64,104.8,RON,Kaufland ref 93720583,2026-03-29T16:27:57+00:00,02c27ee1-ff57-48d4-82c7-6cf491fd62b9,
ff1bf6a0-a8ec-46a1-b233-bf8c324ef0f7,95.67,RON,Carrefour ref 99206598,2026-03-29T16:44:57+00:00,aa7898aa-95b2-468b-ac92-275a68599dc4,
4ef03f80-1d91-4e39-9801-4004793bed1b,64.23,RON,Carrefour ref 20997276,2026-03-29T17:19:57+00:00,bdd640fb-0667-4ad1-9c80-317fa3b1799d,
8fd8acb4-c8fb-4050-a460-cf44a7674726,76.55,RON,Glovo ref 61224263,2026-03-29T20:03:57+00:00,0e5779ec-be1a-470f-ad83-a4c869f8d3e4,
2a6b5dae-7db2-417a-b329-7c98a7eb7d25,36.86,RON,Kaufland ref 95347435,2026-03-29T21:08:57+00:00,56cc310a-2a4b-4ab3-87df-66009aa0bf74,
00fa0eb4-5c5f-48d4-8df4-07b82751ab86,102.07,RON,Kaufland ref 75893962,2026-03-29T21:15:57+00:00,bdd640fb-0667-4ad1-9c80-317fa3b1799d,
0becdd56-5b95-4106-a88b-d29666a9f9fa,44.33,RON,Glovo ref 20015321,2026-03-29T22:15:57+00:00,33a2f3d5-7d4c-460f-ba3e-5b7745b7b856,
0a2c4b26-dad6-42d1-afc4-90286ef0702e,67.33,RON,Glovo ref 10861261,2026-03-29T22:25:57+00:00,d3228db7-ef32-4e3e-8fa9-f9f8a84cc34d,
232f0d4f-6465-43f1-bdc7-68923c14cbd7,68.53,RON,Lidl ref 79879865,2026-03-29T23:22:57+00:00,d3228db7-ef32-4e3e-8fa9-f9f8a84cc34d,
b1ddfdbb-80cf-4dc7-ab10-862175ecc919,129.93,RON,Carrefour ref 25673796,2026-03-30T00:07:57+00:00,7bf7bf91-9958-41e0-bb31-0f54e9f410c9,
e0f8cd08-28a5-47bf-816c-50656891cc18,49.24,RON,Farmacia Tei ref 79530218,2026-03-30T00:19:57+00:00,5588e5c9-786a-4f09-8721-a8cedc57f9c8,
cafad670-af0c-4fa7-a2fa-f451ca53ddbb,345.78,RON,OMV benzina ref 73739747,2026-03-30T01:50:57+00:00,33a2f3d5-7d4c-460f-ba3e-5b7745b7b856,
bcf803db-c725-4f51-b904-76d856e63c79,67.25,RON,Glovo ref 68835232,2026-03-30T03:42:57+00:00,6e36dc96-4f61-48f4-b69f-4ca617af9323,
3614833d-e75b-4100-b0fd-b710dd99b95e,275.28,RON,OMV benzina ref 81526807,2026-03-30T14:50:57+00:00,82112000-16b4-4f2b-9dee-8ec850f886ea,
c572aa5b-51d4-4f72-ac77-8135fad76ab7,228.65,RON,Dedeman ref 62096010,2026-03-30T15:16:57+00:00,0e5779ec-be1a-470f-ad83-a4c869f8d3e4,
30788a3b-2ad1-4118-aee3-08dea8acd847,51.82,RON,Glovo ref 87198706,2026-03-30T17:13:57+00:00,2eb300a6-bd34-43d9-94c9-8697b97c5ba7,
72b30e23-6808-4d48-909f-53e429d213dc,199.43,RON,OMV benzina ref 46977963,2026-03-30T17:44:57+00:00,d3228db7-ef32-4e3e-8fa9-f9f8a84cc34d,
829c34f7-0f5b-440c-9f32-1f6d02dd95c2,67.08,RON,Carrefour ref 62440176,2026-03-30T17:48:57+00:00,aa7898aa-95b2-468b-ac92-275a68599dc4,
84f100b7-e81c-433b-bece-8f34cebe94cd,143.9,RON,Kaufland ref 96476287,2026-03-30T17:52:57+00:00,97c83e0a-8a40-4c3e-b8e3-ae37cffa9985,
eeb761db-4917-4d53-a890-0a610355d77f,62.4,RON,Mega Image ref 12152527,2026-03-30T18:50:57+00:00,6e36dc96-4f61-48f4-b69f-4ca617af9323,
b5767c1a-659f-46ba-91b9-e56c0b3a2953,127.35,RON,Lidl ref 22909427,2026-03-30T19:41:57+00:00,02c27ee1-ff57-48d4-82c7-6cf491fd62b9,
92a593c8-1db9-4330-b127-6a5cbe9f44cb,43.27,RON,Mega Image ref 35253920,2026-03-30T20:26:57+00:00,0e5779ec-be1a-470f-ad83-a4c869f8d3e4,
357cc20c-b7bf-4181-9262-d5ac8f7e91de,44.27,RON,Glovo ref 56794884,2026-03-30T22:41:57+00:00,02c27ee1-ff57-48d4-82c7-6cf491fd62b9,
5799fd68-2580-460a-998f-a47cd55e7df4,187.09,RON,Carrefour ref 88274051,2026-03-30T23:21:57+00:00,82112000-16b4-4f2b-9dee-8ec850f886ea,
2fc3e649-5e91-4b91-a1a6-6444e2afa629,31.09,RON,Mega Image ref 59797531,2026-03-31T01:13:57+00:00,bdd640fb-0667-4ad1-9c80-317fa3b1799d,
2d803089-28a5-46f9-baba-9ffd73cdae4a,375.68,RON,OMV benzina ref 58421567,2026-03-31T01:45:57+00:00,12cbffe1-d83b-42c0-8120-8703b8fbd5c6,
973365d2-72df-45ff-ad45-567855f39eb4,89.01,RON,Farmacia Tei ref 26977974,2026-03-31T03:06:57+00:00,818e12e2-7146-4ffe-a877-ba23cf63df5b,
a4433c87-9ff8-45c5-ac6b-baf763ca7157,61.17,RON,Lidl ref 99740710,2026-03-31T03:11:57+00:00,d3228db7-ef32-4e3e-8fa9-f9f8a84cc34d,
82d2a464-b3f4-4e3f-8626-86d9acf26393,59.06,RON,Mega Image ref 50967625,2026-03-31T04:32:57+00:00,33a2f3d5-7d4c-460f-ba3e-5b7745b7b856,
f45d9b9e-f947-4e62-a455-21f1ab38d8a2,175.45,RON,Kaufland ref 58914684,2026-03-31T15:26:57+00:00,82112000-16b4-4f2b-9dee-8ec850f886ea,
6d2f0627-d073-4f84-8168-0e731c823380,364.63,RON,OMV benzina ref 31427735,2026-03-31T16:29:57+00:00,6e36dc96-4f61-48f4-b69f-4ca617af9323,
7cd2e3ed-81a5-4949-aa6e-0b4c7143f782,277.35,RON,OMV benzina ref 68545769,2026-03-31T17:33:57+00:00,33a2f3d5-7d4c-460f-ba3e-5b7745b7b856,
224e11ba-6300-423a-a112-d6a2b036533c,85.26,RON,Lidl ref 42210978,2026-03-31T19:59:57+00:00,56cc310a-2a4b-4ab3-87df-66009aa0bf74,
25679f2a-1227-47ac-8dca-6befdbd34a94,227.32,RON,OMV benzina ref 82665857,2026-03-31T21:14:57+00:00,aa7898aa-95b2-468b-ac92-275a68599dc4,
6b31a530-48a1-4b40-878b-a8822daaf187,96.51,RON,Carrefour ref 16909011,2026-03-31T21:14:57+00:00,97c83e0a-8a40-4c3e-b8e3-ae37cffa9985,
798e175f-efb5-4207-9dec-c40bafe3af13,50.49,RON,Glovo ref 81875527,2026-03-31T21:31:57+00:00,bdd640fb-0667-4ad1-9c80-317fa3b1799d,
36d0bb41-7a8e-45a9-ba70-425b7989d78e,23.6,RON,Mega Image ref 99125450,2026-03-31T22:30:57+00:00,aa7898aa-95b2-468b-ac92-275a68599dc4,
ba3bb503-f57e-4779-9f86-5c0564b0a5fa,123.73,RON,Kaufland ref 29315911,2026-03-31T22:36:57+00:00,12cbffe1-d83b-42c0-8120-8703b8fbd5c6,
9832046d-dc51-4c9d-84b5-edafd5057178,59.79,RON,Mega Image ref 86422978,2026-03-31T23:35:57+00:00,33a2f3d5-7d4c-460f-ba3e-5b7745b7b856,
35518290-262b-4812-85c6-d41f22d3e21d,104.12,RON,Glovo ref 20739588,2026-04-01T00:15:57+00:00,12cbffe1-d83b-42c0-8120-8703b8fbd5c6,
23167b59-cfbb-44e3-a160-e35b4da7f632,109.44,RON,Kaufland ref 11188832,2026-04-01T00:56:57+00:00,aa7898aa-95b2-468b-ac92-275a68599dc4,
d987d0ac-74f7-49e1-b393-8cc32bfab741,84.58,RON,Carrefour ref 23271144,2026-04-01T02:08:57+00:00,d3228db7-ef32-4e3e-8fa9-f9f8a84cc34d,
24cc2319-a403-4d84-8c10-db397d211ec7,24.79,RON,Glovo ref 69062943,2026-04-01T03:16:57+00:00,818e12e2-7146-4ffe-a877-ba23cf63df5b,
8a9c66f7-cee4-4512-9802-b640ab0b4cc5,115.69,RON,Kaufland ref 21503440,2026-04-01T03:23:57+00:00,bdd640fb-0667-4ad1-9c80-317fa3b1799d,
35668f5b-6a77-4e3f-83cf-13fd3138791f,87.1,RON,Farmacia Tei ref 84715586,2026-04-01T03:39:57+00:00,818e12e2-7146-4ffe-a877-ba23cf63df5b,
f0071d3b-5c99-48ab-a028-dc87d6fb3a95,43.65,RON,Mega Image ref 65500187,2026-04-01T16:54:57+00:00,aa7898aa-95b2-468b-ac92-275a68599dc4,
a23c2390-fc2a-4d41-b8e9-f3348796cc19,88.84,RON,Kaufland ref 87158862,2026-04-01T18:20:57+00:00,97c83e0a-8a40-4c3e-b8e3-ae37cffa9985,
9ed46bea-ddbf-49c5-a08d-32c298c86dea,121.38,RON,Kaufland ref 32199093,2026-04-01T18:40:57+00:00,33a2f3d5-7d4c-460f-ba3e-5b7745b7b856,
2557c82c-488c-4ea4-99f9-a33825bdab14,45.21,RON,Lidl ref 71174364,2026-04-01T19:32:57+00:00,0e5779ec-be1a-470f-ad83-a4c869f8d3e4,
2d0a7c82-5273-4943-bc73-a4a3de00721f,92.22,RON,Kaufland ref 47410573,2026-04-01T19:43:57+00:00,2eb300a6-bd34-43d9-94c9-8697b97c5ba7,
b4dea4a4-d900-4a4b-bf31-78464600fc5f,59.31,RON,Farmacia Tei ref 26571059,2026-04-01T19:58:57+00:00,0e5779ec-be1a-470f-ad83-a4c869f8d3e4,
e41fba4b-90c4-457a-97da-6c2381d9cff9,32.12,RON,Glovo ref 92777798,2026-04-01T20:07:57+00:00,7bf7bf91-9958-41e0-bb31-0f54e9f410c9,
b9fb97b9-abf1-4574-b14e-9b45071511b6,86.77,RON,Farmacia Tei ref 62966186,2026-04-01T20:41:57+00:00,aa7898aa-95b2-468b-ac92-275a68599dc4,
b20284a7-67cf-4dbe-94f1-c04fc51ee8ae,123.56,RON,Lidl ref 46332382,2026-04-01T20:44:57+00:00,12cbffe1-d83b-42c0-8120-8703b8fbd5c6,
721e97b8-9f26-4557-a2b7-71378173e1c0,78.98,RON,Lidl ref 52592996,2026-04-01T21:36:57+00:00,6e36dc96-4f61-48f4-b69f-4ca617af9323,
3e12400c-6268-4b43-808c-d80dd175b167,53.74,RON,Mega Image ref 22252693,2026-04-02T00:04:57+00:00,02c27ee1-ff57-48d4-82c7-6cf491fd62b9,
25bf213d-9eca-481b-bb95-d0fcad72ed05,37.18,RON,Mega Image ref 86703472,2026-04-02T00:36:57+00:00,bdd640fb-0667-4ad1-9c80-317fa3b1799d,
ff4fef13-ba18-463b-a018-c84271c1b817,26.24,RON,Mega Image ref 54517781,2026-04-02T01:12:57+00:00,818e12e2-7146-4ffe-a877-ba23cf63df5b,
4a7b13d0-d3bd-46a5-9781-c643bea48b30,166.67,RON,Carrefour ref 98741292,2026-04-02T02:38:57+00:00,12cbffe1-d83b-42c0-8120-8703b8fbd5c6,
f141671d-0fcb-442f-aeda-f619cf1af575,113.7,RON,Carrefour ref 29248456,2026-04-02T04:21:57+00:00,56cc310a-2a4b-4ab3-87df-66009aa0bf74,
75cf289b-0209-4ae5-a554-4216b451483d,36.84,RON,Lidl ref 20400935,2026-04-02T14:57:57+00:00,33a2f3d5-7d4c-460f-ba3e-5b7745b7b856,
a84b588e-d139-453f-a382-6ff9b1530921,406.97,RON,OMV benzina ref 76418337,2026-04-02T17:44:57+00:00,02c27ee1-ff57-48d4-82c7-6cf491fd62b9,
85eecded-05cd-47fd-8167-d1749a48cabd,47.88,RON,Glovo ref 62352009,2026-04-02T18:26:57+00:00,6e36dc96-4f61-48f4-b69f-4ca617af9323,
cd64f6dd-ee58-4792-a8e3-cb1b02d98b27,77.79,RON,Carrefour ref 45198293,2026-04-02T18:31:57+00:00,12cbffe1-d83b-42c0-8120-8703b8fbd5c6,
0bc4e069-1af8-4e46-a5d3-70e56a8b44f5,65.13,RON,Mega Image ref 67770480,2026-04-02T19:35:57+00:00,5588e5c9-786a-4f09-8721-a8cedc57f9c8,
a091e5b4-d293-4e6e-bf4d-093033b0fb53,101.85,RON,Lidl ref 68437492,2026-04-02T20:44:57+00:00,bdd640fb-0667-4ad1-9c80-317fa3b1799d,
eaa31841-a37c-45b6-b3d3-842b402395b4,138.66,RON,Kaufland ref 54244154,2026-04-02T23:52:57+00:00,6e36dc96-4f61-48f4-b69f-4ca617af9323,
65b90e94-8e6d-4263-a35a-775d16476e3f,27.9,RON,Mega Image ref 18994192,2026-04-02T23:55:57+00:00,bdd640fb-0667-4ad1-9c80-317fa3b1799d,
bf66a28c-3e26-497e-9f42-ca412766908e,95.44,RON,Glovo ref 93586666,2026-04-03T00:25:57+00:00,12cbffe1-d83b-42c0-8120-8703b8fbd5c6,
3dafc664-ae10-4c7f-ac06-7d97c7ecd24e,74.19,RON,Lidl ref 35828453,2026-04-03T00:56:57+00:00,5588e5c9-786a-4f09-8721-a8cedc57f9c8,
3b89300f-b07d-4b51-848c-16fd56352487,109.58,RON,Lidl ref 94021213,2026-04-03T00:58:57+00:00,6e36dc96-4f61-48f4-b69f-4ca617af9323,
421629e7-aaa5-47cd-b1b9-e5e6691992a7,84.88,RON,Glovo ref 20657725,2026-04-03T01:28:57+00:00,82112000-16b4-4f2b-9dee-8ec850f886ea,
644d852c-ba36-46cc-bccd-1ac6db55daf5,77.32,RON,Glovo ref 34027688,2026-04-03T01:42:57+00:00,0e5779ec-be1a-470f-ad83-a4c869f8d3e4,
f48ff43b-48e2-4369-99cb-9d229ff9cc0c,58.69,RON,Lidl ref 49431282,2026-04-03T01:48:57+00:00,d3228db7-ef32-4e3e-8fa9-f9f8a84cc34d,
25f06b0a-264e-459d-aa18-e5af1cce08e9,229.5,RON,Dedeman ref 66316931,2026-04-03T02:18:57+00:00,bdd640fb-0667-4ad1-9c80-317fa3b1799d,
cf7798cc-ef36-4eb1-bb8f-7b2bd91b1cb6,160.04,RON,OMV benzina ref 38268009,2026-04-03T03:00:57+00:00,0e5779ec-be1a-470f-ad83-a4c869f8d3e4,
ed07a129-fd06-4ff1-8e65-07ad74d60862,50.01,RON,Glovo ref 43352275,2026-04-03T03:30:57+00:00,33a2f3d5-7d4c-460f-ba3e-5b7745b7b856,
4a9ee90c-cbc1-4c8f-8add-d5889e33324a,421.68,RON,Dedeman ref 24012952,2026-04-03T15:08:57+00:00,6e36dc96-4f61-48f4-b69f-4ca617af9323,
592aa87b-fd85-4cf8-b932-28b9ad8ac4bc,89.1,RON,Kaufland ref 66698597,2026-04-03T15:14:57+00:00,0e5779ec-be1a-470f-ad83-a4c869f8d3e4,
4d593c14-82db-44f3-92c3-c305b8227841,22.43,RON,Mega Image ref 25274306,2026-04-03T16:21:57+00:00,33a2f3d5-7d4c-460f-ba3e-5b7745b7b856,
5e98efdf-0a3a-4171-a432-cc60c5ddf574,56.5,RON,Mega Image ref 29537240,2026-04-03T16:24:57+00:00,aa7898aa-95b2-468b-ac92-275a68599dc4,
62be5e5c-a173-4ba1-b93c-d1d922b089c7,218.91,RON,OMV benzina ref 99229431,2026-04-03T17:41:57+00:00,56cc310a-2a4b-4ab3-87df-66009aa0bf74,
0f1ecdb9-de35-4890-bdc7-d8fda44ba6e9,45.45,RON,Carrefour ref 51175302,2026-04-03T18:07:57+00:00,d3228db7-ef32-4e3e-8fa9-f9f8a84cc34d,
f5058c4d-2f2a-4802-86b9-53a7562e7c6d,72.23,RON,Glovo ref 39681988,2026-04-03T20:33:57+00:00,818e12e2-7146-4ffe-a877-ba23cf63df5b,
98ba414d-22b9-45b5-8afa-7e0c834e4da0,163.95,RON,Kaufland ref 20807124,2026-04-03T20:53:57+00:00,82112000-16b4-4f2b-9dee-8ec850f886ea,
a6d3a68f-725d-4f7a-a1f1-1ddfde50fd7c,154.03,RON,Lidl ref 58375213,2026-04-03T22:46:57+00:00,12cbffe1-d83b-42c0-8120-8703b8fbd5c6,
42a43c08-3de4-4032-84a2-fb33cc5e886a,173.73,RON,Kaufland ref 74134051,2026-04-03T23:57:57+00:00,12cbffe1-d83b-42c0-8120-8703b8fbd5c6,
951ac696-1435-49f7-87ab-bbee515ea0d3,86.81,RON,Kaufland ref 57996867,2026-04-04T00:04:57+00:00,33a2f3d5-7d4c-460f-ba3e-5b7745b7b856,
92f7d82a-7018-4dce-83b4-4bae101c1fa0,32.12,RON,Mega Image ref 50871016,2026-04-04T00:05:57+00:00,7bf7bf91-9958-41e0-bb31-0f54e9f410c9,
6ad5401e-07e9-4b0b-998d-eba36ec8261b,49.3,RON,Lidl ref 20073766,2026-04-04T00:12:57+00:00,aa7898aa-95b2-468b-ac92-275a68599dc4,
aff4f693-2eed-4af6-b9a2-0ae6fcfb993e,76.62,RON,Lidl ref 54391342,2026-04-04T00:24:57+00:00,6e36dc96-4f61-48f4-b69f-4ca617af9323,
76b0dec9-4d19-4451-9734-14ad09772659,116.37,RON,Kaufland ref 84148880,2026-04-04T00:55:57+00:00,97c83e0a-8a40-4c3e-b8e3-ae37cffa9985,
3978cc92-3ed1-490d-9246-619ca09dcdfa,13.54,RON,Mega Image ref 27128900,2026-04-04T01:39:57+00:00,2eb300a6-bd34-43d9-94c9-8697b97c5ba7,
08cd4ced-cf93-4908-8a15-f79a00ab4b07,89.91,RON,Glovo ref 48936328,2026-04-04T02:10:57+00:00,02c27ee1-ff57-48d4-82c7-6cf491fd62b9,
d2919b85-3044-4fc4-8e82-cf50f3796ab2,196.42,RON,Dedeman ref 50290217,2026-04-04T02:28:57+00:00,56cc310a-2a4b-4ab3-87df-66009aa0bf74,
693016ea-e0bd-41ee-9807-cf74e1509425,65.14,RON,Glovo ref 81891508,2026-04-04T02:45:57+00:00,bdd640fb-0667-4ad1-9c80-317fa3b1799d,
2620c92b-51d5-4b5f-8bbc-ed0fb5e575f5,27.41,RON,Mega Image ref 49647408,2026-04-04T04:37:57+00:00,56cc310a-2a4b-4ab3-87df-66009aa0bf74,
f61e1fc5-e97a-46b5-b9d4-1db1cd3d2f6b,82.16,RON,Glovo ref 95533714,2026-04-04T15:11:57+00:00,6e36dc96-4f61-48f4-b69f-4ca617af9323,
55f6b5b8-caf2-4275-9314-266336e84b8b,21.59,RON,Mega Image ref 78629016,2026-04-04T15:58:57+00:00,2eb300a6-bd34-43d9-94c9-8697b97c5ba7,
8f677067-9bb1-4518-9737-ee98ec9be669,131.29,RON,Kaufland ref 44995159,2026-04-04T16:11:57+00:00,12cbffe1-d83b-42c0-8120-8703b8fbd5c6,
24ab6f4d-d2eb-45a1-b55e-632947a13168,42.2,RON,Lidl ref 55354912,2026-04-04T16:16:57+00:00,02c27ee1-ff57-48d4-82c7-6cf491fd62b9,
b93fd915-fa98-43ea-a900-07a8aaf29622,62.58,RON,Glovo ref 94100723,2026-04-04T16:33:57+00:00,818e12e2-7146-4ffe-a877-ba23cf63df5b,
b94ee777-9a89-4372-9708-0153547b5fda,88.22,RON,Carrefour ref 53305572,2026-04-04T17:01:57+00:00,12cbffe1-d83b-42c0-8120-8703b8fbd5c6,
e30950f9-7a10-48c3-ad84-c7a3383ffa63,26.17,RON,Mega Image ref 24855692,2026-04-04T18:12:57+00:00,818e12e2-7146-4ffe-a877-ba23cf63df5b,
2203247b-47fe-4e97-b87d-7a9aa9671388,104.69,RON,Carrefour ref 38829496,2026-04-04T18:39:57+00:00,818e12e2-7146-4ffe-a877-ba23cf63df5b,
09edd3b6-e6b3-4de4-8d3a-b986d29f222c,47.08,RON,Carrefour ref 21884589,2026-04-04T18:44:57+00:00,56cc310a-2a4b-4ab3-87df-66009aa0bf74,
3eed5faf-c100-48ca-84dd-9975e3b5dd9f,85.56,RON,Glovo ref 44201583,2026-04-04T19:17:57+00:00,5588e5c9-786a-4f09-8721-a8cedc57f9c8,
1344c2f6-469a-4da3-a7d7-3e5748c31385,41.11,RON,Mega Image ref 86635447,2026-04-04T20:22:57+00:00,7bf7bf91-9958-41e0-bb31-0f54e9f410c9,
4d155838-599d-4b27-8c74-dca206f06db5,60.04,RON,Mega Image ref 91902234,2026-04-04T20:44:57+00:00,12cbffe1-d83b-42c0-8120-8703b8fbd5c6,
ca37973b-6082-4fe9-bf0c-6693aaa25864,67.83,RON,Kaufland ref 50828255,2026-04-04T21:21:57+00:00,02c27ee1-ff57-48d4-82c7-6cf491fd62b9,
29a3bfa9-23f0-4aaf-95c0-7fc4ba7060aa,211.06,RON,OMV benzina ref 75910139,2026-04-04T23:35:57+00:00,818e12e2-7146-4ffe-a877-ba23cf63df5b,
f785ce14-c264-436b-a880-413479adb8af,53.66,RON,Lidl ref 21333814,2026-04-04T23:58:57+00:00,12cbffe1-d83b-42c0-8120-8703b8fbd5c6,
3e16918f-7648-48d7-a934-3f601ccfb86d,48.49,RON,Glovo ref 50569855,2026-04-05T00:30:57+00:00,7bf7bf91-9958-41e0-bb31-0f54e9f410c9,
d852f3b5-6bba-4c76-a60a-ada151fd198f,166.69,RON,Carrefour ref 41470269,2026-04-05T01:23:57+00:00,02c27ee1-ff57-48d4-82c7-6cf491fd62b9,
d5e31909-a4dc-4ff3-8a20-b40f3bca0969,48.43,RON,Glovo ref 68587112,2026-04-05T01:50:57+00:00,56cc310a-2a4b-4ab3-87df-66009aa0bf74,
bf95ff33-cdea-4f52-b7d7-cab335b33f54,39.95,RON,Glovo ref 29437798,2026-04-05T02:09:57+00:00,0e5779ec-be1a-470f-ad83-a4c869f8d3e4,
e0c81a48-48d5-4e25-bdf4-ca04bce2358d,15.43,RON,Mega Image ref 32619894,2026-04-05T02:38:57+00:00,56cc310a-2a4b-4ab3-87df-66009aa0bf74,
4dd7cb5c-b5a7-4756-af40-55ddd98d213c,74.8,RON,Lidl ref 17264306,2026-04-05T03:29:57+00:00,0e5779ec-be1a-470f-ad83-a4c869f8d3e4,
bee975da-0c9e-4550-bcd1-ff3fb0c58278,6750.29,RON,Salariu,2026-04-05T06:39:57+00:00,,bdd640fb-0667-4ad1-9c80-317fa3b1799d
e5a3d8e9-44c1-41b5-abbb-d76379a7e63b,24.99,RON,Spotify,2026-04-05T06:39:57+00:00,bdd640fb-0667-4ad1-9c80-317fa3b1799d,
ada63c4b-1a19-40e4-935f-e6e2db2c1379,12351.06,RON,Salariu,2026-04-05T06:39:57+00:00,,0e5779ec-be1a-470f-ad83-a4c869f8d3e4
25c978b5-dbc2-4e42-bd0d-4cb1c9167a93,24.99,RON,Spotify,2026-04-05T06:39:57+00:00,0e5779ec-be1a-470f-ad83-a4c869f8d3e4,
ec677b25-8f68-45a3-b1fb-e01296ed79ef,5381.4,RON,Salariu,2026-04-05T06:39:57+00:00,,aa7898aa-95b2-468b-ac92-275a68599dc4
a937dfd6-996e-482f-9aee-b3e9aea398c6,24.99,RON,Spotify,2026-04-05T06:39:57+00:00,aa7898aa-95b2-468b-ac92-275a68599dc4,
bbaae0a4-660f-4b0b-b4cd-510f57e69df9,5648.15,RON,Salariu,2026-04-05T06:39:57+00:00,,7bf7bf91-9958-41e0-bb31-0f54e9f410c9
8880f906-cef5-46c8-8953-cabc94ded20d,24.99,RON,Spotify,2026-04-05T06:39:57+00:00,7bf7bf91-9958-41e0-bb31-0f54e9f410c9,
b677fcbe-9928-4625-a1a2-bcaa3791ed72,5655.08,RON,Salariu,2026-04-05T06:39:57+00:00,,02c27ee1-ff57-48d4-82c7-6cf491fd62b9
3365d25b-e592-4f7a-9525-aa88c33b88b0,24.99,RON,Spotify,2026-04-05T06:39:57+00:00,02c27ee1-ff57-48d4-82c7-6cf491fd62b9,
5a845807-2a2e-4a7b-a8f8-06e8d49892f6,6060.09,RON,Salariu,2026-04-05T06:39:57+00:00,,56cc310a-2a4b-4ab3-87df-66009aa0bf74
953f2211-5125-454e-9259-3c477a6b003f,24.99,RON,Spotify,2026-04-05T06:39:57+00:00,56cc310a-2a4b-4ab3-87df-66009aa0bf74,
1558b3f3-5c37-4f51-9f69-7eb3e8b94e79,8327.13,RON,Salariu,2026-04-05T06:39:57+00:00,,5588e5c9-786a-4f09-8721-a8cedc57f9c8
9f201319-6d5f-4e56-b502-f55c8527fdbe,24.99,RON,Spotify,2026-04-05T06:39:57+00:00,5588e5c9-786a-4f09-8721-a8cedc57f9c8,
5c059bce-7375-4c15-b37a-8ed7e7ba8e10,10719.62,RON,Salariu,2026-04-05T06:39:57+00:00,,33a2f3d5-7d4c-460f-ba3e-5b7745b7b856
cd49f3c8-071b-48df-b39a-67a46a33cc2f,24.99,RON,Spotify,2026-04-05T06:39:57+00:00,33a2f3d5-7d4c-460f-ba3e-5b7745b7b856,
871ec90a-9b2e-4ba8-ade9-c9461208501a,9195.15,RON,Salariu,2026-04-05T06:39:57+00:00,,6e36dc96-4f61-48f4-b69f-4ca617af9323
a545a52f-fde5-4e65-9a57-82982622bdd7,24.99,RON,Spotify,2026-04-05T06:39:57+00:00,6e36dc96-4f61-48f4-b69f-4ca617af9323,
a0f2eb25-b650-429d-86c0-aeb881a8b509,4272.19,RON,Salariu,2026-04-05T06:39:57+00:00,,2eb300a6-bd34-43d9-94c9-8697b97c5ba7
e2b4c4a7-6cc9-473b-9e51-8a5d3b273154,24.99,RON,Spotify,2026-04-05T06:39:57+00:00,2eb300a6-bd34-43d9-94c9-8697b97c5ba7,
39e141c1-300f-445a-8c17-961cffeed1fe,11834.0,RON,Salariu,2026-04-05T06:39:57+00:00,,818e12e2-7146-4ffe-a877-ba23cf63df5b
7a83f852-8b84-43b9-93d9-79e2ad8a8f2e,24.99,RON,Spotify,2026-04-05T06:39:57+00:00,818e12e2-7146-4ffe-a877-ba23cf63df5b,
3f189b89-c7bc-4dd3-8dd7-231745ed63f3,7310.52,RON,Salariu,2026-04-05T06:39:57+00:00,,97c83e0a-8a40-4c3e-b8e3-ae37cffa9985
d9ada054-89ed-4eea-856b-e6a0d5bbed9e,24.99,RON,Spotify,2026-04-05T06:39:57+00:00,97c83e0a-8a40-4c3e-b8e3-ae37cffa9985,
08d94d08-9971-4025-b028-f99325abfb65,4764.6,RON,Salariu,2026-04-05T06:39:57+00:00,,d3228db7-ef32-4e3e-8fa9-f9f8a84cc34d
59c8097e-32b1-4c1d-820e-6a2aa2832988,24.99,RON,Spotify,2026-04-05T06:39:57+00:00,d3228db7-ef32-4e3e-8fa9-f9f8a84cc34d,
02d49cd4-2e59-442e-b2f7-cbce98f3992e,13610.85,RON,Salariu,2026-04-05T06:39:57+00:00,,12cbffe1-d83b-42c0-8120-8703b8fbd5c6
b4d5cbe8-fb8f-4305-a22e-75a5c4f11d10,24.99,RON,Spotify,2026-04-05T06:39:57+00:00,12cbffe1-d83b-42c0-8120-8703b8fbd5c6,
52daf806-c88b-4e26-b091-76fa57e6bb43,11396.61,RON,Salariu,2026-04-05T06:39:57+00:00,,82112000-16b4-4f2b-9dee-8ec850f886ea
c23ce074-8298-49b5-b139-11024bdfbff3,24.99,RON,Spotify,2026-04-05T06:39:57+00:00,82112000-16b4-4f2b-9dee-8ec850f886ea,
985e4886-d21d-4696-86bd-20ac0d6b15ec,124.65,RON,Lidl ref 89098923,2026-04-05T14:42:57+00:00,02c27ee1-ff57-48d4-82c7-6cf491fd62b9,
3c6da9b7-368c-4dcf-b401-427c368e60a0,76.8,RON,Mega Image ref 69767807,2026-04-05T16:24:57+00:00,33a2f3d5-7d4c-460f-ba3e-5b7745b7b856,
d0cab89c-9e3e-456a-bf2e-e58ccf164ed5,64.28,RON,Glovo ref 76009592,2026-04-05T17:33:57+00:00,12cbffe1-d83b-42c0-8120-8703b8fbd5c6,
a1a131b4-9dca-4488-8459-f41e8861972e,81.36,RON,Lidl ref 55957495,2026-04-05T19:44:57+00:00,aa7898aa-95b2-468b-ac92-275a68599dc4,
c5c82e9c-3271-4acf-8916-7aecfca4c2fa,70.68,RON,Mega Image ref 65438547,2026-04-05T19:56:57+00:00,82112000-16b4-4f2b-9dee-8ec850f886ea,
a66ccf43-83f3-4f4e-baf3-6aec1e0a7157,33.36,RON,Glovo ref 17042688,2026-04-05T20:09:57+00:00,0e5779ec-be1a-470f-ad83-a4c869f8d3e4,
94d84190-3248-4331-8db3-ba52da7f0a7b,33.01,RON,Mega Image ref 14577104,2026-04-05T20:37:57+00:00,d3228db7-ef32-4e3e-8fa9-f9f8a84cc34d,
50e7ceb8-4a3e-4903-83e5-87b9072804aa,125.76,RON,Kaufland ref 81632564,2026-04-05T20:57:57+00:00,7bf7bf91-9958-41e0-bb31-0f54e9f410c9,
9b33ffe4-0092-4772-a3d7-7d13d992266c,367.96,RON,OMV benzina ref 49436524,2026-04-05T21:24:57+00:00,12cbffe1-d83b-42c0-8120-8703b8fbd5c6,
da860c3a-4f49-4a99-b0c5-6bf8cf3e297f,222.2,RON,OMV benzina ref 10476674,2026-04-05T22:12:57+00:00,02c27ee1-ff57-48d4-82c7-6cf491fd62b9,
e7fb3763-c0b5-43a7-bdcf-e169a68e0207,67.91,RON,Glovo ref 50845062,2026-04-05T22:14:57+00:00,6e36dc96-4f61-48f4-b69f-4ca617af9323,
0289a49c-e036-400d-a4fd-da37ce635ae0,75.26,RON,Lidl ref 79091214,2026-04-05T23:49:57+00:00,7bf7bf91-9958-41e0-bb31-0f54e9f410c9,
502426c6-3a53-4e53-8375-e8f9982cd08d,58.56,RON,Mega Image ref 48781804,2026-04-06T00:56:57+00:00,aa7898aa-95b2-468b-ac92-275a68599dc4,
b205f264-3a54-48ed-8a4c-aaaff99ab51a,30.9,RON,Mega Image ref 85356036,2026-04-06T00:58:57+00:00,5588e5c9-786a-4f09-8721-a8cedc57f9c8,
ba4240df-a9ce-40b4-9059-f09918d37385,69.09,RON,Glovo ref 26813883,2026-04-06T03:41:57+00:00,818e12e2-7146-4ffe-a877-ba23cf63df5b,
2c41d15b-56f1-48ee-816b-06ffee9576b8,106.98,RON,Carrefour ref 43406178,2026-04-06T03:51:57+00:00,2eb300a6-bd34-43d9-94c9-8697b97c5ba7,
4a17ba92-f1af-4c00-a192-1247a9186b4a,167.87,RON,Carrefour ref 23113963,2026-04-06T04:35:57+00:00,33a2f3d5-7d4c-460f-ba3e-5b7745b7b856,
d8b2a4ac-4519-498c-95aa-ede7619ac7cb,34.77,RON,Glovo ref 80359371,2026-04-06T15:05:57+00:00,33a2f3d5-7d4c-460f-ba3e-5b7745b7b856,
022ebe16-4758-46b0-8c80-60a65503368f,275.16,RON,OMV benzina ref 53759617,2026-04-06T17:49:57+00:00,82112000-16b4-4f2b-9dee-8ec850f886ea,
f46e8c4d-1643-494d-9826-e4a6e6694f3f,23.67,RON,Lidl ref 84314767,2026-04-06T19:05:57+00:00,56cc310a-2a4b-4ab3-87df-66009aa0bf74,
3e10a57c-16a9-46ed-acb8-fa646acaefa5,52.29,RON,Farmacia Tei ref 69523081,2026-04-06T19:24:57+00:00,02c27ee1-ff57-48d4-82c7-6cf491fd62b9,
fe75cee7-27e5-4fd4-b94a-22384000f283,103.78,RON,Glovo ref 33262863,2026-04-06T19:37:57+00:00,82112000-16b4-4f2b-9dee-8ec850f886ea,
ab707385-6c81-4f55-9906-d534438f9d83,120.22,RON,Kaufland ref 47382608,2026-04-06T20:12:57+00:00,aa7898aa-95b2-468b-ac92-275a68599dc4,
81bd7533-0ee6-44bb-b1e7-915faeb000b4,72.25,RON,Kaufland ref 56249158,2026-04-06T20:51:57+00:00,97c83e0a-8a40-4c3e-b8e3-ae37cffa9985,
bec5715c-a71d-43a6-ac28-1bbdf45dbd91,28.79,RON,Mega Image ref 90014633,2026-04-06T21:10:57+00:00,0e5779ec-be1a-470f-ad83-a4c869f8d3e4,
163d93bc-ce21-4144-a871-89e560b7a3ef,66.93,RON,Mega Image ref 89609668,2026-04-06T22:01:57+00:00,97c83e0a-8a40-4c3e-b8e3-ae37cffa9985,
9f23a324-0cf2-4f5a-aed5-57269fff8f80,407.17,RON,OMV benzina ref 34120341,2026-04-06T23:35:57+00:00,02c27ee1-ff57-48d4-82c7-6cf491fd62b9,
ddfe6de6-724b-4414-b27e-2c026d8480b6,183.97,RON,OMV benzina ref 78231207,2026-04-07T02:30:57+00:00,6e36dc96-4f61-48f4-b69f-4ca617af9323,
b40757d1-15dd-4a26-8181-2daabe415faa,21.47,RON,Mega Image ref 23384713,2026-04-07T02:30:57+00:00,12cbffe1-d83b-42c0-8120-8703b8fbd5c6,
d9acea9f-e865-49d9-8ba1-1d307bf20b0c,42.82,RON,Farmacia Tei ref 52773072,2026-04-07T02:59:57+00:00,6e36dc96-4f61-48f4-b69f-4ca617af9323,
b67fbb29-cf27-4e27-90a8-b693a3ec0935,108.21,RON,Carrefour ref 87042194,2026-04-07T03:06:57+00:00,2eb300a6-bd34-43d9-94c9-8697b97c5ba7,
f3051e8d-28c7-43bd-9d75-b114eb59d057,99.0,RON,Lidl ref 31214888,2026-04-07T03:14:57+00:00,33a2f3d5-7d4c-460f-ba3e-5b7745b7b856,
523664ef-8d8b-4051-8af3-5cd2b66e550b,38.97,RON,Glovo ref 58517955,2026-04-07T03:23:57+00:00,aa7898aa-95b2-468b-ac92-275a68599dc4,
ac5e853e-d379-41a6-9b05-10989846f91d,20.22,RON,Mega Image ref 36843462,2026-04-07T03:47:57+00:00,6e36dc96-4f61-48f4-b69f-4ca617af9323,
85243095-5bcb-41f3-80ae-802fd5647056,30.76,RON,Glovo ref 81758338,2026-04-07T04:13:57+00:00,7bf7bf91-9958-41e0-bb31-0f54e9f410c9,
b806fc60-0781-4d7a-a8c5-1200a1831ad7,60.57,RON,Farmacia Tei ref 89538400,2026-04-07T04:26:57+00:00,82112000-16b4-4f2b-9dee-8ec850f886ea,
052fe1cf-d1ba-4cb7-b69d-5112cd02a5d3,45.61,RON,Mega Image ref 15220539,2026-04-07T15:21:57+00:00,2eb300a6-bd34-43d9-94c9-8697b97c5ba7,
fbf0bc30-da61-43ed-994a-4f2e11187b88,86.96,RON,Glovo ref 79781516,2026-04-07T17:22:57+00:00,02c27ee1-ff57-48d4-82c7-6cf491fd62b9,
1165f7e4-6398-4adb-bf57-dbd7379f75ff,123.78,RON,Lidl ref 38048609,2026-04-07T18:04:57+00:00,6e36dc96-4f61-48f4-b69f-4ca617af9323,
3ea33e05-bd9c-49da-adb3-952b18b9dbb1,79.21,RON,Kaufland ref 68551235,2026-04-07T19:20:57+00:00,82112000-16b4-4f2b-9dee-8ec850f886ea,
da798e97-b612-475d-8e9e-ed95d47e2d34,83.82,RON,Lidl ref 18609328,2026-04-07T19:32:57+00:00,33a2f3d5-7d4c-460f-ba3e-5b7745b7b856,
e98322ed-b883-4940-be75-51c3b021cc13,114.05,RON,Kaufland ref 36684824,2026-04-07T20:24:57+00:00,12cbffe1-d83b-42c0-8120-8703b8fbd5c6,
63e3fec1-2333-4992-8a6c-fe4409a14f09,81.5,RON,Mega Image ref 63567820,2026-04-07T21:23:57+00:00,12cbffe1-d83b-42c0-8120-8703b8fbd5c6,
f0588b09-03a1-4ff8-9e6b-9f7341bffe23,83.6,RON,Carrefour ref 22873210,2026-04-07T21:41:57+00:00,97c83e0a-8a40-4c3e-b8e3-ae37cffa9985,
92aef13c-963b-4564-85e5-14ff399557cb,109.38,RON,Carrefour ref 78417285,2026-04-07T22:20:57+00:00,0e5779ec-be1a-470f-ad83-a4c869f8d3e4,
d6f15e37-1d3d-4e2b-b19b-79acda1d9afe,106.59,RON,Kaufland ref 53095749,2026-04-08T00:09:57+00:00,818e12e2-7146-4ffe-a877-ba23cf63df5b,
b8cc4959-8ae0-42d3-9765-6ec23fe2970a,185.79,RON,Kaufland ref 46352263,2026-04-08T00:59:57+00:00,33a2f3d5-7d4c-460f-ba3e-5b7745b7b856,
454f3fbf-b790-4752-bbfd-ec746441e11e,37.35,RON,Mega Image ref 42968412,2026-04-08T01:30:57+00:00,aa7898aa-95b2-468b-ac92-275a68599dc4,
18865cd0-370e-41ad-a2b3-c80c13a7c7c7,60.66,RON,Carrefour ref 13731650,2026-04-08T01:35:57+00:00,5588e5c9-786a-4f09-8721-a8cedc57f9c8,
a9e1de60-8911-48dd-a0c8-feae9c2806c4,38.31,RON,Glovo ref 75560387,2026-04-08T01:37:57+00:00,d3228db7-ef32-4e3e-8fa9-f9f8a84cc34d,
6a4bc3e5-5225-4d19-878e-704879cfa184,76.06,RON,Kaufland ref 58041618,2026-04-08T01:55:57+00:00,2eb300a6-bd34-43d9-94c9-8697b97c5ba7,
a22966c4-ca39-465a-991f-210234aaf8d4,74.41,RON,Kaufland ref 43155420,2026-04-08T02:35:57+00:00,aa7898aa-95b2-468b-ac92-275a68599dc4,
50da4a0a-e4e9-4f49-9539-4c100d76a570,78.31,RON,Mega Image ref 55494683,2026-04-08T02:41:57+00:00,33a2f3d5-7d4c-460f-ba3e-5b7745b7b856,
d9ee7dc9-c7cf-4ca8-a2b9-f24c67443fb8,40.99,RON,Carrefour ref 78020910,2026-04-08T02:49:57+00:00,bdd640fb-0667-4ad1-9c80-317fa3b1799d,
5e4c4fd1-4623-43a9-b2f8-dbabb462e3e8,24.22,RON,Glovo ref 58368724,2026-04-08T15:08:57+00:00,bdd640fb-0667-4ad1-9c80-317fa3b1799d,
dcc6b8e8-b3e9-43c8-a380-caf7cc809e5f,59.52,RON,Glovo ref 35573950,2026-04-08T17:09:57+00:00,33a2f3d5-7d4c-460f-ba3e-5b7745b7b856,
394a3116-fe72-4469-9565-b21b80a3e46e,126.83,RON,OMV benzina ref 37355760,2026-04-08T17:18:57+00:00,56cc310a-2a4b-4ab3-87df-66009aa0bf74,
869081e5-9e39-462f-a9aa-b70908cc75d7,62.28,RON,Glovo ref 85226816,2026-04-08T19:16:57+00:00,56cc310a-2a4b-4ab3-87df-66009aa0bf74,
e18732f8-8220-4fb1-8676-f767a429ec07,43.69,RON,Mega Image ref 18642288,2026-04-08T20:06:57+00:00,6e36dc96-4f61-48f4-b69f-4ca617af9323,
c2ad4f7b-e365-45bf-ad81-50772c729710,48.67,RON,Farmacia Tei ref 57233011,2026-04-08T20:12:57+00:00,97c83e0a-8a40-4c3e-b8e3-ae37cffa9985,
cfdea771-305d-4749-9109-2f7a00d61c63,105.28,RON,Kaufland ref 62758434,2026-04-08T21:31:57+00:00,aa7898aa-95b2-468b-ac92-275a68599dc4,
2696b86d-1dd2-438a-849b-dcf11db081db,23.85,RON,Mega Image ref 27236529,2026-04-08T21:54:57+00:00,56cc310a-2a4b-4ab3-87df-66009aa0bf74,
0bc1b150-367d-4aad-8029-691e0c182305,41.2,RON,Glovo ref 11707969,2026-04-08T22:29:57+00:00,7bf7bf91-9958-41e0-bb31-0f54e9f410c9,
6983e150-ad6b-4c9b-a13d-98d29411bd59,79.64,RON,Carrefour ref 19426874,2026-04-08T23:20:57+00:00,56cc310a-2a4b-4ab3-87df-66009aa0bf74,
9248c8c8-4c61-4a43-af04-1c76b3e6922d,32.85,RON,Mega Image ref 96516297,2026-04-08T23:50:57+00:00,0e5779ec-be1a-470f-ad83-a4c869f8d3e4,
3a148d22-f5b7-422d-b41f-01422aed7b5a,47.73,RON,Mega Image ref 35045820,2026-04-09T00:37:57+00:00,12cbffe1-d83b-42c0-8120-8703b8fbd5c6,
12bcfbca-375c-49d2-a6e3-15225d22cfba,53.16,RON,Lidl ref 23342070,2026-04-09T00:48:57+00:00,5588e5c9-786a-4f09-8721-a8cedc57f9c8,
8a12d261-0d2f-44a9-b2fd-26cfd37410c5,109.85,RON,Kaufland ref 13893895,2026-04-09T03:46:57+00:00,d3228db7-ef32-4e3e-8fa9-f9f8a84cc34d,
dd90fef2-fbf7-4d20-aa7e-95d258fe79a1,58.52,RON,Mega Image ref 84266992,2026-04-09T04:26:57+00:00,7bf7bf91-9958-41e0-bb31-0f54e9f410c9,
ded7d3ef-f5e4-49c1-ad76-1ffa7233d5af,81.59,RON,Kaufland ref 89731181,2026-04-09T14:54:57+00:00,bdd640fb-0667-4ad1-9c80-317fa3b1799d,
6fea84f5-79f3-4373-9bab-13ac9863bb20,114.5,RON,Kaufland ref 75707576,2026-04-09T15:06:57+00:00,aa7898aa-95b2-468b-ac92-275a68599dc4,
0cc4eab1-fe46-4a33-b5b8-93f75986dca2,54.32,RON,Kaufland ref 22649513,2026-04-09T15:33:57+00:00,d3228db7-ef32-4e3e-8fa9-f9f8a84cc34d,
f2d628b4-d921-4628-a5c6-debb04a6a5e4,78.25,RON,Farmacia Tei ref 91120550,2026-04-09T15:50:57+00:00,5588e5c9-786a-4f09-8721-a8cedc57f9c8,
4700cde9-11fd-4e63-98e0-713b0a813e88,30.77,RON,Mega Image ref 17315154,2026-04-09T16:46:57+00:00,aa7898aa-95b2-468b-ac92-275a68599dc4,
ffc77b01-be6b-405b-a996-fde922102787,42.09,RON,Mega Image ref 94276534,2026-04-09T17:05:57+00:00,2eb300a6-bd34-43d9-94c9-8697b97c5ba7,
833db590-65c9-4ce3-9ad7-ebefbc773b0a,204.06,RON,Kaufland ref 74779672,2026-04-09T18:26:57+00:00,82112000-16b4-4f2b-9dee-8ec850f886ea,
094e271a-a560-4400-9609-0d101b3d393a,26.78,RON,Glovo ref 73727269,2026-04-09T18:59:57+00:00,2eb300a6-bd34-43d9-94c9-8697b97c5ba7,
310b82d7-90b9-4e31-846a-c40542d4c734,38.91,RON,Farmacia Tei ref 84887875,2026-04-09T20:03:57+00:00,7bf7bf91-9958-41e0-bb31-0f54e9f410c9,
386e995d-3b01-4893-bd9d-38e36e078bdc,273.71,RON,Dedeman ref 48143081,2026-04-09T20:18:57+00:00,aa7898aa-95b2-468b-ac92-275a68599dc4,
3e9800fb-bdde-4cbf-879e-0484aca1c130,104.12,RON,Lidl ref 38466364,2026-04-09T20:22:57+00:00,02c27ee1-ff57-48d4-82c7-6cf491fd62b9,
ab716327-7e1b-46bf-947c-91cb078c2d91,224.17,RON,OMV benzina ref 62481157,2026-04-09T20:43:57+00:00,6e36dc96-4f61-48f4-b69f-4ca617af9323,
f158d6b0-8bbc-4b50-bd23-6b5ce45fbf0c,41.42,RON,Glovo ref 72645513,2026-04-09T22:32:57+00:00,d3228db7-ef32-4e3e-8fa9-f9f8a84cc34d,
33f595c7-795c-4013-bed6-2c37be9ccd33,61.44,RON,Mega Image ref 58544559,2026-04-09T22:49:57+00:00,6e36dc96-4f61-48f4-b69f-4ca617af9323,
1f480dc8-3e91-48e5-aeff-d1990ba5fd60,38.25,RON,Lidl ref 75100177,2026-04-09T22:50:57+00:00,5588e5c9-786a-4f09-8721-a8cedc57f9c8,
9b3d4cfa-6c14-413e-aad1-f17923d2819c,117.0,RON,Glovo ref 51396067,2026-04-09T23:16:57+00:00,02c27ee1-ff57-48d4-82c7-6cf491fd62b9,
ddc029d3-949c-404b-b0b4-d91d9516bf50,93.15,RON,Glovo ref 71555932,2026-04-10T00:03:57+00:00,12cbffe1-d83b-42c0-8120-8703b8fbd5c6,
cf4f1375-8002-46c8-8cea-388e7e65e275,69.15,RON,Carrefour ref 69135081,2026-04-10T00:04:57+00:00,2eb300a6-bd34-43d9-94c9-8697b97c5ba7,
80fb89ee-9e65-47d0-b2a7-410e9acb0437,55.55,RON,Mega Image ref 37219757,2026-04-10T00:06:57+00:00,02c27ee1-ff57-48d4-82c7-6cf491fd62b9,
ad35d894-698d-4cc1-93d0-bc9427b399d3,114.98,RON,Dedeman ref 88943068,2026-04-10T01:42:57+00:00,6e36dc96-4f61-48f4-b69f-4ca617af9323,
b6921ae6-b3f1-4dc1-a862-f59c88a86757,57.98,RON,Glovo ref 48617876,2026-04-10T01:56:57+00:00,97c83e0a-8a40-4c3e-b8e3-ae37cffa9985,
0f5449d1-910a-4ebf-a909-3889e42cfe33,80.1,RON,Carrefour ref 15360304,2026-04-10T02:22:57+00:00,aa7898aa-95b2-468b-ac92-275a68599dc4,
19b50cbf-9b02-4cf8-82f5-50c35a5b1846,208.43,RON,Dedeman ref 95747302,2026-04-10T03:44:57+00:00,2eb300a6-bd34-43d9-94c9-8697b97c5ba7,
351c586a-c0c3-459e-80e5-ea1a1fc45171,95.21,RON,Carrefour ref 97469782,2026-04-10T04:16:57+00:00,0e5779ec-be1a-470f-ad83-a4c869f8d3e4,
39a0f145-a5ba-4050-b8aa-76dfdb6ba39b,137.23,RON,Kaufland ref 38765353,2026-04-10T14:49:57+00:00,bdd640fb-0667-4ad1-9c80-317fa3b1799d,
bfa98676-c077-4975-bf68-43d8a38bf3b8,30.33,RON,Farmacia Tei ref 88092454,2026-04-10T15:23:57+00:00,5588e5c9-786a-4f09-8721-a8cedc57f9c8,
1f728864-b77c-42a7-8d38-b3174fd3c815,49.78,RON,Glovo ref 60697819,2026-04-10T15:30:57+00:00,82112000-16b4-4f2b-9dee-8ec850f886ea,
4b9a81de-2c17-4a11-82b9-d513610e242e,54.59,RON,Lidl ref 25087157,2026-04-10T15:45:57+00:00,818e12e2-7146-4ffe-a877-ba23cf63df5b,
d9f8a24e-41bb-4e0d-8fff-c06d167b6ea0,58.89,RON,Carrefour ref 31637275,2026-04-10T17:15:57+00:00,0e5779ec-be1a-470f-ad83-a4c869f8d3e4,
f3d5a5a8-85f4-4bbc-a714-710970f1c61b,101.32,RON,Kaufland ref 52442355,2026-04-10T18:59:57+00:00,97c83e0a-8a40-4c3e-b8e3-ae37cffa9985,
a48aa108-b599-477f-b78e-e9e8b676291d,116.97,RON,Carrefour ref 50998106,2026-04-10T19:17:57+00:00,bdd640fb-0667-4ad1-9c80-317fa3b1799d,
ab57eb90-349e-4c9a-bbba-2274c21160c3,18.03,RON,Mega Image ref 29588893,2026-04-10T19:55:57+00:00,d3228db7-ef32-4e3e-8fa9-f9f8a84cc34d,
eca09df2-1216-4355-9d23-144792e916a1,80.38,RON,Glovo ref 99505701,2026-04-10T20:22:57+00:00,818e12e2-7146-4ffe-a877-ba23cf63df5b,
f063069c-2c96-40c1-81fc-972cd221d4ce,148.49,RON,Carrefour ref 38530039,2026-04-10T22:03:57+00:00,5588e5c9-786a-4f09-8721-a8cedc57f9c8,
cf7c5ca0-8aed-4a8a-87e0-913ba87fedee,48.41,RON,Mega Image ref 26812821,2026-04-10T22:09:57+00:00,02c27ee1-ff57-48d4-82c7-6cf491fd62b9,
f899ab34-f6b5-43c8-903c-c094f92ca0ed,360.8,RON,OMV benzina ref 52974044,2026-04-10T22:46:57+00:00,82112000-16b4-4f2b-9dee-8ec850f886ea,
38832b2d-0c1a-46b5-894e-6220a5f9d6c4,49.74,RON,Mega Image ref 41411644,2026-04-10T23:16:57+00:00,97c83e0a-8a40-4c3e-b8e3-ae37cffa9985,
a2a48782-030a-4c1e-ade3-c670b2b5c888,98.68,RON,Lidl ref 90316812,2026-04-11T00:52:57+00:00,97c83e0a-8a40-4c3e-b8e3-ae37cffa9985,
9c5f50af-6a1e-4bf7-84ca-ab85cb08621f,26.2,RON,Glovo ref 57691735,2026-04-11T01:04:57+00:00,2eb300a6-bd34-43d9-94c9-8697b97c5ba7,
c20df9f0-a05b-4a35-b01e-cf43cdee5593,214.33,RON,Dedeman ref 34962384,2026-04-11T01:44:57+00:00,82112000-16b4-4f2b-9dee-8ec850f886ea,
dde4e5a0-b0a9-465c-ba9b-90386d591967,87.24,RON,Lidl ref 75205893,2026-04-11T01:45:57+00:00,02c27ee1-ff57-48d4-82c7-6cf491fd62b9,
78dbd04e-87e3-4955-9e49-e6e1a754251d,70.85,RON,Glovo ref 12618007,2026-04-11T03:09:57+00:00,7bf7bf91-9958-41e0-bb31-0f54e9f410c9,
2c56e0cd-a5ba-4472-a1df-5609e959137f,59.37,RON,Glovo ref 73632249,2026-04-11T03:28:57+00:00,bdd640fb-0667-4ad1-9c80-317fa3b1799d,
c1ea074a-6988-4f48-93d3-2123d3ea3af0,88.06,RON,Mega Image ref 81244037,2026-04-11T03:42:57+00:00,12cbffe1-d83b-42c0-8120-8703b8fbd5c6,
217b8655-0365-4f0b-ad30-7efb59c16624,66.61,RON,Glovo ref 27865500,2026-04-11T15:08:57+00:00,82112000-16b4-4f2b-9dee-8ec850f886ea,
23cd8a44-71e6-4bce-88ba-ef4aa8be8d1f,58.9,RON,Mega Image ref 49379055,2026-04-11T15:12:57+00:00,0e5779ec-be1a-470f-ad83-a4c869f8d3e4,
747a5e1a-914c-4828-9536-9abd71c64623,44.4,RON,Mega Image ref 55798510,2026-04-11T15:35:57+00:00,2eb300a6-bd34-43d9-94c9-8697b97c5ba7,
1d8243a1-9e6a-49b8-af73-f6194df01adb,76.34,RON,Carrefour ref 76144246,2026-04-11T15:59:57+00:00,5588e5c9-786a-4f09-8721-a8cedc57f9c8,
f1fa7e6a-fa23-4dbb-ac4d-17742bee2fff,77.59,RON,Kaufland ref 83071775,2026-04-11T16:11:57+00:00,0e5779ec-be1a-470f-ad83-a4c869f8d3e4,
a6c4ca01-5cf2-49a6-aa47-761879a184f9,65.56,RON,Kaufland ref 31491098,2026-04-11T16:25:57+00:00,d3228db7-ef32-4e3e-8fa9-f9f8a84cc34d,
a6ae17a4-6093-4b7c-85d7-a18fe829155a,36.4,RON,Farmacia Tei ref 21062129,2026-04-11T16:43:57+00:00,d3228db7-ef32-4e3e-8fa9-f9f8a84cc34d,
b0ede2f5-d4af-495e-83c4-e6f471a05d6c,50.35,RON,Mega Image ref 68382207,2026-04-11T16:50:57+00:00,02c27ee1-ff57-48d4-82c7-6cf491fd62b9,
02e78484-15c7-4ccb-bbf8-0355e949e29c,208.7,RON,OMV benzina ref 19288498,2026-04-11T19:38:57+00:00,56cc310a-2a4b-4ab3-87df-66009aa0bf74,
b6f10e67-0fdd-48fd-a7a6-9ae1da4ae8ac,88.2,RON,Mega Image ref 93935831,2026-04-11T20:20:57+00:00,12cbffe1-d83b-42c0-8120-8703b8fbd5c6,
37f49241-689d-4cb4-9ee5-9239e1d2eab2,129.07,RON,OMV benzina ref 44157273,2026-04-11T20:48:57+00:00,d3228db7-ef32-4e3e-8fa9-f9f8a84cc34d,
f78ebdb1-743d-459d-a33c-c28756aafa64,33.66,RON,Glovo ref 55732603,2026-04-11T22:45:57+00:00,2eb300a6-bd34-43d9-94c9-8697b97c5ba7,
1734f937-9ed3-4977-945b-ad3525d12d6a,173.7,RON,Dedeman ref 95217649,2026-04-11T22:56:57+00:00,82112000-16b4-4f2b-9dee-8ec850f886ea,
b026ae63-6e1e-4db3-a23f-34ad0e743066,97.91,RON,Carrefour ref 39154130,2026-04-11T23:38:57+00:00,82112000-16b4-4f2b-9dee-8ec850f886ea,
0c2fded5-1f74-409c-b01c-5226e3786121,60.9,RON,Kaufland ref 59977478,2026-04-12T01:27:57+00:00,7bf7bf91-9958-41e0-bb31-0f54e9f410c9,
c66c7f79-f1c0-4a84-b95d-5953d0c17441,62.08,RON,Carrefour ref 36130581,2026-04-12T01:31:57+00:00,97c83e0a-8a40-4c3e-b8e3-ae37cffa9985,
187eb974-1fe3-4111-bc7b-5816cf3eb0d7,138.89,RON,Carrefour ref 46202434,2026-04-12T02:18:57+00:00,aa7898aa-95b2-468b-ac92-275a68599dc4,
66c9e45f-eca0-41c6-b5bb-5dd72955c593,86.17,RON,Lidl ref 95883279,2026-04-12T02:20:57+00:00,02c27ee1-ff57-48d4-82c7-6cf491fd62b9,
079be1ac-ca19-4426-9655-4b435684d4ac,59.31,RON,Farmacia Tei ref 53013101,2026-04-12T02:22:57+00:00,97c83e0a-8a40-4c3e-b8e3-ae37cffa9985,
84aa3fa6-bd1d-4a46-9b1b-daf4e13b39fc,65.98,RON,Glovo ref 44608384,2026-04-12T02:27:57+00:00,33a2f3d5-7d4c-460f-ba3e-5b7745b7b856,
f5536105-63c5-48ed-be38-4ba3bf62aaf4,115.95,RON,Carrefour ref 16263603,2026-04-12T03:55:57+00:00,d3228db7-ef32-4e3e-8fa9-f9f8a84cc34d,
a9902071-ffda-4a93-82f2-900401e187d8,55.99,RON,Netflix,2026-04-12T06:39:57+00:00,bdd640fb-0667-4ad1-9c80-317fa3b1799d,
b01c337e-35b8-4aae-82b6-0c8e89c818d7,55.99,RON,Netflix,2026-04-12T06:39:57+00:00,0e5779ec-be1a-470f-ad83-a4c869f8d3e4,
75a239b1-3df5-416b-b891-b7f76809f986,55.99,RON,Netflix,2026-04-12T06:39:57+00:00,aa7898aa-95b2-468b-ac92-275a68599dc4,
57cb2f2e-aa4e-4133-8635-d22a7be40393,55.99,RON,Netflix,2026-04-12T06:39:57+00:00,7bf7bf91-9958-41e0-bb31-0f54e9f410c9,
d1286916-fd50-4f47-a52a-176af31923cb,55.99,RON,Netflix,2026-04-12T06:39:57+00:00,02c27ee1-ff57-48d4-82c7-6cf491fd62b9,
8194dbaa-e34a-40b4-9d7a-91819e4e31cf,55.99,RON,Netflix,2026-04-12T06:39:57+00:00,56cc310a-2a4b-4ab3-87df-66009aa0bf74,
e5dd61ae-0eff-4129-a058-dffcf9f34c61,55.99,RON,Netflix,2026-04-12T06:39:57+00:00,5588e5c9-786a-4f09-8721-a8cedc57f9c8,
8ede02cf-8fcf-4d2a-8cd3-f6ad1da5a774,55.99,RON,Netflix,2026-04-12T06:39:57+00:00,33a2f3d5-7d4c-460f-ba3e-5b7745b7b856,
1f1494a1-c30c-4192-b899-ec2cff57635c,55.99,RON,Netflix,2026-04-12T06:39:57+00:00,6e36dc96-4f61-48f4-b69f-4ca617af9323,
a147da06-2961-4636-8737-c4faa38b1284,55.99,RON,Netflix,2026-04-12T06:39:57+00:00,2eb300a6-bd34-43d9-94c9-8697b97c5ba7,
cd82ef51-a3f8-4128-af2c-b10d7b83b652,55.99,RON,Netflix,2026-04-12T06:39:57+00:00,818e12e2-7146-4ffe-a877-ba23cf63df5b,
bf0ff823-3a33-41b5-bfcb-7e2ce34ec581,55.99,RON,Netflix,2026-04-12T06:39:57+00:00,97c83e0a-8a40-4c3e-b8e3-ae37cffa9985,
2fae5b1d-80dd-4de5-b332-6af356603885,55.99,RON,Netflix,2026-04-12T06:39:57+00:00,d3228db7-ef32-4e3e-8fa9-f9f8a84cc34d,
54ddeab5-9a86-42cb-a3b3-9c4f466e02b6,55.99,RON,Netflix,2026-04-12T06:39:57+00:00,12cbffe1-d83b-42c0-8120-8703b8fbd5c6,
30f1fe64-e561-4d38-9fbe-6bbc3e64feac,55.99,RON,Netflix,2026-04-12T06:39:57+00:00,82112000-16b4-4f2b-9dee-8ec850f886ea,
7fcca09e-9149-4453-935d-0dddf27efe6c,135.25,RON,Lidl ref 12826793,2026-04-12T15:02:57+00:00,33a2f3d5-7d4c-460f-ba3e-5b7745b7b856,
884e8583-aec0-41ab-ba7c-7b07b7720646,230.11,RON,Kaufland ref 32869433,2026-04-12T15:59:57+00:00,12cbffe1-d83b-42c0-8120-8703b8fbd5c6,
76f86881-c86e-4907-bf57-7cd75526aaac,25.5,RON,Mega Image ref 64700635,2026-04-12T16:17:57+00:00,d3228db7-ef32-4e3e-8fa9-f9f8a84cc34d,
84aa38c3-cf56-42a3-9ba9-1c8178908c6f,221.18,RON,OMV benzina ref 99722619,2026-04-12T16:52:57+00:00,d3228db7-ef32-4e3e-8fa9-f9f8a84cc34d,
9c7cf745-581d-4820-a900-52ed52d7ed32,111.95,RON,Carrefour ref 25680543,2026-04-12T17:29:57+00:00,7bf7bf91-9958-41e0-bb31-0f54e9f410c9,
071ef20f-6e0b-414f-9e2d-5f9497a9bc72,240.27,RON,OMV benzina ref 45365918,2026-04-12T17:56:57+00:00,56cc310a-2a4b-4ab3-87df-66009aa0bf74,
a5c20bdc-881d-46a4-a0b1-fa73c790f243,62.92,RON,Lidl ref 10873670,2026-04-12T18:07:57+00:00,6e36dc96-4f61-48f4-b69f-4ca617af9323,
f1da833d-1550-4390-b4c0-db3e666a4a82,195.46,RON,OMV benzina ref 31920355,2026-04-12T18:55:57+00:00,0e5779ec-be1a-470f-ad83-a4c869f8d3e4,
6190a494-26f4-44ef-9ec3-4eb3f79aff96,64.92,RON,Farmacia Tei ref 52931346,2026-04-12T20:26:57+00:00,97c83e0a-8a40-4c3e-b8e3-ae37cffa9985,
42bd4edf-3f8e-4c41-8374-c51433472b3b,169.9,RON,OMV benzina ref 23604622,2026-04-12T20:30:57+00:00,818e12e2-7146-4ffe-a877-ba23cf63df5b,
4127eed6-d801-4e0a-887e-66eee7f70fa9,45.62,RON,Mega Image ref 35014896,2026-04-12T21:48:57+00:00,5588e5c9-786a-4f09-8721-a8cedc57f9c8,
6c092d0a-9f4f-4355-baa6-961c20e4dbfe,43.25,RON,Mega Image ref 47231423,2026-04-12T22:52:57+00:00,0e5779ec-be1a-470f-ad83-a4c869f8d3e4,
642704a9-2530-4f21-8360-89c0052efafc,33.59,RON,Mega Image ref 44537723,2026-04-12T23:11:57+00:00,97c83e0a-8a40-4c3e-b8e3-ae37cffa9985,
8b99d42e-de9c-45f6-9c6d-9ce20279c042,269.32,RON,OMV benzina ref 79749541,2026-04-12T23:54:57+00:00,5588e5c9-786a-4f09-8721-a8cedc57f9c8,
140b7b7c-fa6c-4287-9b66-94a38242a221,194.28,RON,Dedeman ref 68195578,2026-04-13T00:27:57+00:00,2eb300a6-bd34-43d9-94c9-8697b97c5ba7,
36a09573-7237-420d-a2fe-fcaed97eb355,47.01,RON,Glovo ref 90492563,2026-04-13T00:58:57+00:00,aa7898aa-95b2-468b-ac92-275a68599dc4,
453beb79-c961-4afa-a089-499db146f076,63.45,RON,Kaufland ref 18633052,2026-04-13T01:15:57+00:00,d3228db7-ef32-4e3e-8fa9-f9f8a84cc34d,
f38fa29f-1f45-4ee6-a8b4-dac9ebe6258a,39.01,RON,Mega Image ref 80762190,2026-04-13T03:05:57+00:00,12cbffe1-d83b-42c0-8120-8703b8fbd5c6,
f10e2cb9-9f55-449c-89e9-e10bb31b76f3,138.75,RON,Kaufland ref 75340467,2026-04-13T03:09:57+00:00,97c83e0a-8a40-4c3e-b8e3-ae37cffa9985,
d527189b-db28-45da-8cb9-be7b24444f64,70.04,RON,Kaufland ref 35242818,2026-04-13T03:41:57+00:00,0e5779ec-be1a-470f-ad83-a4c869f8d3e4,
28ace558-c81e-477d-b4b8-c32cb8e096ef,12.83,RON,Mega Image ref 42101893,2026-04-13T04:34:57+00:00,56cc310a-2a4b-4ab3-87df-66009aa0bf74,
744b62d8-2dc2-43c0-a374-4bab5ca86e0a,155.92,RON,Kaufland ref 74247077,2026-04-13T18:37:57+00:00,6e36dc96-4f61-48f4-b69f-4ca617af9323,
42b52ae0-eca2-45a2-b911-6ba29fc70fa4,182.98,RON,Carrefour ref 28441367,2026-04-13T19:36:57+00:00,33a2f3d5-7d4c-460f-ba3e-5b7745b7b856,
f97ae55a-529d-4531-af0f-c08b26fcbc1d,73.44,RON,Glovo ref 72391538,2026-04-13T20:18:57+00:00,02c27ee1-ff57-48d4-82c7-6cf491fd62b9,
6179987b-ea8f-442a-9794-8ed35cf6b760,358.77,RON,OMV benzina ref 25296798,2026-04-13T20:51:57+00:00,82112000-16b4-4f2b-9dee-8ec850f886ea,
54efe054-0206-4d9d-9be6-aa291ff868e7,38.65,RON,Lidl ref 34266570,2026-04-13T21:28:57+00:00,7bf7bf91-9958-41e0-bb31-0f54e9f410c9,
458fa881-c3da-431b-8a90-517c05e5120a,75.3,RON,Lidl ref 61024565,2026-04-13T21:33:57+00:00,aa7898aa-95b2-468b-ac92-275a68599dc4,
2585e346-fc67-4e5a-8c53-b31fddf18860,74.95,RON,Farmacia Tei ref 37339541,2026-04-13T23:15:57+00:00,d3228db7-ef32-4e3e-8fa9-f9f8a84cc34d,
d08ca709-6eb1-4d15-9824-8881771180bd,33.61,RON,Mega Image ref 21095437,2026-04-13T23:51:57+00:00,82112000-16b4-4f2b-9dee-8ec850f886ea,
7fc0922e-054d-4197-9273-d60c57a03c17,34.42,RON,Mega Image ref 80321416,2026-04-14T01:10:57+00:00,aa7898aa-95b2-468b-ac92-275a68599dc4,
7fb82b3e-4234-483e-8786-bad1cb0a7314,43.06,RON,Mega Image ref 68999002,2026-04-14T01:20:57+00:00,7bf7bf91-9958-41e0-bb31-0f54e9f410c9,
a246f2d5-958a-4a82-8e11-4722c771df14,33.71,RON,Mega Image ref 41455919,2026-04-14T01:31:57+00:00,6e36dc96-4f61-48f4-b69f-4ca617af9323,
59ad7887-c10e-45e7-bc6c-4b7faee8e33c,62.29,RON,Glovo ref 28633763,2026-04-14T01:43:57+00:00,5588e5c9-786a-4f09-8721-a8cedc57f9c8,
904ada37-5f44-4716-b6e5-dd9a315007d2,163.15,RON,Kaufland ref 96647103,2026-04-14T01:56:57+00:00,0e5779ec-be1a-470f-ad83-a4c869f8d3e4,
a72c3d57-dc12-454b-b51d-d1565bacd515,54.56,RON,Lidl ref 30601897,2026-04-14T02:10:57+00:00,56cc310a-2a4b-4ab3-87df-66009aa0bf74,
79476bfc-783d-4a30-9620-567eeab200d9,74.59,RON,Lidl ref 94149004,2026-04-14T02:29:57+00:00,97c83e0a-8a40-4c3e-b8e3-ae37cffa9985,
0666de8b-033a-4d4a-ae67-4484aa8346f4,69.63,RON,Kaufland ref 61061730,2026-04-14T03:52:57+00:00,5588e5c9-786a-4f09-8721-a8cedc57f9c8,
d4e99b37-3151-4274-9cea-5864b8ce78e8,119.9,RON,Carrefour ref 86523196,2026-04-14T17:24:57+00:00,12cbffe1-d83b-42c0-8120-8703b8fbd5c6,
4c6c8ed2-ebd8-4fc9-8611-86bd3aeab088,135.16,RON,Carrefour ref 39324790,2026-04-14T19:15:57+00:00,818e12e2-7146-4ffe-a877-ba23cf63df5b,
608d4b54-1913-4b90-8286-675d460db751,178.68,RON,OMV benzina ref 40301728,2026-04-14T20:28:57+00:00,0e5779ec-be1a-470f-ad83-a4c869f8d3e4,
703179c1-3a32-4738-9fb5-3919d1b31ef8,32.23,RON,Glovo ref 54077927,2026-04-14T20:33:57+00:00,33a2f3d5-7d4c-460f-ba3e-5b7745b7b856,
8f275a7f-439b-4275-a27c-f16aff0efe29,45.4,RON,Mega Image ref 56991068,2026-04-14T20:37:57+00:00,d3228db7-ef32-4e3e-8fa9-f9f8a84cc34d,
d4548671-c112-44bf-b163-fed7c526123a,123.79,RON,Carrefour ref 51435026,2026-04-14T23:12:57+00:00,d3228db7-ef32-4e3e-8fa9-f9f8a84cc34d,
43004ed7-3c65-4d73-a497-3f0e7e6c0795,57.39,RON,Glovo ref 55909652,2026-04-14T23:14:57+00:00,82112000-16b4-4f2b-9dee-8ec850f886ea,
8c61e59f-af19-4390-9c28-5022880e6ddd,50.45,RON,Kaufland ref 26726377,2026-04-14T23:54:57+00:00,0e5779ec-be1a-470f-ad83-a4c869f8d3e4,
7eb02da8-428d-4b98-a2ac-2eda41cd5207,106.81,RON,Carrefour ref 54519142,2026-04-14T23:55:57+00:00,6e36dc96-4f61-48f4-b69f-4ca617af9323,
b0a594af-e389-4cdb-8542-51eb50c1ce58,52.89,RON,Glovo ref 17364562,2026-04-15T01:33:57+00:00,56cc310a-2a4b-4ab3-87df-66009aa0bf74,
2c4882bb-82be-4b6b-9ff4-b533647e9ed0,55.53,RON,Kaufland ref 66306004,2026-04-15T01:44:57+00:00,97c83e0a-8a40-4c3e-b8e3-ae37cffa9985,
b7784aec-cf7e-49af-b03b-99e190b28dea,58.72,RON,Glovo ref 47957945,2026-04-15T03:11:57+00:00,97c83e0a-8a40-4c3e-b8e3-ae37cffa9985,
677ce7b7-1a24-4f79-826f-0a01035c8f82,49.97,RON,Farmacia Tei ref 37389925,2026-04-15T03:11:57+00:00,d3228db7-ef32-4e3e-8fa9-f9f8a84cc34d,
2835bbc3-ada8-468e-975c-928bda94a440,46.76,RON,Lidl ref 81608988,2026-04-15T03:24:57+00:00,d3228db7-ef32-4e3e-8fa9-f9f8a84cc34d,
6fc87d00-1946-4fc9-9c98-94183861d10a,169.16,RON,Kaufland ref 21845765,2026-04-15T03:41:57+00:00,5588e5c9-786a-4f09-8721-a8cedc57f9c8,
728d691e-6d49-48ea-914c-59dc5796ac30,66.59,RON,Lidl ref 14878224,2026-04-15T03:58:57+00:00,818e12e2-7146-4ffe-a877-ba23cf63df5b,
37ca273b-3506-480f-a76c-f539c9bef3d7,121.07,RON,Kaufland ref 32599802,2026-04-15T04:23:57+00:00,aa7898aa-95b2-468b-ac92-275a68599dc4,
23d26b8d-ae46-424d-91d0-5ef3a91883fc,88.11,RON,Lidl ref 64237172,2026-04-15T04:30:57+00:00,bdd640fb-0667-4ad1-9c80-317fa3b1799d,
c3a25f76-8f73-4feb-89d0-c704bd7601f7,41.35,RON,Glovo ref 32754370,2026-04-15T16:16:57+00:00,97c83e0a-8a40-4c3e-b8e3-ae37cffa9985,
b3969a86-2a8d-4a45-9a04-409f37d96c58,50.34,RON,Lidl ref 56667256,2026-04-15T16:57:57+00:00,7bf7bf91-9958-41e0-bb31-0f54e9f410c9,
4a00ac64-245b-4ac3-893e-f4f8023f5d87,21.33,RON,Glovo ref 98871025,2026-04-15T18:21:57+00:00,2eb300a6-bd34-43d9-94c9-8697b97c5ba7,
d720f1f4-2da6-47df-8ff7-ca40bdf15777,56.51,RON,Glovo ref 29050110,2026-04-15T19:18:57+00:00,12cbffe1-d83b-42c0-8120-8703b8fbd5c6,
47eb6203-9b87-41ee-9803-cca7586a2ad4,47.41,RON,Farmacia Tei ref 11833987,2026-04-15T21:34:57+00:00,56cc310a-2a4b-4ab3-87df-66009aa0bf74,
f4567c13-5b17-4df6-a590-1a74145f0fd7,157.24,RON,Kaufland ref 72165561,2026-04-15T23:23:57+00:00,97c83e0a-8a40-4c3e-b8e3-ae37cffa9985,
1875589a-7d57-451f-8e8a-5306d2438d1b,148.43,RON,Kaufland ref 89031028,2026-04-15T23:25:57+00:00,0e5779ec-be1a-470f-ad83-a4c869f8d3e4,
0599e1f2-ccd3-454c-b68b-bbc673c66188,116.57,RON,Kaufland ref 18683210,2026-04-15T23:54:57+00:00,aa7898aa-95b2-468b-ac92-275a68599dc4,
b9c22c9c-6936-459e-9011-97b44139b191,20.11,RON,Mega Image ref 29190390,2026-04-16T00:07:57+00:00,33a2f3d5-7d4c-460f-ba3e-5b7745b7b856,
f5bc16ba-37a7-43a8-92e8-619c3b7f11eb,64.85,RON,Mega Image ref 70508243,2026-04-16T00:50:57+00:00,82112000-16b4-4f2b-9dee-8ec850f886ea,
b51043a0-0c6c-4036-9e4e-9191b0959c1d,61.93,RON,Farmacia Tei ref 67057945,2026-04-16T01:23:57+00:00,d3228db7-ef32-4e3e-8fa9-f9f8a84cc34d,
ee367214-1766-4a5a-b24e-24772f515686,42.5,RON,Glovo ref 98370567,2026-04-16T01:54:57+00:00,7bf7bf91-9958-41e0-bb31-0f54e9f410c9,
afb28b3d-38ec-4b4d-b69f-5eabb9ff2c29,132.86,RON,Kaufland ref 56059101,2026-04-16T02:15:57+00:00,bdd640fb-0667-4ad1-9c80-317fa3b1799d,
cd9ed328-1ce9-4ec0-9c5e-7bd5816ad9ff,38.61,RON,Lidl ref 69852264,2026-04-16T02:27:57+00:00,5588e5c9-786a-4f09-8721-a8cedc57f9c8,
ce924b09-af8e-466f-bbbb-58e1156b5afe,66.87,RON,Glovo ref 50113166,2026-04-16T16:41:57+00:00,5588e5c9-786a-4f09-8721-a8cedc57f9c8,
a92be5aa-bb99-42b8-8546-d5a36db54763,139.01,RON,Lidl ref 84583911,2026-04-16T17:18:57+00:00,82112000-16b4-4f2b-9dee-8ec850f886ea,
f269921c-2edd-4141-a9a1-c6d5c34e9baf,25.02,RON,Mega Image ref 85031958,2026-04-16T17:26:57+00:00,bdd640fb-0667-4ad1-9c80-317fa3b1799d,
7142aa48-6eab-4256-ab56-43acc106f517,37.91,RON,Mega Image ref 44438867,2026-04-16T18:11:57+00:00,5588e5c9-786a-4f09-8721-a8cedc57f9c8,
56be1c30-c0e8-4e9c-b694-5e84f4a82236,43.07,RON,Mega Image ref 73543929,2026-04-16T19:20:57+00:00,818e12e2-7146-4ffe-a877-ba23cf63df5b,
bb43b082-fab4-46a7-8a7c-bacd6531711d,206.53,RON,Kaufland ref 60395644,2026-04-16T19:44:57+00:00,12cbffe1-d83b-42c0-8120-8703b8fbd5c6,
12f87aab-3a96-46b1-a6fe-0b1d960c8ea2,56.03,RON,Carrefour ref 27331911,2026-04-16T21:06:57+00:00,12cbffe1-d83b-42c0-8120-8703b8fbd5c6,
93a7f3d1-5c25-413f-ad0a-2041384f816b,34.8,RON,Glovo ref 45524607,2026-04-16T21:13:57+00:00,33a2f3d5-7d4c-460f-ba3e-5b7745b7b856,
bb4400f1-8baa-4ca5-a47d-5fb6893bfecf,19.84,RON,Mega Image ref 46332731,2026-04-16T22:10:57+00:00,7bf7bf91-9958-41e0-bb31-0f54e9f410c9,
dccd4ade-7565-43d1-9b0b-93f2283fa746,33.11,RON,Mega Image ref 68914237,2026-04-17T01:13:57+00:00,12cbffe1-d83b-42c0-8120-8703b8fbd5c6,
ddbbf6e3-2591-4040-b902-7e9ae79a71c2,116.97,RON,Carrefour ref 54447728,2026-04-17T03:54:57+00:00,6e36dc96-4f61-48f4-b69f-4ca617af9323,
886a9dcb-88cd-465c-97c2-9048cd2aac5b,82.27,RON,Mega Image ref 57099533,2026-04-17T04:01:57+00:00,02c27ee1-ff57-48d4-82c7-6cf491fd62b9,
17be360d-996a-4475-8efa-c3025cff7279,51.91,RON,Mega Image ref 16330192,2026-04-17T15:12:57+00:00,7bf7bf91-9958-41e0-bb31-0f54e9f410c9,
60f91495-2486-47c2-a059-ad46a8560b74,69.33,RON,Lidl ref 30869686,2026-04-17T15:22:57+00:00,0e5779ec-be1a-470f-ad83-a4c869f8d3e4,
110a156d-72d9-42a4-9583-367e9d6d37c7,49.94,RON,Lidl ref 59424791,2026-04-17T16:11:57+00:00,7bf7bf91-9958-41e0-bb31-0f54e9f410c9,
8677098c-144a-4458-8019-a1f60cd11081,100.44,RON,Carrefour ref 84198784,2026-04-17T16:44:57+00:00,aa7898aa-95b2-468b-ac92-275a68599dc4,
566feb17-67fe-4658-80ac-c371cc9099d4,24.19,RON,Mega Image ref 14109854,2026-04-17T16:52:57+00:00,56cc310a-2a4b-4ab3-87df-66009aa0bf74,
bfe2a0fa-0289-4693-aa29-1f8afac30cec,138.46,RON,Lidl ref 49707312,2026-04-17T16:56:57+00:00,12cbffe1-d83b-42c0-8120-8703b8fbd5c6,
807600fe-426b-43a9-8711-f4ed00ac47dd,40.77,RON,Mega Image ref 52913287,2026-04-17T19:40:57+00:00,5588e5c9-786a-4f09-8721-a8cedc57f9c8,
e2c1c800-4390-44da-b098-7d19729b4f6d,80.58,RON,Lidl ref 66614387,2026-04-17T21:23:57+00:00,818e12e2-7146-4ffe-a877-ba23cf63df5b,
c8069cd0-0247-4f89-919c-5dbc85ddc103,111.83,RON,Kaufland ref 52718225,2026-04-17T21:45:57+00:00,56cc310a-2a4b-4ab3-87df-66009aa0bf74,
6eb30ce2-7e8b-4ccf-8be9-a2ee077ff307,57.93,RON,Carrefour ref 15067887,2026-04-17T22:29:57+00:00,33a2f3d5-7d4c-460f-ba3e-5b7745b7b856,
6bbd3b4e-8f37-4139-8c6e-2d47a7ed47d5,86.4,RON,Lidl ref 46822400,2026-04-17T22:34:57+00:00,56cc310a-2a4b-4ab3-87df-66009aa0bf74,
6f3a4b56-f679-49de-a88c-f4df66de806d,72.46,RON,Lidl ref 91139445,2026-04-17T23:28:57+00:00,2eb300a6-bd34-43d9-94c9-8697b97c5ba7,
5008606f-dbf5-4afe-b67a-3c0723d34fb6,72.37,RON,Kaufland ref 56476289,2026-04-18T00:21:57+00:00,7bf7bf91-9958-41e0-bb31-0f54e9f410c9,
47f0652e-859b-4fb3-9bbb-cd3613ddd5b2,96.48,RON,Kaufland ref 36492746,2026-04-18T00:39:57+00:00,5588e5c9-786a-4f09-8721-a8cedc57f9c8,
fbabd141-7c2a-42c1-a7ad-86fc768a400f,81.89,RON,Mega Image ref 76219799,2026-04-18T00:40:57+00:00,82112000-16b4-4f2b-9dee-8ec850f886ea,
430b3d76-2f02-4f5d-9a7c-f2c0b7e90497,196.09,RON,Kaufland ref 10585564,2026-04-18T01:02:57+00:00,02c27ee1-ff57-48d4-82c7-6cf491fd62b9,
b5da12a4-1c62-4232-b627-5120c1fd6735,415.27,RON,Dedeman ref 56689416,2026-04-18T02:32:57+00:00,33a2f3d5-7d4c-460f-ba3e-5b7745b7b856,
9dfce498-6767-40c0-98dd-7bddf9c5257d,48.3,RON,Kaufland ref 21631308,2026-04-18T15:08:57+00:00,818e12e2-7146-4ffe-a877-ba23cf63df5b,
7312d48b-a681-4fd9-8610-f8a3ff0638b2,69.56,RON,Glovo ref 40497194,2026-04-18T15:14:57+00:00,5588e5c9-786a-4f09-8721-a8cedc57f9c8,
d5eabe9a-6434-4e31-81d6-45b4a4cc89db,65.4,RON,Mega Image ref 18564145,2026-04-18T17:00:57+00:00,02c27ee1-ff57-48d4-82c7-6cf491fd62b9,
c12898bf-d92a-4965-9cfc-c7d05ac290a5,25.26,RON,Lidl ref 64371912,2026-04-18T17:37:57+00:00,2eb300a6-bd34-43d9-94c9-8697b97c5ba7,
752366ce-fc95-4bba-a818-4f34e4917f7d,44.18,RON,Glovo ref 86424055,2026-04-18T18:00:57+00:00,bdd640fb-0667-4ad1-9c80-317fa3b1799d,
0dd70158-69c1-45ae-8c61-0ae887a37f10,18.49,RON,Mega Image ref 61226775,2026-04-18T18:11:57+00:00,bdd640fb-0667-4ad1-9c80-317fa3b1799d,
1f9d1e74-049c-4160-b238-a70896f35771,41.32,RON,Lidl ref 28964413,2026-04-18T18:20:57+00:00,02c27ee1-ff57-48d4-82c7-6cf491fd62b9,
c3c039e6-891e-4df3-a33b-9157d1f410e0,40.53,RON,Glovo ref 44833949,2026-04-18T18:42:57+00:00,6e36dc96-4f61-48f4-b69f-4ca617af9323,
4c33a635-60f2-420e-850f-188e3770897f,96.95,RON,Lidl ref 93675956,2026-04-18T22:09:57+00:00,12cbffe1-d83b-42c0-8120-8703b8fbd5c6,
f1f5af55-8b2b-4562-a909-52b90b16f7f5,22.09,RON,Mega Image ref 30325676,2026-04-18T22:31:57+00:00,12cbffe1-d83b-42c0-8120-8703b8fbd5c6,
f952bb7f-48b0-47b7-81c4-71e02dd436d0,47.51,RON,Mega Image ref 43610981,2026-04-18T22:37:57+00:00,33a2f3d5-7d4c-460f-ba3e-5b7745b7b856,
e9d0454a-5334-4c98-a3ab-ed80d9d5c321,48.05,RON,Carrefour ref 80410475,2026-04-19T00:10:57+00:00,56cc310a-2a4b-4ab3-87df-66009aa0bf74,
ded6cf19-5f80-4dd3-b578-29c2eec76ac4,32.9,RON,Farmacia Tei ref 32967393,2026-04-19T00:52:57+00:00,82112000-16b4-4f2b-9dee-8ec850f886ea,
3a20bb07-297c-4bb1-ae60-60c3fed6b3b6,357.14,RON,Dedeman ref 30029964,2026-04-19T01:20:57+00:00,02c27ee1-ff57-48d4-82c7-6cf491fd62b9,
a0b9ec2c-e3cf-44c1-b958-d682b3de1447,76.62,RON,Farmacia Tei ref 61705455,2026-04-19T02:06:57+00:00,6e36dc96-4f61-48f4-b69f-4ca617af9323,
ef540fd0-9d17-497d-897c-d8e534ed402f,20.28,RON,Mega Image ref 71962654,2026-04-19T02:18:57+00:00,2eb300a6-bd34-43d9-94c9-8697b97c5ba7,
02545abf-571b-4f09-a35a-c09fc462bc20,70.49,RON,Glovo ref 30741622,2026-04-19T03:08:57+00:00,82112000-16b4-4f2b-9dee-8ec850f886ea,
3d74b046-b780-4ea5-a609-eb667755807b,148.48,RON,Kaufland ref 98886109,2026-04-19T04:16:57+00:00,6e36dc96-4f61-48f4-b69f-4ca617af9323,
f127f7bd-7862-4252-8c45-b36c49ca4ae6,78.44,RON,Lidl ref 33614794,2026-04-19T15:15:57+00:00,aa7898aa-95b2-468b-ac92-275a68599dc4,
24d68dfb-c5c5-4b5b-a941-d94aff8fc468,18.42,RON,Mega Image ref 17386396,2026-04-19T15:38:57+00:00,2eb300a6-bd34-43d9-94c9-8697b97c5ba7,
037dea9d-0ab6-4866-a2ed-70132b0bc27a,60.14,RON,Mega Image ref 61598902,2026-04-19T16:19:57+00:00,02c27ee1-ff57-48d4-82c7-6cf491fd62b9,
38d822a7-88e4-48d0-bc3b-18e09f45da39,178.61,RON,Carrefour ref 58794012,2026-04-19T17:07:57+00:00,33a2f3d5-7d4c-460f-ba3e-5b7745b7b856,
87a45304-1ff3-49f8-b1fa-f7e038e5156d,48.84,RON,Glovo ref 14064806,2026-04-19T18:10:57+00:00,7bf7bf91-9958-41e0-bb31-0f54e9f410c9,
d139e6d8-44e0-4371-99fc-9448c5d899df,62.91,RON,Glovo ref 19043872,2026-04-19T18:17:57+00:00,aa7898aa-95b2-468b-ac92-275a68599dc4,
f60ed6b5-35dd-4a12-b9d3-07a88cc9360a,43.33,RON,Mega Image ref 25133056,2026-04-19T18:18:57+00:00,82112000-16b4-4f2b-9dee-8ec850f886ea,
59395f65-91c6-48a3-962c-041b57739b1a,30.79,RON,Glovo ref 19486115,2026-04-19T19:51:57+00:00,82112000-16b4-4f2b-9dee-8ec850f886ea,
3c55f8e0-40b2-4aca-a055-9592b0c924a9,67.45,RON,Kaufland ref 87208846,2026-04-19T20:05:57+00:00,d3228db7-ef32-4e3e-8fa9-f9f8a84cc34d,
73b9c2ac-0134-476b-8ed9-fa95a26e865b,152.58,RON,Kaufland ref 52065724,2026-04-19T20:19:57+00:00,bdd640fb-0667-4ad1-9c80-317fa3b1799d,
cc62ac54-28c9-4338-b9e3-7f0b9aa7191d,48.41,RON,Lidl ref 22393623,2026-04-19T21:10:57+00:00,33a2f3d5-7d4c-460f-ba3e-5b7745b7b856,
74c338f2-8cc4-439e-b207-c2fb59d80a28,46.84,RON,Mega Image ref 24956315,2026-04-19T22:30:57+00:00,6e36dc96-4f61-48f4-b69f-4ca617af9323,
fb5ddb14-984e-4ee1-a428-5cc0745e33fd,36.67,RON,Glovo ref 32414082,2026-04-19T22:36:57+00:00,5588e5c9-786a-4f09-8721-a8cedc57f9c8,
33c3b4f5-6350-4836-a8d6-192ea19c3c9d,243.82,RON,Dedeman ref 96608752,2026-04-19T23:51:57+00:00,d3228db7-ef32-4e3e-8fa9-f9f8a84cc34d,
4a1521ff-428c-42a6-b30e-6bd9759f52c9,78.24,RON,Lidl ref 86648532,2026-04-19T23:58:57+00:00,7bf7bf91-9958-41e0-bb31-0f54e9f410c9,
d0061819-405c-4915-92c6-1ee8a874aae7,28.44,RON,Mega Image ref 42750136,2026-04-19T23:58:57+00:00,12cbffe1-d83b-42c0-8120-8703b8fbd5c6,
9784cae1-a295-4ea0-b35f-c75f02bb7a10,37.78,RON,Glovo ref 37555120,2026-04-20T00:34:57+00:00,33a2f3d5-7d4c-460f-ba3e-5b7745b7b856,
e7c01bf1-2981-46e4-918e-fe468cb3cd40,172.51,RON,Carrefour ref 93336405,2026-04-20T01:01:57+00:00,12cbffe1-d83b-42c0-8120-8703b8fbd5c6,
738caaca-9c1d-48e0-a20f-2e288c4a1733,76.47,RON,Farmacia Tei ref 54382005,2026-04-20T01:13:57+00:00,2eb300a6-bd34-43d9-94c9-8697b97c5ba7,
cf5b5114-1b59-458a-bb93-657c62ea9b85,80.03,RON,Lidl ref 88818041,2026-04-20T01:55:57+00:00,d3228db7-ef32-4e3e-8fa9-f9f8a84cc34d,
7cd5f6c1-2c91-4f45-a83c-4984f0270274,76.21,RON,Lidl ref 44217671,2026-04-20T02:07:57+00:00,6e36dc96-4f61-48f4-b69f-4ca617af9323,
13716ef9-b249-4f8a-b3da-29d603820b24,182.21,RON,Kaufland ref 43455656,2026-04-20T02:16:57+00:00,12cbffe1-d83b-42c0-8120-8703b8fbd5c6,
20c7c3a0-12f8-4a25-b133-db8b069eb35f,151.05,RON,Kaufland ref 82468005,2026-04-20T02:20:57+00:00,97c83e0a-8a40-4c3e-b8e3-ae37cffa9985,
eb1f283e-856b-4c79-a4f1-7bc1d353db1c,102.92,RON,Carrefour ref 42164731,2026-04-20T02:43:57+00:00,7bf7bf91-9958-41e0-bb31-0f54e9f410c9,
6dedcba5-a22c-4d4f-af07-b60f9d4e8b5d,45.0,RON,Digi internet,2026-04-20T06:39:57+00:00,bdd640fb-0667-4ad1-9c80-317fa3b1799d,
1458771d-a27a-4bda-9713-742bd862042e,45.0,RON,Digi internet,2026-04-20T06:39:57+00:00,0e5779ec-be1a-470f-ad83-a4c869f8d3e4,
b924312e-5e72-4c24-82c7-bd498dae27d7,45.0,RON,Digi internet,2026-04-20T06:39:57+00:00,aa7898aa-95b2-468b-ac92-275a68599dc4,
09954fc3-efb3-4b37-ad57-ffd72ea5f54b,45.0,RON,Digi internet,2026-04-20T06:39:57+00:00,7bf7bf91-9958-41e0-bb31-0f54e9f410c9,
628875b8-e79a-42b2-ac3a-11e7c9164a3b,45.0,RON,Digi internet,2026-04-20T06:39:57+00:00,02c27ee1-ff57-48d4-82c7-6cf491fd62b9,
937bd589-e4e8-45bd-9d44-999bc4f094b2,45.0,RON,Digi internet,2026-04-20T06:39:57+00:00,56cc310a-2a4b-4ab3-87df-66009aa0bf74,
1e287544-069a-4ef6-9090-b1842ff954ad,45.0,RON,Digi internet,2026-04-20T06:39:57+00:00,5588e5c9-786a-4f09-8721-a8cedc57f9c8,
e95e1564-76bf-4d44-9429-2211f4280889,45.0,RON,Digi internet,2026-04-20T06:39:57+00:00,33a2f3d5-7d4c-460f-ba3e-5b7745b7b856,
2827f66f-6756-4314-a21b-dad8d6c1ea63,45.0,RON,Digi internet,2026-04-20T06:39:57+00:00,6e36dc96-4f61-48f4-b69f-4ca617af9323,
342ce60f-4ca5-453d-857a-adaede1e4909,45.0,RON,Digi internet,2026-04-20T06:39:57+00:00,2eb300a6-bd34-43d9-94c9-8697b97c5ba7,
d18137e6-f3cd-44ab-84a4-559576597666,45.0,RON,Digi internet,2026-04-20T06:39:57+00:00,818e12e2-7146-4ffe-a877-ba23cf63df5b,
d4ac17e4-28e0-4a28-835d-cd8acc346464,45.0,RON,Digi internet,2026-04-20T06:39:57+00:00,97c83e0a-8a40-4c3e-b8e3-ae37cffa9985,
995e2d90-0d51-4457-b23f-c3204063fe9f,45.0,RON,Digi internet,2026-04-20T06:39:57+00:00,d3228db7-ef32-4e3e-8fa9-f9f8a84cc34d,
2384c00a-dd63-42a2-a81b-673bc10a4040,45.0,RON,Digi internet,2026-04-20T06:39:57+00:00,12cbffe1-d83b-42c0-8120-8703b8fbd5c6,
d7548372-a08f-4754-9df9-086097b0952c,45.0,RON,Digi internet,2026-04-20T06:39:57+00:00,82112000-16b4-4f2b-9dee-8ec850f886ea,
aca601d1-10ee-43d2-9070-750e50969bc4,45.99,RON,Glovo ref 63852145,2026-04-20T14:50:57+00:00,5588e5c9-786a-4f09-8721-a8cedc57f9c8,
41703df3-317a-42cc-9390-113c102e976f,21.55,RON,Mega Image ref 31159443,2026-04-20T15:02:57+00:00,5588e5c9-786a-4f09-8721-a8cedc57f9c8,
4fe54745-5827-4e80-a082-1918b18ad67d,73.66,RON,Farmacia Tei ref 40368869,2026-04-20T15:19:57+00:00,bdd640fb-0667-4ad1-9c80-317fa3b1799d,
b0dad335-91b4-403e-934b-5f01e7e2c4a1,298.58,RON,OMV benzina ref 38923996,2026-04-20T15:23:57+00:00,6e36dc96-4f61-48f4-b69f-4ca617af9323,
a27fb1cb-4b70-4b3d-b336-7455d6e050b3,100.22,RON,Glovo ref 79865892,2026-04-20T15:24:57+00:00,12cbffe1-d83b-42c0-8120-8703b8fbd5c6,
813d64d7-b1ba-4c0a-8ed9-0bb71c958d67,88.23,RON,Glovo ref 87723801,2026-04-20T15:42:57+00:00,82112000-16b4-4f2b-9dee-8ec850f886ea,
2b37fa10-19f6-474e-bde5-bed22ac4faa7,56.84,RON,Lidl ref 54751230,2026-04-20T15:55:57+00:00,2eb300a6-bd34-43d9-94c9-8697b97c5ba7,
1c867c2e-051c-4d6a-806b-c9492290314d,123.68,RON,Kaufland ref 78774024,2026-04-20T16:40:57+00:00,d3228db7-ef32-4e3e-8fa9-f9f8a84cc34d,
2201268a-c110-43ac-a583-658b520321c1,91.47,RON,Carrefour ref 29529809,2026-04-20T17:35:57+00:00,12cbffe1-d83b-42c0-8120-8703b8fbd5c6,
8ddd6a3e-492d-45a7-be50-150015a75ed9,61.2,RON,Kaufland ref 17705644,2026-04-20T17:44:57+00:00,0e5779ec-be1a-470f-ad83-a4c869f8d3e4,
d54e7948-c1c0-45e3-927c-8f50e45a87e8,182.75,RON,OMV benzina ref 11889398,2026-04-20T18:25:57+00:00,bdd640fb-0667-4ad1-9c80-317fa3b1799d,
98b6b59e-9e32-48ec-a2c3-753d12afdd86,221.48,RON,OMV benzina ref 14165325,2026-04-20T18:33:57+00:00,5588e5c9-786a-4f09-8721-a8cedc57f9c8,
4c56fb8f-0bb4-42b3-92e7-6deb10b6a662,94.74,RON,Carrefour ref 32417070,2026-04-20T21:11:57+00:00,bdd640fb-0667-4ad1-9c80-317fa3b1799d,
af642572-83d7-4afc-bf70-29737acabb76,215.08,RON,OMV benzina ref 28311107,2026-04-20T21:22:57+00:00,0e5779ec-be1a-470f-ad83-a4c869f8d3e4,
bdf7288b-3c0b-4423-95f7-347dd8412678,110.82,RON,Kaufland ref 73580889,2026-04-20T21:52:57+00:00,6e36dc96-4f61-48f4-b69f-4ca617af9323,
5865175d-0b81-4cb1-8536-4f10afdd87e9,54.07,RON,Mega Image ref 32894591,2026-04-20T23:22:57+00:00,33a2f3d5-7d4c-460f-ba3e-5b7745b7b856,
c42f7d59-2bfa-4a2d-9afb-f99753528440,61.95,RON,Kaufland ref 11173934,2026-04-20T23:38:57+00:00,aa7898aa-95b2-468b-ac92-275a68599dc4,
b271ce34-5b6a-4113-88fb-0259f63cd029,142.11,RON,Lidl ref 20665877,2026-04-21T00:24:57+00:00,82112000-16b4-4f2b-9dee-8ec850f886ea,
e35c05aa-43d6-43e4-be33-923787e1cb4c,61.58,RON,Farmacia Tei ref 36711802,2026-04-21T01:10:57+00:00,12cbffe1-d83b-42c0-8120-8703b8fbd5c6,
7b7f926a-9124-4954-886f-a231f69052af,21.02,RON,Mega Image ref 74971658,2026-04-21T02:00:57+00:00,82112000-16b4-4f2b-9dee-8ec850f886ea,
d1edd06f-8594-446e-a8a0-38b2114452a7,193.21,RON,OMV benzina ref 16808378,2026-04-21T02:52:57+00:00,d3228db7-ef32-4e3e-8fa9-f9f8a84cc34d,
c308cbdb-db06-46a1-8e57-5d16953d3351,50.0,RON,Kaufland ref 18668701,2026-04-21T02:56:57+00:00,818e12e2-7146-4ffe-a877-ba23cf63df5b,
bc1a591f-cae8-49a6-b1f8-049a7835f883,52.24,RON,Mega Image ref 42107299,2026-04-21T03:15:57+00:00,02c27ee1-ff57-48d4-82c7-6cf491fd62b9,
be87daed-19f4-48ec-99aa-f75a9ca3d73e,94.08,RON,Lidl ref 94605103,2026-04-21T14:53:57+00:00,82112000-16b4-4f2b-9dee-8ec850f886ea,
8ba887a3-b970-4f69-9e09-447b65a94098,168.24,RON,Kaufland ref 98718130,2026-04-21T16:58:57+00:00,6e36dc96-4f61-48f4-b69f-4ca617af9323,
1fc6fa60-5124-4b16-9d8d-209195b215cf,47.3,RON,Glovo ref 93057486,2026-04-21T18:42:57+00:00,2eb300a6-bd34-43d9-94c9-8697b97c5ba7,
503ef9cb-1006-47c7-af2c-65fa50e363d5,100.65,RON,Kaufland ref 34689953,2026-04-21T19:31:57+00:00,7bf7bf91-9958-41e0-bb31-0f54e9f410c9,
da288ccb-543d-4024-ae00-bf9d861b4490,62.42,RON,Mega Image ref 32338959,2026-04-21T19:44:57+00:00,818e12e2-7146-4ffe-a877-ba23cf63df5b,
46a1d7f1-7e42-41f7-ba0a-f05930f12962,74.78,RON,Glovo ref 13904497,2026-04-21T20:40:57+00:00,82112000-16b4-4f2b-9dee-8ec850f886ea,
e4dd5b35-2450-4447-a18b-8dbb4fbebd09,61.13,RON,Kaufland ref 20723606,2026-04-21T21:57:57+00:00,818e12e2-7146-4ffe-a877-ba23cf63df5b,
6c486ce8-7a81-4ca0-a6df-814522d0d514,88.9,RON,Mega Image ref 38284732,2026-04-21T23:46:57+00:00,12cbffe1-d83b-42c0-8120-8703b8fbd5c6,
f2d6040a-8e9b-4438-9773-7d0a2993ffbc,46.59,RON,Kaufland ref 98586313,2026-04-22T03:09:57+00:00,d3228db7-ef32-4e3e-8fa9-f9f8a84cc34d,
66eaa797-4155-444b-adef-7f93edc9ebbb,60.42,RON,Glovo ref 88167457,2026-04-22T14:58:57+00:00,818e12e2-7146-4ffe-a877-ba23cf63df5b,
56dbb690-c1eb-47dc-9216-94ff73a66ba1,292.52,RON,OMV benzina ref 71425337,2026-04-22T17:47:57+00:00,97c83e0a-8a40-4c3e-b8e3-ae37cffa9985,
8e7b0c2c-165a-469e-a89f-396f3949a542,36.0,RON,Mega Image ref 47055930,2026-04-22T18:01:57+00:00,818e12e2-7146-4ffe-a877-ba23cf63df5b,
09ce2544-8a2a-4585-8f31-bafddc1513bd,23.49,RON,Mega Image ref 11953871,2026-04-22T18:05:57+00:00,33a2f3d5-7d4c-460f-ba3e-5b7745b7b856,
4faadd5b-84d5-408b-9d35-25fb7060b699,39.42,RON,Lidl ref 44270639,2026-04-22T19:23:57+00:00,56cc310a-2a4b-4ab3-87df-66009aa0bf74,
417b6634-a3ec-452c-a065-3245600c9c71,57.61,RON,Glovo ref 15014834,2026-04-22T20:24:57+00:00,bdd640fb-0667-4ad1-9c80-317fa3b1799d,
8c897fe4-e575-441f-addb-f278a7c2d086,38.39,RON,Glovo ref 61112422,2026-04-22T20:25:57+00:00,02c27ee1-ff57-48d4-82c7-6cf491fd62b9,
40ce922c-4dce-488d-a55c-67bd5ca4a098,84.85,RON,Mega Image ref 37954684,2026-04-22T21:13:57+00:00,02c27ee1-ff57-48d4-82c7-6cf491fd62b9,
369d1b9e-f064-4867-820b-894563736539,118.0,RON,Kaufland ref 15076504,2026-04-22T21:30:57+00:00,12cbffe1-d83b-42c0-8120-8703b8fbd5c6,
1279491b-4131-4487-aa25-f5fac899e3f6,35.83,RON,Glovo ref 39417095,2026-04-23T00:23:57+00:00,2eb300a6-bd34-43d9-94c9-8697b97c5ba7,
75f53328-4986-4a4a-8025-93ed22ca9f04,29.82,RON,Lidl ref 60657139,2026-04-23T00:27:57+00:00,aa7898aa-95b2-468b-ac92-275a68599dc4,
0f70d753-8098-4dfe-b98e-4294ca8ee285,54.94,RON,Kaufland ref 27757807,2026-04-23T00:31:57+00:00,82112000-16b4-4f2b-9dee-8ec850f886ea,
bcffa962-72a5-4d54-8e56-b3ecd4576b15,36.67,RON,Glovo ref 44174038,2026-04-23T00:44:57+00:00,5588e5c9-786a-4f09-8721-a8cedc57f9c8,
fb8fce92-8adb-4c5c-bf17-8495f0a60bc9,108.25,RON,Carrefour ref 20770967,2026-04-23T00:58:57+00:00,5588e5c9-786a-4f09-8721-a8cedc57f9c8,
3dfca351-b43b-48d4-9446-026faa4cbd12,84.4,RON,Kaufland ref 11914354,2026-04-23T02:42:57+00:00,2eb300a6-bd34-43d9-94c9-8697b97c5ba7,
4272341e-5bd8-4310-a06e-e5aa8ac54e88,90.2,RON,Farmacia Tei ref 30226139,2026-04-23T02:46:57+00:00,818e12e2-7146-4ffe-a877-ba23cf63df5b,
f1f213b5-1a2a-4b4e-8529-89bfd6c246dc,37.0,RON,Mega Image ref 33662050,2026-04-23T03:03:57+00:00,d3228db7-ef32-4e3e-8fa9-f9f8a84cc34d,
3610901c-2196-43b5-bc21-109bba27bc64,27.16,RON,Lidl ref 40107903,2026-04-23T03:04:57+00:00,bdd640fb-0667-4ad1-9c80-317fa3b1799d,
b2de11ad-55d4-4323-a8a6-2d23d22985d0,63.59,RON,Kaufland ref 46825952,2026-04-23T15:37:57+00:00,5588e5c9-786a-4f09-8721-a8cedc57f9c8,
b34eb26c-72af-409a-a0b2-987b5ac8fea0,246.41,RON,OMV benzina ref 83681745,2026-04-23T15:37:57+00:00,d3228db7-ef32-4e3e-8fa9-f9f8a84cc34d,
c433b3bd-d9cc-4656-8a03-be43d4ec0595,76.78,RON,Glovo ref 43522920,2026-04-23T16:00:57+00:00,0e5779ec-be1a-470f-ad83-a4c869f8d3e4,
6c3786c2-0d08-467e-b3d5-f7375a71504b,55.63,RON,Mega Image ref 78945564,2026-04-23T16:02:57+00:00,0e5779ec-be1a-470f-ad83-a4c869f8d3e4,
71be94c3-6ab1-4db6-9da4-66feb0937085,135.18,RON,Kaufland ref 16473999,2026-04-23T16:20:57+00:00,bdd640fb-0667-4ad1-9c80-317fa3b1799d,
b230a824-9734-480e-bc7d-952593aa60ca,149.26,RON,Kaufland ref 90115522,2026-04-23T16:43:57+00:00,97c83e0a-8a40-4c3e-b8e3-ae37cffa9985,
1b0bd2c9-3a5d-48cc-a67b-ae9009e11bb9,114.38,RON,Kaufland ref 27484465,2026-04-23T18:10:57+00:00,56cc310a-2a4b-4ab3-87df-66009aa0bf74,
c6b88191-bfd1-48f2-9c64-79c61a7af3f8,58.71,RON,Carrefour ref 78836380,2026-04-23T20:11:57+00:00,56cc310a-2a4b-4ab3-87df-66009aa0bf74,
b51ff20f-6f73-40be-b566-2a0de0f914a6,70.31,RON,Glovo ref 79212857,2026-04-23T21:18:57+00:00,d3228db7-ef32-4e3e-8fa9-f9f8a84cc34d,
95a529f6-6402-42be-b393-b6169d268e23,378.97,RON,OMV benzina ref 11128848,2026-04-23T22:54:57+00:00,12cbffe1-d83b-42c0-8120-8703b8fbd5c6,
3dbfcb34-c34f-43ed-93dd-2803144da74f,62.5,RON,Kaufland ref 39008786,2026-04-23T23:46:57+00:00,82112000-16b4-4f2b-9dee-8ec850f886ea,
7f791df5-05e8-463f-90e6-3074d62bb621,113.86,RON,Glovo ref 36859703,2026-04-24T00:57:57+00:00,12cbffe1-d83b-42c0-8120-8703b8fbd5c6,
5f2536d8-e6ca-43e2-b9fa-e98d0ff0d7fa,63.11,RON,Mega Image ref 71428633,2026-04-24T01:04:57+00:00,33a2f3d5-7d4c-460f-ba3e-5b7745b7b856,
63f15584-f8ca-43f8-a8d6-0098e9f115be,49.9,RON,Glovo ref 66067933,2026-04-24T01:15:57+00:00,97c83e0a-8a40-4c3e-b8e3-ae37cffa9985,
a9987bdf-19d9-40b5-a962-d9966bbe3b5a,56.49,RON,Glovo ref 50415166,2026-04-24T02:22:57+00:00,bdd640fb-0667-4ad1-9c80-317fa3b1799d,
73bde28f-4e2a-492a-bae1-79a6f50e7942,72.83,RON,Glovo ref 56977115,2026-04-24T14:55:57+00:00,5588e5c9-786a-4f09-8721-a8cedc57f9c8,
ac35c259-5e0e-447c-a363-27a046c5361d,30.43,RON,Glovo ref 94436777,2026-04-24T16:08:57+00:00,2eb300a6-bd34-43d9-94c9-8697b97c5ba7,
6993e611-e777-4ef5-9ab9-ae1b1d93c7bd,79.09,RON,Glovo ref 50056231,2026-04-24T16:17:57+00:00,aa7898aa-95b2-468b-ac92-275a68599dc4,
11856991-e442-4699-a116-2d0db3faec91,24.75,RON,Mega Image ref 38746200,2026-04-24T16:24:57+00:00,56cc310a-2a4b-4ab3-87df-66009aa0bf74,
9359fb5d-9ac7-4520-9670-efb322f50db1,41.04,RON,Lidl ref 63157438,2026-04-24T18:53:57+00:00,7bf7bf91-9958-41e0-bb31-0f54e9f410c9,
59c328fb-f8aa-4be3-a10b-a363450561f8,38.96,RON,Farmacia Tei ref 94636700,2026-04-24T20:00:57+00:00,56cc310a-2a4b-4ab3-87df-66009aa0bf74,
aa643792-e3b5-4142-a6e1-582fec837ad2,73.82,RON,Lidl ref 48494274,2026-04-24T20:24:57+00:00,d3228db7-ef32-4e3e-8fa9-f9f8a84cc34d,
bf935d24-bf9e-4a03-a650-aee82a984495,23.73,RON,Glovo ref 91546908,2026-04-24T20:43:57+00:00,56cc310a-2a4b-4ab3-87df-66009aa0bf74,
0d7b0369-5769-493c-a7f1-ec14f8bf491d,49.24,RON,Mega Image ref 45164121,2026-04-24T21:19:57+00:00,7bf7bf91-9958-41e0-bb31-0f54e9f410c9,
54c35fcd-4e71-476a-ac13-0b4c7329666b,47.61,RON,Mega Image ref 22691278,2026-04-24T21:41:57+00:00,5588e5c9-786a-4f09-8721-a8cedc57f9c8,
c016c62b-a371-4326-866b-1f526f7f6354,282.39,RON,Dedeman ref 38933373,2026-04-24T21:51:57+00:00,aa7898aa-95b2-468b-ac92-275a68599dc4,
2bac72f4-9616-4559-80a5-ae65e97b1688,133.87,RON,Lidl ref 91140766,2026-04-24T22:15:57+00:00,82112000-16b4-4f2b-9dee-8ec850f886ea,
aa5cf0fa-270e-4aaa-a262-24bb2101f87d,320.22,RON,OMV benzina ref 15385077,2026-04-24T22:34:57+00:00,5588e5c9-786a-4f09-8721-a8cedc57f9c8,
dc186c23-07f2-4de7-aadc-e24462ff74f4,131.02,RON,OMV benzina ref 51193532,2026-04-24T23:03:57+00:00,56cc310a-2a4b-4ab3-87df-66009aa0bf74,
c62701c2-ad0d-4d42-adad-586b44bffe4a,93.86,RON,Kaufland ref 17084868,2026-04-24T23:06:57+00:00,818e12e2-7146-4ffe-a877-ba23cf63df5b,
36824182-f8fa-41fb-84b9-66339949135d,94.07,RON,Lidl ref 70257632,2026-04-25T00:01:57+00:00,818e12e2-7146-4ffe-a877-ba23cf63df5b,
df002425-7c53-4e6a-ad52-b3150f634d73,66.18,RON,Mega Image ref 31376005,2026-04-25T00:23:57+00:00,82112000-16b4-4f2b-9dee-8ec850f886ea,
a499eb92-f589-4e14-aee0-6433edda1677,59.51,RON,Lidl ref 50912220,2026-04-25T01:15:57+00:00,0e5779ec-be1a-470f-ad83-a4c869f8d3e4,
db2ee589-b8e6-4a48-a830-ddb7f5cb676b,33.66,RON,Mega Image ref 93272898,2026-04-25T01:19:57+00:00,d3228db7-ef32-4e3e-8fa9-f9f8a84cc34d,
0aa22a84-98e8-4c55-84e0-578a94e1f1c2,26.3,RON,Glovo ref 76291469,2026-04-25T01:24:57+00:00,97c83e0a-8a40-4c3e-b8e3-ae37cffa9985,
c6fe18c9-3903-4f89-91f7-714fc22ac6cb,56.67,RON,Mega Image ref 49233740,2026-04-25T15:29:57+00:00,6e36dc96-4f61-48f4-b69f-4ca617af9323,
585e76ab-c9ee-4a8c-871d-5df27c938017,35.65,RON,Glovo ref 67636734,2026-04-25T16:36:57+00:00,82112000-16b4-4f2b-9dee-8ec850f886ea,
a3d889fa-e5a4-46d8-a541-f181f29e225b,77.08,RON,Glovo ref 42932467,2026-04-25T17:05:57+00:00,aa7898aa-95b2-468b-ac92-275a68599dc4,
a4a74bd2-e51e-42b2-9a2d-759859a4b3cc,97.72,RON,Carrefour ref 14688586,2026-04-25T17:57:57+00:00,818e12e2-7146-4ffe-a877-ba23cf63df5b,
7717a7cb-b67f-4a23-b762-a6bb66348a1b,34.53,RON,Mega Image ref 75333946,2026-04-25T18:36:57+00:00,aa7898aa-95b2-468b-ac92-275a68599dc4,
d9f35a9f-3275-4e69-bd8d-803afc38eecc,87.08,RON,Glovo ref 43252001,2026-04-25T19:22:57+00:00,12cbffe1-d83b-42c0-8120-8703b8fbd5c6,
ed16c95f-3021-42fa-bcf9-258a83704ccb,182.61,RON,Carrefour ref 60427834,2026-04-25T19:54:57+00:00,33a2f3d5-7d4c-460f-ba3e-5b7745b7b856,
381f453e-4729-4f78-a765-c7beec7546fc,191.8,RON,OMV benzina ref 49903047,2026-04-25T20:28:57+00:00,82112000-16b4-4f2b-9dee-8ec850f886ea,
b8f16861-e3e3-473b-9987-5c7d0151ccb0,77.56,RON,Kaufland ref 24383316,2026-04-25T22:00:57+00:00,0e5779ec-be1a-470f-ad83-a4c869f8d3e4,
ec9fb045-012b-4ad5-b893-6d2d864743c7,72.09,RON,Glovo ref 58978544,2026-04-26T01:30:57+00:00,02c27ee1-ff57-48d4-82c7-6cf491fd62b9,
136bd3cb-484f-4265-aea3-316eb1a78a11,47.1,RON,Glovo ref 79577693,2026-04-26T02:30:57+00:00,818e12e2-7146-4ffe-a877-ba23cf63df5b,
ff518567-3e77-4cad-a76c-9591e769b484,158.38,RON,Lidl ref 97825871,2026-04-26T02:59:57+00:00,12cbffe1-d83b-42c0-8120-8703b8fbd5c6,
a2d82b39-5a72-4d95-aadb-20ec9e055195,147.55,RON,Kaufland ref 17961621,2026-04-26T03:51:57+00:00,5588e5c9-786a-4f09-8721-a8cedc57f9c8,
80b2c62c-8865-42e6-8eef-e79347a7b207,109.81,RON,Kaufland ref 77223069,2026-04-26T04:02:57+00:00,818e12e2-7146-4ffe-a877-ba23cf63df5b,
6577e64d-4d4e-4bd1-8b33-e3c6a62989b9,133.85,RON,Kaufland ref 28769693,2026-04-26T04:16:57+00:00,aa7898aa-95b2-468b-ac92-275a68599dc4,
7e7d9a19-ab45-4578-92fb-acf6d5d1c669,17.04,RON,Mega Image ref 24821786,2026-04-26T15:21:57+00:00,bdd640fb-0667-4ad1-9c80-317fa3b1799d,
8cb142a4-ce19-4683-8bc6-b1c95c0de1cf,103.1,RON,Kaufland ref 47031715,2026-04-26T16:50:57+00:00,33a2f3d5-7d4c-460f-ba3e-5b7745b7b856,
ca6e539d-f6b6-4724-b647-998e453681d9,30.1,RON,Mega Image ref 62527026,2026-04-26T16:53:57+00:00,818e12e2-7146-4ffe-a877-ba23cf63df5b,
79671286-88a1-4531-a263-cf76cb9bd749,78.47,RON,Glovo ref 79561185,2026-04-26T18:33:57+00:00,818e12e2-7146-4ffe-a877-ba23cf63df5b,
45cf161c-ad39-4e91-8c9e-a702e095c016,25.0,RON,Lidl ref 48932241,2026-04-26T19:30:57+00:00,56cc310a-2a4b-4ab3-87df-66009aa0bf74,
81c4b4cf-9edf-45e8-9661-108129651ed7,26.37,RON,Farmacia Tei ref 68042832,2026-04-26T20:09:57+00:00,818e12e2-7146-4ffe-a877-ba23cf63df5b,
65363c77-787f-4578-b9e1-609d4008d4da,60.04,RON,Kaufland ref 98131849,2026-04-26T21:39:57+00:00,0e5779ec-be1a-470f-ad83-a4c869f8d3e4,
3b2d520b-a4f3-4185-8182-2509e79f9f3d,61.68,RON,Glovo ref 23594977,2026-04-26T22:43:57+00:00,bdd640fb-0667-4ad1-9c80-317fa3b1799d,
dfec17e5-29e8-4e14-9442-17b8b230401e,186.34,RON,OMV benzina ref 70643220,2026-04-26T23:09:57+00:00,d3228db7-ef32-4e3e-8fa9-f9f8a84cc34d,
f2531578-c08b-47fb-b6ed-cfe6e9c28708,65.46,RON,Kaufland ref 52073870,2026-04-27T00:06:57+00:00,d3228db7-ef32-4e3e-8fa9-f9f8a84cc34d,
e79400ee-4a5e-4287-85a6-3296a9dfcc0c,99.0,RON,Kaufland ref 64975413,2026-04-27T01:44:57+00:00,7bf7bf91-9958-41e0-bb31-0f54e9f410c9,
be4538af-81d1-41e4-8165-eac447cd38da,49.76,RON,Glovo ref 27489301,2026-04-27T02:51:57+00:00,97c83e0a-8a40-4c3e-b8e3-ae37cffa9985,
6e3d5887-ba92-464a-b9b3-9a02df0b6363,54.27,RON,Glovo ref 42729670,2026-04-27T04:20:57+00:00,02c27ee1-ff57-48d4-82c7-6cf491fd62b9,
9b7e3ea5-03eb-4771-b4b8-0eec96404f3c,39.9,RON,Mega Image ref 72820180,2026-04-27T15:17:57+00:00,2eb300a6-bd34-43d9-94c9-8697b97c5ba7,
5c762bd6-0f40-4393-8cb9-c92d51b2530e,187.27,RON,Kaufland ref 51017149,2026-04-27T15:27:57+00:00,02c27ee1-ff57-48d4-82c7-6cf491fd62b9,
fabb2364-a4be-4e4b-a9e5-c6e1f48d4c8c,29.08,RON,Lidl ref 90661320,2026-04-27T15:33:57+00:00,56cc310a-2a4b-4ab3-87df-66009aa0bf74,
2653c8be-1b91-4322-9d9a-4c4df792ba8b,59.78,RON,Kaufland ref 10280006,2026-04-27T16:02:57+00:00,d3228db7-ef32-4e3e-8fa9-f9f8a84cc34d,
60aeb0db-64c6-4a82-8911-620fd3d17bef,155.9,RON,Lidl ref 10641625,2026-04-27T17:09:57+00:00,12cbffe1-d83b-42c0-8120-8703b8fbd5c6,
0218c6a9-d29e-4c00-bb99-da582a498fca,39.1,RON,Mega Image ref 72207378,2026-04-27T17:13:57+00:00,02c27ee1-ff57-48d4-82c7-6cf491fd62b9,
0bb19467-9130-42ca-b236-f41dc22c384c,235.19,RON,OMV benzina ref 91001528,2026-04-27T17:56:57+00:00,02c27ee1-ff57-48d4-82c7-6cf491fd62b9,
cc6b3a6e-5583-44db-a746-033872c7a202,90.45,RON,Carrefour ref 13239995,2026-04-27T18:19:57+00:00,aa7898aa-95b2-468b-ac92-275a68599dc4,
f3866294-c362-4c18-b476-49ad94dc12f3,121.28,RON,Carrefour ref 86063472,2026-04-27T19:08:57+00:00,d3228db7-ef32-4e3e-8fa9-f9f8a84cc34d,
7b9811ec-cf81-4bcb-a81a-e7fcf7d9b6b3,46.43,RON,Mega Image ref 96190532,2026-04-27T19:14:57+00:00,12cbffe1-d83b-42c0-8120-8703b8fbd5c6,
7cfbc9f6-cde0-4a84-9afe-53630a041949,31.1,RON,Lidl ref 82061080,2026-04-27T19:35:57+00:00,2eb300a6-bd34-43d9-94c9-8697b97c5ba7,
47902dc8-9c21-4b07-92c6-b4256016a4c2,46.7,RON,Glovo ref 45825471,2026-04-27T20:55:57+00:00,818e12e2-7146-4ffe-a877-ba23cf63df5b,
e3060c54-c4a4-457c-8db4-e9d8a5448c20,29.26,RON,Glovo ref 64952084,2026-04-27T21:04:57+00:00,d3228db7-ef32-4e3e-8fa9-f9f8a84cc34d,
f2c8c25e-32f1-427c-aa8c-662d290a3d67,30.21,RON,Mega Image ref 14242158,2026-04-27T21:26:57+00:00,0e5779ec-be1a-470f-ad83-a4c869f8d3e4,
ded907ca-d3a3-4deb-b28a-09bf9b1091ac,333.48,RON,Dedeman ref 99586110,2026-04-27T22:09:57+00:00,6e36dc96-4f61-48f4-b69f-4ca617af9323,
ccc3be47-605c-49d8-85cd-00a4f7fb06b9,17.9,RON,Mega Image ref 39601248,2026-04-27T22:28:57+00:00,56cc310a-2a4b-4ab3-87df-66009aa0bf74,
8fc45e9e-b60a-4a9c-be8c-ea8a255c4297,22.69,RON,Glovo ref 23596622,2026-04-27T22:49:57+00:00,aa7898aa-95b2-468b-ac92-275a68599dc4,
14e55e6f-9144-4dce-8e29-60f32efbc3c9,74.71,RON,Carrefour ref 51617902,2026-04-28T01:14:57+00:00,82112000-16b4-4f2b-9dee-8ec850f886ea,
4093698b-dff5-49d7-8931-4ad27b5734e3,77.87,RON,Kaufland ref 63050538,2026-04-28T02:03:57+00:00,97c83e0a-8a40-4c3e-b8e3-ae37cffa9985,
0a4e3ccf-48ef-40ff-b087-77b41c54956f,27.76,RON,Lidl ref 36637470,2026-04-28T02:06:57+00:00,0e5779ec-be1a-470f-ad83-a4c869f8d3e4,
500d92a7-ad40-4244-8d35-66ef5c370739,139.58,RON,Kaufland ref 48999266,2026-04-28T03:50:57+00:00,bdd640fb-0667-4ad1-9c80-317fa3b1799d,
3208e490-6c76-40ef-aa7d-8c3e66a053a3,43.07,RON,Farmacia Tei ref 77515432,2026-04-28T04:18:57+00:00,5588e5c9-786a-4f09-8721-a8cedc57f9c8,
a63e95b3-5771-4291-b81c-3e0f13262b91,54.81,RON,Carrefour ref 20389668,2026-04-28T04:22:57+00:00,2eb300a6-bd34-43d9-94c9-8697b97c5ba7,
a5aecf37-a9d1-428e-a36d-d176da1c96ae,54.77,RON,Mega Image ref 11298197,2026-04-28T04:27:57+00:00,bdd640fb-0667-4ad1-9c80-317fa3b1799d,
4af9bb06-8a37-49f4-9296-c7f463b6ec09,58.11,RON,Mega Image ref 68655511,2026-04-28T14:42:57+00:00,33a2f3d5-7d4c-460f-ba3e-5b7745b7b856,
7fb52217-3d3f-4821-b42c-53cee5331dd1,95.04,RON,Kaufland ref 57014608,2026-04-28T14:47:57+00:00,2eb300a6-bd34-43d9-94c9-8697b97c5ba7,
fcdf844b-653a-4ba8-8e55-19086bcb8339,89.33,RON,Farmacia Tei ref 37350512,2026-04-28T15:45:57+00:00,12cbffe1-d83b-42c0-8120-8703b8fbd5c6,
5b4b9be5-e43f-4c60-a4ec-aa0827b7f8c0,34.42,RON,Lidl ref 89302505,2026-04-28T16:06:57+00:00,d3228db7-ef32-4e3e-8fa9-f9f8a84cc34d,
324a1214-8db4-4450-be68-ef71500e0609,183.99,RON,Kaufland ref 49961442,2026-04-28T16:29:57+00:00,6e36dc96-4f61-48f4-b69f-4ca617af9323,
0876e568-16aa-4371-bb96-dc44d0bace58,48.5,RON,Farmacia Tei ref 33465831,2026-04-28T18:02:57+00:00,6e36dc96-4f61-48f4-b69f-4ca617af9323,
a91bac10-d470-4c2f-8547-75d8dd4fc25c,62.51,RON,Lidl ref 80112169,2026-04-28T19:20:57+00:00,97c83e0a-8a40-4c3e-b8e3-ae37cffa9985,
9883fb6d-db17-494a-84ee-a3ae53d7690e,142.82,RON,Carrefour ref 70552806,2026-04-28T19:58:57+00:00,6e36dc96-4f61-48f4-b69f-4ca617af9323,
7a8561c0-c36a-457c-b7bb-f2c33c54d766,22.41,RON,Mega Image ref 96861807,2026-04-28T20:42:57+00:00,2eb300a6-bd34-43d9-94c9-8697b97c5ba7,
69e5918c-c2cb-4fdd-ab01-bebd8dcc570a,200.12,RON,OMV benzina ref 55441473,2026-04-28T21:30:57+00:00,818e12e2-7146-4ffe-a877-ba23cf63df5b,
fe2895ad-8f20-42d1-95c7-f7662340c896,42.73,RON,Lidl ref 66600975,2026-04-28T23:38:57+00:00,02c27ee1-ff57-48d4-82c7-6cf491fd62b9,
af85203c-f830-4ea5-a0fe-a964aabd847f,106.79,RON,Kaufland ref 56353381,2026-04-28T23:59:57+00:00,02c27ee1-ff57-48d4-82c7-6cf491fd62b9,
71b172c3-a1e5-4ef3-b110-f25555204608,41.63,RON,Mega Image ref 58924153,2026-04-29T01:01:57+00:00,d3228db7-ef32-4e3e-8fa9-f9f8a84cc34d,
4596da75-74df-483f-b659-f1886676cc75,59.67,RON,Kaufland ref 63791447,2026-04-29T04:00:57+00:00,bdd640fb-0667-4ad1-9c80-317fa3b1799d,
ecca208c-331f-45b3-81e4-96b4065a1762,35.57,RON,Lidl ref 40489349,2026-04-29T15:59:57+00:00,2eb300a6-bd34-43d9-94c9-8697b97c5ba7,
a86f3638-8869-4337-adb8-6cbd5c419100,157.58,RON,Carrefour ref 10250028,2026-04-29T16:23:57+00:00,6e36dc96-4f61-48f4-b69f-4ca617af9323,
c4735700-037e-4f60-8000-0fac581848c5,29.02,RON,Lidl ref 30876492,2026-04-29T16:29:57+00:00,0e5779ec-be1a-470f-ad83-a4c869f8d3e4,
fedfd77a-cc4a-45da-8dc4-774539764f18,309.84,RON,OMV benzina ref 30026941,2026-04-29T17:13:57+00:00,97c83e0a-8a40-4c3e-b8e3-ae37cffa9985,
9ca2a477-dfdf-42bc-9369-2b61eea16f8c,35.86,RON,Glovo ref 62444214,2026-04-29T17:41:57+00:00,818e12e2-7146-4ffe-a877-ba23cf63df5b,
98bc6b45-76c8-43e0-a8aa-c4a523a724e7,247.41,RON,OMV benzina ref 18687938,2026-04-29T18:00:57+00:00,02c27ee1-ff57-48d4-82c7-6cf491fd62b9,
a7487eaf-79b4-4d8b-8278-35b7dba47421,66.03,RON,Glovo ref 70315193,2026-04-29T21:49:57+00:00,d3228db7-ef32-4e3e-8fa9-f9f8a84cc34d,
b534c27f-d9cd-4814-acf2-47e0dd50e974,85.83,RON,Glovo ref 49752096,2026-04-29T22:34:57+00:00,97c83e0a-8a40-4c3e-b8e3-ae37cffa9985,
f72cc435-1571-49df-83e4-d27da6123789,80.83,RON,Mega Image ref 42491068,2026-04-30T00:14:57+00:00,82112000-16b4-4f2b-9dee-8ec850f886ea,
9877a885-e2cc-4145-a08d-041d32ff6805,122.66,RON,OMV benzina ref 47332246,2026-04-30T00:55:57+00:00,d3228db7-ef32-4e3e-8fa9-f9f8a84cc34d,
a99e7d01-e5ae-41f3-a90b-98109bf4b57d,33.96,RON,Mega Image ref 82318275,2026-04-30T02:16:57+00:00,7bf7bf91-9958-41e0-bb31-0f54e9f410c9,
b57bccf1-0055-4969-aa01-b884b6edf8b3,55.8,RON,Farmacia Tei ref 97255872,2026-04-30T02:30:57+00:00,33a2f3d5-7d4c-460f-ba3e-5b7745b7b856,
7aededf4-6f30-4743-820e-2e6abcc8509b,202.87,RON,OMV benzina ref 90139636,2026-04-30T04:00:57+00:00,0e5779ec-be1a-470f-ad83-a4c869f8d3e4,
afb7654a-5215-40a9-96fa-61f46b5c6574,36.8,RON,Kaufland ref 58012707,2026-04-30T04:32:57+00:00,d3228db7-ef32-4e3e-8fa9-f9f8a84cc34d,
f72a1b7a-ea78-4088-8c9b-9009877477ad,172.74,RON,OMV benzina ref 87926745,2026-04-30T15:38:57+00:00,7bf7bf91-9958-41e0-bb31-0f54e9f410c9,
a8f5ef5d-2d99-4315-ab39-c925ddb31b54,163.02,RON,Kaufland ref 71910611,2026-04-30T15:54:57+00:00,97c83e0a-8a40-4c3e-b8e3-ae37cffa9985,
1ddf7494-0f21-485d-8790-396a4529d779,93.56,RON,Carrefour ref 42996518,2026-04-30T16:05:57+00:00,5588e5c9-786a-4f09-8721-a8cedc57f9c8,
2126cdfe-fcbe-4f0f-a6e1-2bb78ddcd96c,36.54,RON,Mega Image ref 43640522,2026-04-30T16:51:57+00:00,d3228db7-ef32-4e3e-8fa9-f9f8a84cc34d,
d5b8ed44-520f-4ae3-9366-a6c910e718bc,139.13,RON,Kaufland ref 20682021,2026-04-30T17:37:57+00:00,82112000-16b4-4f2b-9dee-8ec850f886ea,
80ce9b87-6a20-47f8-9847-e32817688837,46.11,RON,Mega Image ref 57886503,2026-04-30T17:43:57+00:00,2eb300a6-bd34-43d9-94c9-8697b97c5ba7,
4fce0d18-db5c-4c43-bc13-9d84d4977284,70.54,RON,Mega Image ref 40299341,2026-04-30T18:00:57+00:00,5588e5c9-786a-4f09-8721-a8cedc57f9c8,
6ae71db3-3193-4b1c-91bd-4f306b1aae6a,93.35,RON,Farmacia Tei ref 36104468,2026-04-30T18:39:57+00:00,aa7898aa-95b2-468b-ac92-275a68599dc4,
509c0b54-f27c-45ed-9491-4931a2ad03d6,347.62,RON,OMV benzina ref 16836900,2026-04-30T19:08:57+00:00,33a2f3d5-7d4c-460f-ba3e-5b7745b7b856,
cbfb3a8f-9fb2-4682-9f7a-80e678664690,72.28,RON,Mega Image ref 42880141,2026-04-30T19:15:57+00:00,33a2f3d5-7d4c-460f-ba3e-5b7745b7b856,
b2c72514-387b-4068-abf1-5d392d08cc3a,50.36,RON,Lidl ref 47351526,2026-04-30T19:19:57+00:00,12cbffe1-d83b-42c0-8120-8703b8fbd5c6,
28eda191-dfb4-4b5f-82b3-5e097f101f15,126.85,RON,Carrefour ref 67103476,2026-04-30T19:29:57+00:00,7bf7bf91-9958-41e0-bb31-0f54e9f410c9,
cdfacce4-636b-4fae-9ef3-07774e7e66ff,75.87,RON,Mega Image ref 54258452,2026-04-30T19:30:57+00:00,6e36dc96-4f61-48f4-b69f-4ca617af9323,
fbb7e845-cdb3-4de4-afbb-ce7f83ff7f39,64.16,RON,Glovo ref 78490295,2026-04-30T21:34:57+00:00,6e36dc96-4f61-48f4-b69f-4ca617af9323,
28e908d9-060a-43fe-93b2-fc84879edbeb,63.89,RON,Carrefour ref 97892973,2026-04-30T21:39:57+00:00,33a2f3d5-7d4c-460f-ba3e-5b7745b7b856,
b371d64d-fe87-417b-8376-bff9dd3a0936,71.56,RON,Kaufland ref 25437721,2026-04-30T22:50:57+00:00,0e5779ec-be1a-470f-ad83-a4c869f8d3e4,
925ef44b-cb49-4476-bcfc-b8eec84eca0c,30.39,RON,Mega Image ref 14273819,2026-04-30T23:34:57+00:00,97c83e0a-8a40-4c3e-b8e3-ae37cffa9985,
33898c45-6582-4c32-8964-452f10008d0c,25.02,RON,Glovo ref 73281709,2026-04-30T23:39:57+00:00,d3228db7-ef32-4e3e-8fa9-f9f8a84cc34d,
3060b97b-11d3-4b12-9d0e-77178b291819,49.97,RON,Mega Image ref 14448823,2026-05-01T01:37:57+00:00,56cc310a-2a4b-4ab3-87df-66009aa0bf74,
5f034080-a1e3-4a31-9c94-2928fbfd6b87,153.28,RON,Kaufland ref 63294812,2026-05-01T03:13:57+00:00,818e12e2-7146-4ffe-a877-ba23cf63df5b,
a825610c-3d2f-44d3-a469-980a1c96c12a,94.61,RON,Glovo ref 23498326,2026-05-01T03:25:57+00:00,02c27ee1-ff57-48d4-82c7-6cf491fd62b9,
38617ce9-64f7-4c10-8698-3234624695b9,33.31,RON,Glovo ref 92795474,2026-05-01T03:37:57+00:00,aa7898aa-95b2-468b-ac92-275a68599dc4,
43a21d52-d12e-43a1-b5f1-afb8e28a11d1,115.62,RON,Carrefour ref 34783380,2026-05-01T03:49:57+00:00,02c27ee1-ff57-48d4-82c7-6cf491fd62b9,
74c35692-0576-47e9-8b64-3c78e15c1327,62.24,RON,Lidl ref 82229688,2026-05-01T16:14:57+00:00,818e12e2-7146-4ffe-a877-ba23cf63df5b,
4d7fc6c3-a9ff-4d7f-88e4-9fc358247f94,225.91,RON,OMV benzina ref 13336616,2026-05-01T16:21:57+00:00,12cbffe1-d83b-42c0-8120-8703b8fbd5c6,
cbf94e47-5152-4970-9aea-5381d30b9a3a,54.87,RON,Glovo ref 21525740,2026-05-01T16:39:57+00:00,97c83e0a-8a40-4c3e-b8e3-ae37cffa9985,
60ba3923-539a-450f-8d6f-3ca7567d22aa,37.29,RON,Glovo ref 65537003,2026-05-01T16:41:57+00:00,818e12e2-7146-4ffe-a877-ba23cf63df5b,
37971892-e30b-4fcc-ae94-1a916b6a41dd,64.62,RON,Mega Image ref 84706226,2026-05-01T17:30:57+00:00,5588e5c9-786a-4f09-8721-a8cedc57f9c8,
3f2bef64-1e14-41e2-9182-0f85b100f036,219.97,RON,OMV benzina ref 51766095,2026-05-01T18:20:57+00:00,2eb300a6-bd34-43d9-94c9-8697b97c5ba7,
dd460c91-1747-4b5c-b31b-d6029dd0ce04,39.25,RON,Lidl ref 12370465,2026-05-01T18:38:57+00:00,0e5779ec-be1a-470f-ad83-a4c869f8d3e4,
df2182e2-3056-486c-85a2-75bc8fdd7514,89.53,RON,Kaufland ref 43806436,2026-05-01T19:31:57+00:00,56cc310a-2a4b-4ab3-87df-66009aa0bf74,
a2cb620d-15b2-4d87-88a0-d17db609ab77,57.34,RON,Mega Image ref 45871828,2026-05-01T20:28:57+00:00,12cbffe1-d83b-42c0-8120-8703b8fbd5c6,
0957c5fa-bca9-400e-b2bf-5e0c5aeb88e2,50.73,RON,Mega Image ref 54312222,2026-05-01T20:28:57+00:00,82112000-16b4-4f2b-9dee-8ec850f886ea,
938f0e9c-a927-4d46-b668-3f4654aa09c2,59.83,RON,Glovo ref 86559466,2026-05-01T20:50:57+00:00,56cc310a-2a4b-4ab3-87df-66009aa0bf74,
ed832547-bf34-4b80-955e-40d95425b4f9,63.27,RON,Carrefour ref 36273207,2026-05-01T20:58:57+00:00,2eb300a6-bd34-43d9-94c9-8697b97c5ba7,
560fc071-38c6-430f-bb3e-d7bdfae96dd3,28.97,RON,Mega Image ref 95001425,2026-05-01T21:12:57+00:00,0e5779ec-be1a-470f-ad83-a4c869f8d3e4,
73bdc17c-37f5-46c9-acad-b6d902306382,64.91,RON,Kaufland ref 80394905,2026-05-01T21:13:57+00:00,818e12e2-7146-4ffe-a877-ba23cf63df5b,
f1685db8-47d2-4391-9d13-539c44ed4fd5,25.79,RON,Glovo ref 24771325,2026-05-01T21:20:57+00:00,0e5779ec-be1a-470f-ad83-a4c869f8d3e4,
6a64ea57-dfa8-4de1-b8e8-24d32d5352d4,49.06,RON,Lidl ref 56086149,2026-05-01T21:23:57+00:00,5588e5c9-786a-4f09-8721-a8cedc57f9c8,
510be5ba-fa40-4dd1-b6e5-ef55ed1df637,68.49,RON,Kaufland ref 60848294,2026-05-01T21:46:57+00:00,82112000-16b4-4f2b-9dee-8ec850f886ea,
4c7cfe89-5412-4c71-bdae-6320ea61f108,98.77,RON,Glovo ref 53992848,2026-05-02T00:13:57+00:00,33a2f3d5-7d4c-460f-ba3e-5b7745b7b856,
b9493906-939f-44eb-be5e-215ec47cc30b,130.24,RON,OMV benzina ref 80439867,2026-05-02T00:59:57+00:00,bdd640fb-0667-4ad1-9c80-317fa3b1799d,
048298ff-3657-4ba5-a221-409e4d795d03,50.24,RON,Kaufland ref 59386065,2026-05-02T01:06:57+00:00,2eb300a6-bd34-43d9-94c9-8697b97c5ba7,
c0821f39-577a-45a1-80b6-068f8735b2bb,42.05,RON,Mega Image ref 38174991,2026-05-02T01:52:57+00:00,7bf7bf91-9958-41e0-bb31-0f54e9f410c9,
2a6504e1-fb2f-4e8c-aa46-391177e2f124,118.6,RON,Carrefour ref 39406359,2026-05-02T02:09:57+00:00,aa7898aa-95b2-468b-ac92-275a68599dc4,
dab09ea2-e5a8-458d-8cc8-6dd6cb8a0352,236.81,RON,OMV benzina ref 94634650,2026-05-02T02:42:57+00:00,33a2f3d5-7d4c-460f-ba3e-5b7745b7b856,
6110d606-b5a0-4fcc-91df-e76bdbdea7b4,46.72,RON,Glovo ref 36304716,2026-05-02T04:03:57+00:00,2eb300a6-bd34-43d9-94c9-8697b97c5ba7,
66ba7e51-21de-4360-9ed6-8b713ab8ec3f,118.15,RON,Kaufland ref 29961679,2026-05-02T04:16:57+00:00,0e5779ec-be1a-470f-ad83-a4c869f8d3e4,
47b885fa-78d8-4dd6-890a-886c36442939,47.33,RON,Kaufland ref 53169737,2026-05-02T14:39:57+00:00,0e5779ec-be1a-470f-ad83-a4c869f8d3e4,
3466cdef-7263-4386-be29-c9b2a5fafc31,69.16,RON,Carrefour ref 18970696,2026-05-02T14:46:57+00:00,56cc310a-2a4b-4ab3-87df-66009aa0bf74,
f81c9aa5-b2ba-4c88-b200-0682d7b2a172,75.21,RON,Lidl ref 73884837,2026-05-02T16:26:57+00:00,56cc310a-2a4b-4ab3-87df-66009aa0bf74,
a4114064-2b33-4890-bb1d-7055091410f9,52.64,RON,Lidl ref 97500673,2026-05-02T16:48:57+00:00,97c83e0a-8a40-4c3e-b8e3-ae37cffa9985,
18cd99c9-1c8d-43b4-8dea-5200559383cf,61.08,RON,Mega Image ref 58799048,2026-05-02T16:55:57+00:00,0e5779ec-be1a-470f-ad83-a4c869f8d3e4,
c05db774-132a-4e58-aa57-e880de9205ea,301.08,RON,Dedeman ref 76549837,2026-05-02T17:11:57+00:00,bdd640fb-0667-4ad1-9c80-317fa3b1799d,
23bdec0a-9085-4205-b160-fa4dc2e8574f,43.49,RON,Mega Image ref 70192727,2026-05-02T17:29:57+00:00,6e36dc96-4f61-48f4-b69f-4ca617af9323,
dd20b4ac-9c1d-4d7b-9db1-8b1625961834,183.55,RON,Carrefour ref 49530770,2026-05-02T17:34:57+00:00,6e36dc96-4f61-48f4-b69f-4ca617af9323,
2a23e15b-82b1-44bc-a8f0-178b61ffc40f,127.88,RON,Kaufland ref 13269775,2026-05-02T18:50:57+00:00,33a2f3d5-7d4c-460f-ba3e-5b7745b7b856,
4b2eda84-544d-4500-9379-d4296d80cfe3,64.3,RON,Kaufland ref 61968830,2026-05-02T19:55:57+00:00,56cc310a-2a4b-4ab3-87df-66009aa0bf74,
a81ce995-9e00-401d-8b80-52e1bce642a4,13.12,RON,Mega Image ref 13041899,2026-05-02T20:15:57+00:00,7bf7bf91-9958-41e0-bb31-0f54e9f410c9,
3cfe18e9-5f20-4c06-9ace-863187638104,124.79,RON,Carrefour ref 89042306,2026-05-02T20:26:57+00:00,0e5779ec-be1a-470f-ad83-a4c869f8d3e4,
d9c0847b-5f43-44e4-babd-c4aaba5916c5,97.88,RON,Lidl ref 92785273,2026-05-02T22:30:57+00:00,aa7898aa-95b2-468b-ac92-275a68599dc4,
afdb4cb9-533b-441d-a1a0-52a423a2fc8d,92.03,RON,Kaufland ref 38527087,2026-05-02T23:27:57+00:00,2eb300a6-bd34-43d9-94c9-8697b97c5ba7,
22364d55-13ea-4f43-b0a9-ad37b1f933e0,53.37,RON,Mega Image ref 76997831,2026-05-03T01:00:57+00:00,d3228db7-ef32-4e3e-8fa9-f9f8a84cc34d,
62874624-a433-4510-ad21-b4cca9e8f0d8,24.55,RON,Mega Image ref 56405710,2026-05-03T01:25:57+00:00,bdd640fb-0667-4ad1-9c80-317fa3b1799d,
5eaad27b-d79b-40c4-91d1-7e7912ade836,180.0,RON,Carrefour ref 58416149,2026-05-03T01:47:57+00:00,33a2f3d5-7d4c-460f-ba3e-5b7745b7b856,
7da3f8a5-9437-4329-99de-b5d95b4554cb,164.21,RON,Carrefour ref 54495175,2026-05-03T02:04:57+00:00,12cbffe1-d83b-42c0-8120-8703b8fbd5c6,
249904f2-9e77-491b-aa9b-ab9535777499,46.63,RON,Mega Image ref 25214510,2026-05-03T02:14:57+00:00,818e12e2-7146-4ffe-a877-ba23cf63df5b,
56ebb2a6-7799-4c15-9af1-daa613d6c9f7,88.22,RON,Glovo ref 21281365,2026-05-03T03:57:57+00:00,5588e5c9-786a-4f09-8721-a8cedc57f9c8,
06a9b518-fc7a-4d93-ab48-dcbd40dea125,94.61,RON,Lidl ref 27248778,2026-05-03T17:25:57+00:00,82112000-16b4-4f2b-9dee-8ec850f886ea,
e75a8e40-2f9c-45b0-90a8-368d8c8a776a,43.02,RON,Mega Image ref 86602417,2026-05-03T18:10:57+00:00,818e12e2-7146-4ffe-a877-ba23cf63df5b,
75873920-142e-4df0-bc28-f5dcd12daea8,222.08,RON,OMV benzina ref 64126921,2026-05-03T18:14:57+00:00,bdd640fb-0667-4ad1-9c80-317fa3b1799d,
3baf5a24-213c-4923-b81b-4cbd761bcd2c,135.37,RON,OMV benzina ref 97490484,2026-05-03T18:30:57+00:00,d3228db7-ef32-4e3e-8fa9-f9f8a84cc34d,
8d8815b0-700e-4602-8d0c-b7121784dc41,91.64,RON,Kaufland ref 20820727,2026-05-03T19:49:57+00:00,33a2f3d5-7d4c-460f-ba3e-5b7745b7b856,
2058d194-4b42-46fd-a844-dd85cd3f4b74,23.66,RON,Mega Image ref 78183865,2026-05-03T19:56:57+00:00,82112000-16b4-4f2b-9dee-8ec850f886ea,
de650230-406c-4194-81ab-0ed8c877619f,130.68,RON,Kaufland ref 72266136,2026-05-03T20:14:57+00:00,d3228db7-ef32-4e3e-8fa9-f9f8a84cc34d,
fc4c1a7c-471b-4499-a8b3-8ddcaff861e4,56.11,RON,Lidl ref 92688946,2026-05-03T21:13:57+00:00,97c83e0a-8a40-4c3e-b8e3-ae37cffa9985,
372d0226-04bd-4677-ae59-6910236e798f,94.46,RON,Glovo ref 22670073,2026-05-03T21:47:57+00:00,6e36dc96-4f61-48f4-b69f-4ca617af9323,
1a46d536-048c-4480-a743-7402bec7fb11,66.73,RON,Carrefour ref 76756320,2026-05-03T22:07:57+00:00,bdd640fb-0667-4ad1-9c80-317fa3b1799d,
6cdb930c-dc87-485e-8f6e-1e3025d6ad40,43.1,RON,Kaufland ref 52362188,2026-05-03T22:15:57+00:00,7bf7bf91-9958-41e0-bb31-0f54e9f410c9,
4cdd805d-c4ad-429c-a01e-248ddb360c5f,73.81,RON,Glovo ref 34109775,2026-05-03T23:13:57+00:00,5588e5c9-786a-4f09-8721-a8cedc57f9c8,
bce481be-943b-43c5-936a-ff130f4c0056,267.89,RON,OMV benzina ref 32747779,2026-05-04T00:21:57+00:00,6e36dc96-4f61-48f4-b69f-4ca617af9323,
18011cfb-52fd-441f-bb6e-33f795a85dc0,220.0,RON,Kaufland ref 20847701,2026-05-04T00:31:57+00:00,02c27ee1-ff57-48d4-82c7-6cf491fd62b9,
a46d87b8-3664-4e70-b4fe-8005433ca7b1,79.17,RON,Kaufland ref 69981701,2026-05-04T00:32:57+00:00,6e36dc96-4f61-48f4-b69f-4ca617af9323,
ea5adc19-0bc3-4aa4-b919-03f47f964fb4,203.68,RON,OMV benzina ref 38844653,2026-05-04T01:13:57+00:00,818e12e2-7146-4ffe-a877-ba23cf63df5b,
98069315-ce62-465f-876a-3991aebef7a2,48.0,RON,Mega Image ref 79799698,2026-05-04T01:32:57+00:00,aa7898aa-95b2-468b-ac92-275a68599dc4,
c17c0907-500a-47b5-9b83-c0a6d42c0ff9,148.36,RON,Lidl ref 56173586,2026-05-04T01:36:57+00:00,02c27ee1-ff57-48d4-82c7-6cf491fd62b9,
3058fa22-9634-43ba-a096-f194705620a7,44.89,RON,Glovo ref 15276037,2026-05-04T04:02:57+00:00,97c83e0a-8a40-4c3e-b8e3-ae37cffa9985,
446965a5-a296-4d86-87d5-4b27e092d6c3,150.0,RON,Carrefour ref 26154968,2026-05-04T04:18:57+00:00,33a2f3d5-7d4c-460f-ba3e-5b7745b7b856,
e19e817b-c0d2-4e9d-8f4d-214300772049,60.79,RON,Carrefour ref 44177670,2026-05-04T16:16:57+00:00,97c83e0a-8a40-4c3e-b8e3-ae37cffa9985,
b819ad30-6c55-4b84-b69c-511b5fe2a075,42.58,RON,Mega Image ref 73837669,2026-05-04T16:21:57+00:00,02c27ee1-ff57-48d4-82c7-6cf491fd62b9,
b036e980-b9f8-450e-a07d-a28be4e41cb8,278.25,RON,OMV benzina ref 21114380,2026-05-04T17:19:57+00:00,82112000-16b4-4f2b-9dee-8ec850f886ea,
ba6d233b-bf8a-4b94-9be9-4e22f7a4a6b4,24.0,RON,Mega Image ref 58838903,2026-05-04T17:58:57+00:00,d3228db7-ef32-4e3e-8fa9-f9f8a84cc34d,
da7aee9f-c265-4976-a088-0267e43f05c8,96.47,RON,Carrefour ref 43893399,2026-05-04T18:05:57+00:00,0e5779ec-be1a-470f-ad83-a4c869f8d3e4,
2866995a-33cf-45bc-9f6a-ce07f87aa2df,92.13,RON,Kaufland ref 38110479,2026-05-04T18:25:57+00:00,82112000-16b4-4f2b-9dee-8ec850f886ea,
1157c4b6-5fa9-4c60-ba37-e81cbc2769fc,76.28,RON,Mega Image ref 46889531,2026-05-04T19:19:57+00:00,33a2f3d5-7d4c-460f-ba3e-5b7745b7b856,
ff578aec-05bd-4037-858c-42e3622a982c,28.68,RON,Mega Image ref 21518708,2026-05-04T19:41:57+00:00,12cbffe1-d83b-42c0-8120-8703b8fbd5c6,
c9602cf5-f1fc-465f-b12b-dcc3edfc56ab,35.48,RON,Carrefour ref 36344101,2026-05-04T20:57:57+00:00,2eb300a6-bd34-43d9-94c9-8697b97c5ba7,
d7ebc00b-ff68-428e-9870-9d0d62a122f4,68.57,RON,Lidl ref 43578563,2026-05-04T21:51:57+00:00,02c27ee1-ff57-48d4-82c7-6cf491fd62b9,
4dfa21be-a335-42c8-9e7b-1e95f692641a,134.0,RON,Kaufland ref 91094790,2026-05-04T22:39:57+00:00,bdd640fb-0667-4ad1-9c80-317fa3b1799d,
88973a4a-33b6-46dc-82d0-1c42fd595978,43.01,RON,Glovo ref 73645847,2026-05-04T23:18:57+00:00,0e5779ec-be1a-470f-ad83-a4c869f8d3e4,
a4453aba-7db9-4cff-809f-531245ea95d4,63.41,RON,Kaufland ref 64743441,2026-05-04T23:46:57+00:00,5588e5c9-786a-4f09-8721-a8cedc57f9c8,
8e156734-25e1-4dad-92f6-2f9d1b435fdc,68.03,RON,Glovo ref 44580161,2026-05-04T23:58:57+00:00,aa7898aa-95b2-468b-ac92-275a68599dc4,
a80e2a1c-5158-4bd3-9ef9-80b783037d6d,77.51,RON,Glovo ref 10019536,2026-05-05T01:03:57+00:00,97c83e0a-8a40-4c3e-b8e3-ae37cffa9985,
b6934966-f7c0-41ef-85a6-19ff208e932c,180.56,RON,Kaufland ref 23667193,2026-05-05T01:44:57+00:00,33a2f3d5-7d4c-460f-ba3e-5b7745b7b856,
4cbfb610-e239-4528-8d1f-24fd20c0810b,113.2,RON,Kaufland ref 98325017,2026-05-05T02:25:57+00:00,97c83e0a-8a40-4c3e-b8e3-ae37cffa9985,
96d63fcf-5b67-4a3b-80d8-52f5db50c511,116.1,RON,Kaufland ref 81734349,2026-05-05T02:32:57+00:00,12cbffe1-d83b-42c0-8120-8703b8fbd5c6,
00a901c7-e386-4ddf-9e7c-168f1ad7bd06,203.33,RON,Kaufland ref 15494642,2026-05-05T03:31:57+00:00,6e36dc96-4f61-48f4-b69f-4ca617af9323,
8f660bbd-54fc-486f-b457-7d47d8253010,6750.29,RON,Salariu,2026-05-05T06:39:57+00:00,,bdd640fb-0667-4ad1-9c80-317fa3b1799d
791f49f6-9996-4612-9ea8-7552c47566bf,24.99,RON,Spotify,2026-05-05T06:39:57+00:00,bdd640fb-0667-4ad1-9c80-317fa3b1799d,
e5190530-58eb-4e59-b9a1-de3f8f72d6af,12351.06,RON,Salariu,2026-05-05T06:39:57+00:00,,0e5779ec-be1a-470f-ad83-a4c869f8d3e4
b7a2ab33-a13e-4f15-b2cf-bb0e5db2f6ce,24.99,RON,Spotify,2026-05-05T06:39:57+00:00,0e5779ec-be1a-470f-ad83-a4c869f8d3e4,
273beecb-e7b9-46cb-b6df-7b9a3fad4b74,5381.4,RON,Salariu,2026-05-05T06:39:57+00:00,,aa7898aa-95b2-468b-ac92-275a68599dc4
8ace3a10-b287-4bdd-993d-ab13ed11b850,24.99,RON,Spotify,2026-05-05T06:39:57+00:00,aa7898aa-95b2-468b-ac92-275a68599dc4,
bf024c09-051d-4800-a502-2273ac5fa726,5648.15,RON,Salariu,2026-05-05T06:39:57+00:00,,7bf7bf91-9958-41e0-bb31-0f54e9f410c9
935f52da-1f32-4096-9f1d-1b20be91dd2a,24.99,RON,Spotify,2026-05-05T06:39:57+00:00,7bf7bf91-9958-41e0-bb31-0f54e9f410c9,
075bfc90-6c9f-479b-80d5-7ad62c7e254b,5655.08,RON,Salariu,2026-05-05T06:39:57+00:00,,02c27ee1-ff57-48d4-82c7-6cf491fd62b9
1e57deb0-8695-4649-81ee-0c2383818bda,24.99,RON,Spotify,2026-05-05T06:39:57+00:00,02c27ee1-ff57-48d4-82c7-6cf491fd62b9,
0bd2a470-da2c-4e5b-aefa-e7b6f49ee85f,6060.09,RON,Salariu,2026-05-05T06:39:57+00:00,,56cc310a-2a4b-4ab3-87df-66009aa0bf74
03443031-71e8-4350-972a-d6ea0d92c5bf,24.99,RON,Spotify,2026-05-05T06:39:57+00:00,56cc310a-2a4b-4ab3-87df-66009aa0bf74,
ba7b0a7f-70e0-497e-80d0-cd242c6c6cf9,8327.13,RON,Salariu,2026-05-05T06:39:57+00:00,,5588e5c9-786a-4f09-8721-a8cedc57f9c8
a6dd4af1-36e3-4bc9-92bd-cd4d344cd663,24.99,RON,Spotify,2026-05-05T06:39:57+00:00,5588e5c9-786a-4f09-8721-a8cedc57f9c8,
b33d83d7-683c-4535-b90a-db43276e2b7e,10719.62,RON,Salariu,2026-05-05T06:39:57+00:00,,33a2f3d5-7d4c-460f-ba3e-5b7745b7b856
c638adc4-c8db-4501-a538-e26c9ffddb82,24.99,RON,Spotify,2026-05-05T06:39:57+00:00,33a2f3d5-7d4c-460f-ba3e-5b7745b7b856,
fcd460bd-8f0e-4ea7-af40-68251420cdc9,9195.15,RON,Salariu,2026-05-05T06:39:57+00:00,,6e36dc96-4f61-48f4-b69f-4ca617af9323
a0c90906-b91d-465e-8f97-d8efc081d253,24.99,RON,Spotify,2026-05-05T06:39:57+00:00,6e36dc96-4f61-48f4-b69f-4ca617af9323,
0a79036a-47e8-4463-92ce-94b8138830eb,4272.19,RON,Salariu,2026-05-05T06:39:57+00:00,,2eb300a6-bd34-43d9-94c9-8697b97c5ba7
fade9c52-42e3-4199-8ee4-498827d30b16,24.99,RON,Spotify,2026-05-05T06:39:57+00:00,2eb300a6-bd34-43d9-94c9-8697b97c5ba7,
213d1f01-99b0-4733-adc1-1b1214afc60e,11834.0,RON,Salariu,2026-05-05T06:39:57+00:00,,818e12e2-7146-4ffe-a877-ba23cf63df5b
9efa882e-ae1b-4c34-9538-e8db96f3b09f,24.99,RON,Spotify,2026-05-05T06:39:57+00:00,818e12e2-7146-4ffe-a877-ba23cf63df5b,
d70c9f40-5fe7-490e-993d-787dfa1b241f,7310.52,RON,Salariu,2026-05-05T06:39:57+00:00,,97c83e0a-8a40-4c3e-b8e3-ae37cffa9985
1fb62189-e383-44b4-b7e4-0b141bed8665,24.99,RON,Spotify,2026-05-05T06:39:57+00:00,97c83e0a-8a40-4c3e-b8e3-ae37cffa9985,
3c0825bd-8b44-4cf1-9d91-5ba9bb593257,4764.6,RON,Salariu,2026-05-05T06:39:57+00:00,,d3228db7-ef32-4e3e-8fa9-f9f8a84cc34d
35c5260e-3252-460f-b787-1f243e391d56,24.99,RON,Spotify,2026-05-05T06:39:57+00:00,d3228db7-ef32-4e3e-8fa9-f9f8a84cc34d,
1f10f585-bdb7-467b-aed8-36ce7e815dd5,13610.85,RON,Salariu,2026-05-05T06:39:57+00:00,,12cbffe1-d83b-42c0-8120-8703b8fbd5c6
21f4acb8-0c32-41a0-ad40-89f695870233,24.99,RON,Spotify,2026-05-05T06:39:57+00:00,12cbffe1-d83b-42c0-8120-8703b8fbd5c6,
bf1f13ee-20f0-46e7-85f6-cd64ab344df4,11396.61,RON,Salariu,2026-05-05T06:39:57+00:00,,82112000-16b4-4f2b-9dee-8ec850f886ea
e9fbc2d0-7798-41cb-b7e5-249f9ae06a76,24.99,RON,Spotify,2026-05-05T06:39:57+00:00,82112000-16b4-4f2b-9dee-8ec850f886ea,
be833efd-03b5-47e7-b1a6-0d7235898481,43.52,RON,Kaufland ref 41456892,2026-05-05T17:35:57+00:00,818e12e2-7146-4ffe-a877-ba23cf63df5b,
1b93bf9a-e1e2-4538-bc41-058c1a340543,189.05,RON,Dedeman ref 34932958,2026-05-05T20:10:57+00:00,6e36dc96-4f61-48f4-b69f-4ca617af9323,
ca77736e-80fd-463d-b3d3-6295ee6bcb89,100.21,RON,Kaufland ref 80298247,2026-05-05T20:43:57+00:00,0e5779ec-be1a-470f-ad83-a4c869f8d3e4,
9f71171a-715c-4e9d-874f-c417a9d9267b,45.14,RON,Mega Image ref 58490241,2026-05-05T22:00:57+00:00,12cbffe1-d83b-42c0-8120-8703b8fbd5c6,
9b72a9fe-669e-498d-a3e7-3896c784ef4b,52.85,RON,Glovo ref 85497282,2026-05-05T22:27:57+00:00,0e5779ec-be1a-470f-ad83-a4c869f8d3e4,
aca4825c-269e-48f6-af88-44f3913deb25,74.99,RON,Glovo ref 15642816,2026-05-05T22:32:57+00:00,33a2f3d5-7d4c-460f-ba3e-5b7745b7b856,
90f0d47c-f4af-4005-8ba2-4c4f4a26eb59,84.32,RON,Lidl ref 27305260,2026-05-05T23:56:57+00:00,0e5779ec-be1a-470f-ad83-a4c869f8d3e4,
ccc7147f-f6e5-403c-a237-9e6fd4734534,128.76,RON,OMV benzina ref 57665946,2026-05-06T00:53:57+00:00,bdd640fb-0667-4ad1-9c80-317fa3b1799d,
e72bc3d1-d528-4f59-9388-46250f1a689f,26.34,RON,Mega Image ref 80377919,2026-05-06T00:53:57+00:00,d3228db7-ef32-4e3e-8fa9-f9f8a84cc34d,
67b06b7c-72cf-48f9-967c-bd94a7f70868,37.94,RON,Mega Image ref 95397096,2026-05-06T01:24:57+00:00,56cc310a-2a4b-4ab3-87df-66009aa0bf74,
dec91438-884f-41a7-af48-1fc07eba0464,50.7,RON,Mega Image ref 63350718,2026-05-06T01:51:57+00:00,0e5779ec-be1a-470f-ad83-a4c869f8d3e4,
6a91cc2f-3d80-476c-aaeb-5b203612bea1,73.93,RON,Carrefour ref 46803500,2026-05-06T02:28:57+00:00,6e36dc96-4f61-48f4-b69f-4ca617af9323,
4524a7f9-b26d-4a49-bba2-bf91aea194c0,179.12,RON,OMV benzina ref 53853017,2026-05-06T02:33:57+00:00,6e36dc96-4f61-48f4-b69f-4ca617af9323,
22681c70-4eb0-4c3d-b96c-6ae6fc19285d,18.39,RON,Mega Image ref 86974571,2026-05-06T04:13:57+00:00,7bf7bf91-9958-41e0-bb31-0f54e9f410c9,
cfbc3ad1-c0e8-4057-b8bc-a74eb8a2617d,67.14,RON,Kaufland ref 31216439,2026-05-06T16:54:57+00:00,97c83e0a-8a40-4c3e-b8e3-ae37cffa9985,
9b512d42-fb84-48df-a29d-aba12dcf33a1,279.22,RON,OMV benzina ref 55001469,2026-05-06T17:30:57+00:00,12cbffe1-d83b-42c0-8120-8703b8fbd5c6,
3227e8d8-9c60-481b-8119-1aa71b61d453,121.39,RON,Kaufland ref 64923338,2026-05-06T17:31:57+00:00,bdd640fb-0667-4ad1-9c80-317fa3b1799d,
501cb01e-a52a-4bf6-a30c-1c0d16280bf4,92.57,RON,Glovo ref 92631141,2026-05-06T18:18:57+00:00,33a2f3d5-7d4c-460f-ba3e-5b7745b7b856,
043a6358-dd9b-4fe5-9a2a-0ec940b06e9b,57.04,RON,Kaufland ref 25438654,2026-05-06T18:20:57+00:00,2eb300a6-bd34-43d9-94c9-8697b97c5ba7,
3c0f4a5e-e5ce-4c23-aff7-188deadad07f,65.45,RON,Mega Image ref 33813199,2026-05-06T19:09:57+00:00,5588e5c9-786a-4f09-8721-a8cedc57f9c8,
34e2b1b8-7606-4f22-b6f2-3b0736514258,91.61,RON,Lidl ref 50176313,2026-05-06T19:42:57+00:00,7bf7bf91-9958-41e0-bb31-0f54e9f410c9,
a5892fe9-a7d7-40eb-bd38-6661a1a0aee6,141.39,RON,Kaufland ref 93141148,2026-05-06T19:56:57+00:00,6e36dc96-4f61-48f4-b69f-4ca617af9323,
d225c7f3-eaed-4c60-a491-132d8a33cc8f,149.38,RON,Carrefour ref 89211679,2026-05-06T20:25:57+00:00,02c27ee1-ff57-48d4-82c7-6cf491fd62b9,
13467e7e-a6a2-415f-b1a1-72e3fb485114,62.89,RON,Kaufland ref 59470496,2026-05-06T20:30:57+00:00,5588e5c9-786a-4f09-8721-a8cedc57f9c8,
4d3a360f-2611-4c77-94b9-60a9705e3f47,77.62,RON,Lidl ref 16089039,2026-05-06T20:51:57+00:00,33a2f3d5-7d4c-460f-ba3e-5b7745b7b856,
5572fd41-07d5-4b96-ba75-b5fc7921f0b3,197.14,RON,OMV benzina ref 65596056,2026-05-06T21:31:57+00:00,aa7898aa-95b2-468b-ac92-275a68599dc4,
9a2e3548-0c14-4995-a86f-490ecca091a7,183.4,RON,Carrefour ref 93423606,2026-05-06T21:32:57+00:00,6e36dc96-4f61-48f4-b69f-4ca617af9323,
3252671d-bd7a-4c64-9304-22b442944d1d,309.9,RON,OMV benzina ref 33020527,2026-05-06T22:31:57+00:00,5588e5c9-786a-4f09-8721-a8cedc57f9c8,
f33c8030-e772-411b-8cc3-a101facd1cba,33.58,RON,Farmacia Tei ref 64291333,2026-05-06T22:44:57+00:00,5588e5c9-786a-4f09-8721-a8cedc57f9c8,
1f7e09de-b799-48b6-8095-fa69db07a2a9,131.41,RON,Kaufland ref 23564624,2026-05-06T22:59:57+00:00,7bf7bf91-9958-41e0-bb31-0f54e9f410c9,
67431d1e-4630-4d73-bcf7-858a6918d401,20.8,RON,Farmacia Tei ref 55930192,2026-05-07T00:00:57+00:00,d3228db7-ef32-4e3e-8fa9-f9f8a84cc34d,
508fd69e-8a4d-4551-b77b-7d49ed253bb6,84.84,RON,Lidl ref 28219362,2026-05-07T00:15:57+00:00,97c83e0a-8a40-4c3e-b8e3-ae37cffa9985,
76e6ca37-2ac9-4502-8c2e-ef90ef30e609,25.82,RON,Mega Image ref 65487225,2026-05-07T00:19:57+00:00,2eb300a6-bd34-43d9-94c9-8697b97c5ba7,
6f9254fd-12e1-44ce-b327-6dbb5605dfb3,86.27,RON,Mega Image ref 90223665,2026-05-07T03:54:57+00:00,02c27ee1-ff57-48d4-82c7-6cf491fd62b9,
6cff81bf-0364-4bcf-aa6f-6cb3a1c47bd1,68.26,RON,Glovo ref 46057743,2026-05-07T15:31:57+00:00,5588e5c9-786a-4f09-8721-a8cedc57f9c8,
17d54882-d91f-4938-a47f-09c515b6a26b,137.19,RON,Kaufland ref 92893840,2026-05-07T16:45:57+00:00,97c83e0a-8a40-4c3e-b8e3-ae37cffa9985,
eb753fd7-87f0-4615-8680-8f09d3e9b1f3,51.16,RON,Glovo ref 40756225,2026-05-07T17:27:57+00:00,02c27ee1-ff57-48d4-82c7-6cf491fd62b9,
ed601f49-471b-4cc7-a233-c597f129ed2f,25.05,RON,Glovo ref 29882943,2026-05-07T17:57:57+00:00,0e5779ec-be1a-470f-ad83-a4c869f8d3e4,
862122d3-ce03-4e1e-8723-53ac09c48fe8,29.2,RON,Mega Image ref 72170909,2026-05-07T20:54:57+00:00,d3228db7-ef32-4e3e-8fa9-f9f8a84cc34d,
04ef166d-b00d-40bc-838e-13f48c7f34d9,45.27,RON,Lidl ref 42022446,2026-05-07T21:14:57+00:00,818e12e2-7146-4ffe-a877-ba23cf63df5b,
66a4372a-997e-43d1-b87a-d8968278e194,41.58,RON,Lidl ref 56798897,2026-05-07T21:44:57+00:00,7bf7bf91-9958-41e0-bb31-0f54e9f410c9,
2dd964a7-ca5a-4f33-a98f-aac1fffe609c,228.58,RON,OMV benzina ref 49886271,2026-05-08T00:09:57+00:00,97c83e0a-8a40-4c3e-b8e3-ae37cffa9985,
3feeb5ed-c589-43ef-9b38-3e5157087023,88.3,RON,Glovo ref 72670664,2026-05-08T01:26:57+00:00,12cbffe1-d83b-42c0-8120-8703b8fbd5c6,
7bbfa8ea-3698-41f8-a3d0-ed8933b5d393,44.34,RON,Mega Image ref 82722091,2026-05-08T02:01:57+00:00,56cc310a-2a4b-4ab3-87df-66009aa0bf74,
2456ed12-aebb-4a7f-b942-112156e6f05c,81.54,RON,Lidl ref 87944340,2026-05-08T02:44:57+00:00,97c83e0a-8a40-4c3e-b8e3-ae37cffa9985,
d71592b2-8bc8-4901-bd52-96349f8a8460,111.19,RON,Kaufland ref 51895392,2026-05-08T04:05:57+00:00,818e12e2-7146-4ffe-a877-ba23cf63df5b,
2640d5a8-d9ee-42b2-b538-2521ba4c64c8,150.75,RON,Kaufland ref 54430083,2026-05-08T04:21:57+00:00,82112000-16b4-4f2b-9dee-8ec850f886ea,
34385a2f-a26d-4566-8ac2-b0e94d79189d,97.2,RON,Carrefour ref 87033634,2026-05-08T04:31:57+00:00,6e36dc96-4f61-48f4-b69f-4ca617af9323,
53167cb5-5e7e-40e5-b8e3-51ea9aebbc3e,46.09,RON,Mega Image ref 94917258,2026-05-08T15:39:57+00:00,0e5779ec-be1a-470f-ad83-a4c869f8d3e4,
6a961ea2-bdec-495f-bd72-89803778ee98,127.44,RON,Lidl ref 98803269,2026-05-08T16:00:57+00:00,6e36dc96-4f61-48f4-b69f-4ca617af9323,
2486b964-611a-4c4b-bda6-c43a8527d840,143.05,RON,Lidl ref 53901861,2026-05-08T16:28:57+00:00,12cbffe1-d83b-42c0-8120-8703b8fbd5c6,
461f8bcc-60dc-4317-9361-d3d4e2a06bd8,50.45,RON,Mega Image ref 65640764,2026-05-08T17:42:57+00:00,56cc310a-2a4b-4ab3-87df-66009aa0bf74,
0a599c13-1667-4920-926e-6991aa82cac8,43.09,RON,Glovo ref 57949350,2026-05-08T19:32:57+00:00,aa7898aa-95b2-468b-ac92-275a68599dc4,
f9966335-989f-4a98-b813-c1ebb1676133,167.67,RON,Kaufland ref 52294327,2026-05-08T19:36:57+00:00,33a2f3d5-7d4c-460f-ba3e-5b7745b7b856,
adf0e07d-30b4-4c13-aaf4-42607c9aa3de,90.18,RON,Glovo ref 35857940,2026-05-08T19:52:57+00:00,82112000-16b4-4f2b-9dee-8ec850f886ea,
cbd363a5-1512-48e1-9504-2b4119c4d7d6,84.58,RON,Kaufland ref 21123747,2026-05-08T20:16:57+00:00,aa7898aa-95b2-468b-ac92-275a68599dc4,
dbe8cd0d-0bd3-40c5-9dc3-b9be4c3b4e46,102.37,RON,Glovo ref 63786125,2026-05-08T20:17:57+00:00,02c27ee1-ff57-48d4-82c7-6cf491fd62b9,
b00be074-4dfe-41ad-a5cd-488d9e78bc4b,21.01,RON,Mega Image ref 97588304,2026-05-08T20:32:57+00:00,97c83e0a-8a40-4c3e-b8e3-ae37cffa9985,
fba8f7ed-d839-4538-a1b4-eca45d29c737,30.65,RON,Mega Image ref 50182747,2026-05-08T20:57:57+00:00,6e36dc96-4f61-48f4-b69f-4ca617af9323,
0088ca76-0d25-48d0-bde9-0c2d26e21c56,56.74,RON,Mega Image ref 96969029,2026-05-08T21:10:57+00:00,aa7898aa-95b2-468b-ac92-275a68599dc4,
d6bca712-6ecc-4931-af70-5d018da03d88,99.84,RON,Kaufland ref 16519170,2026-05-08T21:39:57+00:00,bdd640fb-0667-4ad1-9c80-317fa3b1799d,
037ac684-8514-45b4-9312-54d86ba8df6e,190.54,RON,Kaufland ref 20002911,2026-05-08T23:40:57+00:00,6e36dc96-4f61-48f4-b69f-4ca617af9323,
b0285484-beea-44d3-b8fc-75131b3fd4b0,299.26,RON,Dedeman ref 88283995,2026-05-09T01:34:57+00:00,0e5779ec-be1a-470f-ad83-a4c869f8d3e4,
4b7e42df-9c8a-4631-a5f9-5507688928ad,221.36,RON,OMV benzina ref 27933045,2026-05-09T02:35:57+00:00,0e5779ec-be1a-470f-ad83-a4c869f8d3e4,
2d3e854b-4799-404b-b719-25aebb0084fa,85.64,RON,Farmacia Tei ref 39431208,2026-05-09T03:39:57+00:00,0e5779ec-be1a-470f-ad83-a4c869f8d3e4,
640fac70-e5a5-488e-ab80-d1edca1f783a,26.48,RON,Lidl ref 35803109,2026-05-09T15:18:57+00:00,aa7898aa-95b2-468b-ac92-275a68599dc4,
e5eade18-a955-49f9-89d8-53e39a353a54,45.88,RON,Glovo ref 91811896,2026-05-09T15:39:57+00:00,818e12e2-7146-4ffe-a877-ba23cf63df5b,
6f95be22-3fac-4fa6-8c95-6585a59b0682,105.35,RON,Glovo ref 37262744,2026-05-09T16:12:57+00:00,02c27ee1-ff57-48d4-82c7-6cf491fd62b9,
b8543f00-ab6c-4ba3-a7fd-1c751654df72,56.67,RON,Lidl ref 66452795,2026-05-09T19:35:57+00:00,818e12e2-7146-4ffe-a877-ba23cf63df5b,
9c10f74d-9b3b-4f88-af4f-676177705cdc,46.45,RON,Mega Image ref 60814392,2026-05-09T20:28:57+00:00,02c27ee1-ff57-48d4-82c7-6cf491fd62b9,
1ee154b6-7be4-497b-9c67-c7faaa91e486,42.43,RON,Carrefour ref 65973329,2026-05-09T21:39:57+00:00,2eb300a6-bd34-43d9-94c9-8697b97c5ba7,
e3de00e3-acd5-42b6-899a-db6cf5b48747,244.89,RON,OMV benzina ref 72913729,2026-05-09T23:34:57+00:00,56cc310a-2a4b-4ab3-87df-66009aa0bf74,
c054265d-d6a0-4170-9a02-1d48bf4ec27d,46.32,RON,Mega Image ref 97975186,2026-05-10T00:45:57+00:00,97c83e0a-8a40-4c3e-b8e3-ae37cffa9985,
6b2d9ccc-6279-403c-a1a2-cfe7810d5c57,108.6,RON,Kaufland ref 53197138,2026-05-10T01:17:57+00:00,bdd640fb-0667-4ad1-9c80-317fa3b1799d,
423e25ce-a0f3-40b4-8905-5447bf9cd75c,262.09,RON,OMV benzina ref 13259190,2026-05-10T02:00:57+00:00,02c27ee1-ff57-48d4-82c7-6cf491fd62b9,
6aa12d45-fd24-4a81-9db1-c0b01eee23d7,31.0,RON,Carrefour ref 87424535,2026-05-10T02:38:57+00:00,56cc310a-2a4b-4ab3-87df-66009aa0bf74,
9d73db43-7cf9-4799-a1f1-8435387922e2,96.95,RON,Kaufland ref 37665449,2026-05-10T02:44:57+00:00,2eb300a6-bd34-43d9-94c9-8697b97c5ba7,
75ac2187-2e25-4191-8a92-aa1ebc6c65bf,108.99,RON,Glovo ref 26257492,2026-05-10T03:34:57+00:00,82112000-16b4-4f2b-9dee-8ec850f886ea,
7bdae7c8-95d3-4258-bb37-f111aa1adda7,174.72,RON,Kaufland ref 31043077,2026-05-10T15:22:57+00:00,02c27ee1-ff57-48d4-82c7-6cf491fd62b9,
54ec8e86-c931-4f75-8576-e22477cb2a07,45.6,RON,Glovo ref 85840480,2026-05-10T16:26:57+00:00,d3228db7-ef32-4e3e-8fa9-f9f8a84cc34d,
024d15ae-94d0-4f2e-9999-5b011561de3c,153.7,RON,Kaufland ref 68756586,2026-05-10T16:33:57+00:00,5588e5c9-786a-4f09-8721-a8cedc57f9c8,
006bfc3a-0b4a-4207-aa52-139014d6692a,31.09,RON,Lidl ref 35637038,2026-05-10T16:59:57+00:00,5588e5c9-786a-4f09-8721-a8cedc57f9c8,
e73b63f3-63cb-4148-a062-c43e9ade704c,82.64,RON,Glovo ref 72773560,2026-05-10T17:22:57+00:00,02c27ee1-ff57-48d4-82c7-6cf491fd62b9,
b106441e-38d6-4472-901c-9d003d9cf2f9,52.46,RON,Farmacia Tei ref 38211372,2026-05-10T17:39:57+00:00,33a2f3d5-7d4c-460f-ba3e-5b7745b7b856,
b646d2bc-9455-44d2-812c-e2c6be46aa49,131.0,RON,Kaufland ref 75824546,2026-05-10T17:43:57+00:00,818e12e2-7146-4ffe-a877-ba23cf63df5b,
d149c1bf-a593-4f53-ae59-cc06b16f7b52,49.57,RON,Mega Image ref 64564688,2026-05-10T18:35:57+00:00,12cbffe1-d83b-42c0-8120-8703b8fbd5c6,
d69c15b2-224f-4444-a8f7-5fed0ae700f7,54.86,RON,Lidl ref 92335103,2026-05-10T18:54:57+00:00,7bf7bf91-9958-41e0-bb31-0f54e9f410c9,
a13891b8-0799-4ef3-a026-d7b9a5cc7276,185.79,RON,Dedeman ref 29547893,2026-05-10T19:21:57+00:00,97c83e0a-8a40-4c3e-b8e3-ae37cffa9985,
8c3d031a-b395-4193-97d3-b9d94c859233,119.45,RON,Kaufland ref 78759020,2026-05-10T21:17:57+00:00,bdd640fb-0667-4ad1-9c80-317fa3b1799d,
feba4f18-ca09-4da3-aa66-54a38a87ba3e,63.06,RON,Glovo ref 93347064,2026-05-10T21:49:57+00:00,5588e5c9-786a-4f09-8721-a8cedc57f9c8,
83cfed3b-b32f-4256-86ac-dcafa4ba0ef5,94.14,RON,Lidl ref 31125070,2026-05-10T22:17:57+00:00,aa7898aa-95b2-468b-ac92-275a68599dc4,
aa3e009c-56b2-43cd-9a26-ec8964b56f4e,46.67,RON,Mega Image ref 14299495,2026-05-10T23:53:57+00:00,aa7898aa-95b2-468b-ac92-275a68599dc4,
65b2c75e-0192-4939-9d77-dbdcb852caf0,72.36,RON,Glovo ref 30899429,2026-05-11T00:04:57+00:00,12cbffe1-d83b-42c0-8120-8703b8fbd5c6,
4d38ad2c-f648-4a5c-acc6-e42bf0654454,20.42,RON,Mega Image ref 10165256,2026-05-11T00:57:57+00:00,97c83e0a-8a40-4c3e-b8e3-ae37cffa9985,
759a9725-2e77-4be3-bef7-4fdb17fc2335,44.53,RON,Glovo ref 74291216,2026-05-11T02:06:57+00:00,0e5779ec-be1a-470f-ad83-a4c869f8d3e4,
813d0497-db33-444d-9520-43e2ffd5f52d,15.02,RON,Mega Image ref 23833969,2026-05-11T02:20:57+00:00,56cc310a-2a4b-4ab3-87df-66009aa0bf74,
ea987c73-02cc-4051-9c67-5c066e0a614e,20.75,RON,Mega Image ref 70893145,2026-05-11T03:39:57+00:00,d3228db7-ef32-4e3e-8fa9-f9f8a84cc34d,
6c128b4b-f386-4230-ba62-8422fa5d7be9,36.44,RON,Lidl ref 19344516,2026-05-11T15:25:57+00:00,d3228db7-ef32-4e3e-8fa9-f9f8a84cc34d,
9ac13981-9e2d-4f10-a177-4e24c34ac9c4,41.6,RON,Mega Image ref 63019962,2026-05-11T15:33:57+00:00,5588e5c9-786a-4f09-8721-a8cedc57f9c8,
9dfa37af-b3b7-45ca-bf5e-4ff443a76d69,123.33,RON,Kaufland ref 20730487,2026-05-11T16:42:57+00:00,5588e5c9-786a-4f09-8721-a8cedc57f9c8,
81c0d80f-b295-43aa-931e-7fc3386f2044,26.93,RON,Glovo ref 25687218,2026-05-11T16:47:57+00:00,d3228db7-ef32-4e3e-8fa9-f9f8a84cc34d,
3cbc01be-b525-45f3-b809-2b0f8e4ef450,83.63,RON,Farmacia Tei ref 33672347,2026-05-11T16:53:57+00:00,12cbffe1-d83b-42c0-8120-8703b8fbd5c6,
11c7bec9-3016-4ecc-9b9a-3a55aff745a0,163.91,RON,OMV benzina ref 62908270,2026-05-11T17:35:57+00:00,0e5779ec-be1a-470f-ad83-a4c869f8d3e4,
41a50d68-4140-4d41-8ea7-252160b1aac5,151.18,RON,OMV benzina ref 21033610,2026-05-11T17:57:57+00:00,7bf7bf91-9958-41e0-bb31-0f54e9f410c9,
1fc23d2f-032c-42c7-90cc-6bbc79cbf580,186.14,RON,Kaufland ref 40023267,2026-05-11T20:02:57+00:00,12cbffe1-d83b-42c0-8120-8703b8fbd5c6,
db34fbd4-8222-4407-bafc-d8e8d9eeea3a,366.54,RON,OMV benzina ref 47261843,2026-05-11T20:10:57+00:00,12cbffe1-d83b-42c0-8120-8703b8fbd5c6,
b96c2da0-19a8-4c19-a70a-858cf86b2e95,49.64,RON,Glovo ref 96586373,2026-05-11T20:54:57+00:00,0e5779ec-be1a-470f-ad83-a4c869f8d3e4,
f2d40f6e-954a-4836-887d-4bfc8b72f906,23.66,RON,Lidl ref 38032947,2026-05-11T21:26:57+00:00,2eb300a6-bd34-43d9-94c9-8697b97c5ba7,
5e3aa1b8-c445-4ca6-aef3-7c4230c26404,126.52,RON,Kaufland ref 76408882,2026-05-11T22:51:57+00:00,97c83e0a-8a40-4c3e-b8e3-ae37cffa9985,
37c3c8f7-7151-4ed7-927f-d409c96ec149,114.99,RON,Carrefour ref 20135587,2026-05-11T22:54:57+00:00,02c27ee1-ff57-48d4-82c7-6cf491fd62b9,
9e597f5d-d1f1-4f71-ba84-be767d3a5cd4,96.21,RON,Glovo ref 77567852,2026-05-11T23:44:57+00:00,02c27ee1-ff57-48d4-82c7-6cf491fd62b9,
46ca3f98-5e19-41cf-b06d-487dbaa8967b,139.21,RON,Dedeman ref 72849250,2026-05-12T00:38:57+00:00,82112000-16b4-4f2b-9dee-8ec850f886ea,
01d68d62-eb26-44f8-9336-06a0b03cbb07,75.7,RON,Lidl ref 79507273,2026-05-12T01:14:57+00:00,818e12e2-7146-4ffe-a877-ba23cf63df5b,
76dd888e-bb00-47c8-b00a-a371697a09ea,44.18,RON,Glovo ref 57079843,2026-05-12T02:19:57+00:00,97c83e0a-8a40-4c3e-b8e3-ae37cffa9985,
5f8d566a-217c-431d-b4a2-f3df9c227efd,78.34,RON,Lidl ref 37457680,2026-05-12T02:21:57+00:00,97c83e0a-8a40-4c3e-b8e3-ae37cffa9985,
ffc9ff30-9f9a-4a33-9ad6-ff7be4af65aa,43.48,RON,Glovo ref 14692509,2026-05-12T02:22:57+00:00,7bf7bf91-9958-41e0-bb31-0f54e9f410c9,
46b9fa1e-696b-4d9d-83c5-41610b0feea9,126.34,RON,Farmacia Tei ref 76498917,2026-05-12T02:58:57+00:00,6e36dc96-4f61-48f4-b69f-4ca617af9323,
76c34232-2470-45d8-bafd-37bce4bfaf39,90.65,RON,Carrefour ref 19628463,2026-05-12T03:06:57+00:00,97c83e0a-8a40-4c3e-b8e3-ae37cffa9985,
12641cd0-4845-4f6e-8534-23237c7560d3,51.84,RON,Mega Image ref 59323079,2026-05-12T03:50:57+00:00,d3228db7-ef32-4e3e-8fa9-f9f8a84cc34d,
8ff19886-5a2c-41bc-82c2-26ff1d8b32d9,55.99,RON,Netflix,2026-05-12T06:39:57+00:00,bdd640fb-0667-4ad1-9c80-317fa3b1799d,
624d3473-60bc-4cbc-9987-e6d09a7171aa,55.99,RON,Netflix,2026-05-12T06:39:57+00:00,0e5779ec-be1a-470f-ad83-a4c869f8d3e4,
27bc7004-b407-4f12-a612-92e07616e3a2,55.99,RON,Netflix,2026-05-12T06:39:57+00:00,aa7898aa-95b2-468b-ac92-275a68599dc4,
8910d70e-55b2-482a-b469-b0dee442c26c,55.99,RON,Netflix,2026-05-12T06:39:57+00:00,7bf7bf91-9958-41e0-bb31-0f54e9f410c9,
1d2918e0-7bea-46c1-872b-eda06f65f4bd,55.99,RON,Netflix,2026-05-12T06:39:57+00:00,02c27ee1-ff57-48d4-82c7-6cf491fd62b9,
b5dff070-f856-4394-9623-ad9cc3f0e1ab,55.99,RON,Netflix,2026-05-12T06:39:57+00:00,56cc310a-2a4b-4ab3-87df-66009aa0bf74,
11445386-a5b7-4134-8fc8-9237ee72894b,55.99,RON,Netflix,2026-05-12T06:39:57+00:00,5588e5c9-786a-4f09-8721-a8cedc57f9c8,
06354d06-0179-4ea4-822d-6d4a0422b68b,55.99,RON,Netflix,2026-05-12T06:39:57+00:00,33a2f3d5-7d4c-460f-ba3e-5b7745b7b856,
fda20c90-fb48-4a87-9b34-fbaa529cb29f,55.99,RON,Netflix,2026-05-12T06:39:57+00:00,6e36dc96-4f61-48f4-b69f-4ca617af9323,
755afafd-8071-45cc-b87f-3cac285e69d8,55.99,RON,Netflix,2026-05-12T06:39:57+00:00,2eb300a6-bd34-43d9-94c9-8697b97c5ba7,
4cccb5ad-7f6a-4146-912b-a27deaa42132,55.99,RON,Netflix,2026-05-12T06:39:57+00:00,818e12e2-7146-4ffe-a877-ba23cf63df5b,
4f8aa6f8-9dcf-4e0a-a3ea-39d1f416bfb7,55.99,RON,Netflix,2026-05-12T06:39:57+00:00,97c83e0a-8a40-4c3e-b8e3-ae37cffa9985,
6ef18504-67a2-4ae4-8e0c-d43d11695c9a,55.99,RON,Netflix,2026-05-12T06:39:57+00:00,d3228db7-ef32-4e3e-8fa9-f9f8a84cc34d,
6f109a8c-5b96-4206-84c4-8f5ede7b5e61,55.99,RON,Netflix,2026-05-12T06:39:57+00:00,12cbffe1-d83b-42c0-8120-8703b8fbd5c6,
744880dc-5f96-45c4-9ac5-e37bfd98b429,55.99,RON,Netflix,2026-05-12T06:39:57+00:00,82112000-16b4-4f2b-9dee-8ec850f886ea,
824acde6-0181-46be-9fa5-c457447876e9,44.53,RON,Mega Image ref 51470866,2026-05-12T14:44:57+00:00,818e12e2-7146-4ffe-a877-ba23cf63df5b,
33bf8a61-cc3e-4481-9238-8f11216f07c2,66.75,RON,Mega Image ref 70470486,2026-05-12T15:01:57+00:00,97c83e0a-8a40-4c3e-b8e3-ae37cffa9985,
2048ba6e-72ec-4f04-bf8b-b8911b908e3f,143.92,RON,Kaufland ref 29821270,2026-05-12T15:16:57+00:00,aa7898aa-95b2-468b-ac92-275a68599dc4,
7b49ecf3-b7f8-4284-bd3f-c0e0944b0f07,87.63,RON,Lidl ref 52943014,2026-05-12T15:57:57+00:00,aa7898aa-95b2-468b-ac92-275a68599dc4,
b300de6c-2334-4e63-8665-7c443b1ee2c2,53.03,RON,Lidl ref 34638920,2026-05-12T19:27:57+00:00,82112000-16b4-4f2b-9dee-8ec850f886ea,
22a7899d-0050-4cd8-8bff-35b38f6a5979,23.03,RON,Glovo ref 99829082,2026-05-12T19:46:57+00:00,7bf7bf91-9958-41e0-bb31-0f54e9f410c9,
52725ab5-d7d2-4399-ad36-1cfdb462ad76,86.65,RON,Carrefour ref 79634711,2026-05-12T20:16:57+00:00,5588e5c9-786a-4f09-8721-a8cedc57f9c8,
d7e89bba-0816-4097-8866-89cdb7ad86da,165.98,RON,Kaufland ref 31875264,2026-05-12T21:15:57+00:00,6e36dc96-4f61-48f4-b69f-4ca617af9323,
8883bccb-d80c-400c-b49f-5b163f272313,82.08,RON,Glovo ref 32760629,2026-05-12T21:53:57+00:00,5588e5c9-786a-4f09-8721-a8cedc57f9c8,
ac818e6e-3fad-418d-a76d-7ae9fe680486,285.96,RON,OMV benzina ref 26791708,2026-05-12T22:12:57+00:00,82112000-16b4-4f2b-9dee-8ec850f886ea,
f8a659fe-d6ba-40d7-acb8-85988f3fd6c5,104.23,RON,Kaufland ref 49244170,2026-05-12T22:25:57+00:00,56cc310a-2a4b-4ab3-87df-66009aa0bf74,
2c2e5357-3e04-4026-9733-fba425a3dcf6,231.72,RON,OMV benzina ref 94895802,2026-05-12T23:14:57+00:00,56cc310a-2a4b-4ab3-87df-66009aa0bf74,
c1448390-29d6-4050-b80a-a1768cf43673,102.06,RON,Carrefour ref 14133133,2026-05-13T01:25:57+00:00,56cc310a-2a4b-4ab3-87df-66009aa0bf74,
11e742f8-61ed-4463-a15f-7343e9e1be2e,39.57,RON,Mega Image ref 85914853,2026-05-13T02:44:57+00:00,2eb300a6-bd34-43d9-94c9-8697b97c5ba7,
33cb59ef-15c0-4765-b51b-d20fda4bdf2d,95.58,RON,Carrefour ref 55417925,2026-05-13T02:45:57+00:00,0e5779ec-be1a-470f-ad83-a4c869f8d3e4,
237f54da-4aa5-4dd3-bc5a-a5dd3f8703c5,37.23,RON,Glovo ref 55538693,2026-05-13T02:56:57+00:00,818e12e2-7146-4ffe-a877-ba23cf63df5b,
7ef4f20c-fc7e-4f36-bbed-aaca526460d3,15.5,RON,Mega Image ref 88071195,2026-05-13T02:58:57+00:00,d3228db7-ef32-4e3e-8fa9-f9f8a84cc34d,
3f936724-21d6-4c73-8b32-8c23ef470a44,134.67,RON,Kaufland ref 96500924,2026-05-13T03:39:57+00:00,0e5779ec-be1a-470f-ad83-a4c869f8d3e4,
9b212de6-8198-4919-bbd3-361d7a048ced,51.43,RON,Lidl ref 52208544,2026-05-13T15:26:57+00:00,33a2f3d5-7d4c-460f-ba3e-5b7745b7b856,
29330fc4-c918-4346-800c-200c4458b006,44.41,RON,Mega Image ref 36830448,2026-05-13T16:42:57+00:00,bdd640fb-0667-4ad1-9c80-317fa3b1799d,
da62a307-d753-4a99-8808-7cc40c858251,161.05,RON,OMV benzina ref 18865799,2026-05-13T17:04:57+00:00,aa7898aa-95b2-468b-ac92-275a68599dc4,
8b0990e9-2417-4bd1-b1d2-c204d1b94526,76.37,RON,Glovo ref 28317269,2026-05-13T17:38:57+00:00,97c83e0a-8a40-4c3e-b8e3-ae37cffa9985,
869ed41b-c64e-4c62-8e04-5196d7d7b5a5,43.33,RON,Farmacia Tei ref 17769049,2026-05-13T18:10:57+00:00,33a2f3d5-7d4c-460f-ba3e-5b7745b7b856,
5c4f5965-6e2d-4c58-8a88-527a25fdb592,28.75,RON,Mega Image ref 12621097,2026-05-13T21:21:57+00:00,56cc310a-2a4b-4ab3-87df-66009aa0bf74,
30f4795e-03d2-4f9d-9186-36476c6e6f35,145.1,RON,OMV benzina ref 15809672,2026-05-13T23:11:57+00:00,2eb300a6-bd34-43d9-94c9-8697b97c5ba7,
02b6c0e1-17fd-4252-9db9-599398e027ff,44.49,RON,Glovo ref 19196142,2026-05-13T23:43:57+00:00,818e12e2-7146-4ffe-a877-ba23cf63df5b,
b189c096-7e4f-4807-8902-e922ec3d799a,171.21,RON,Kaufland ref 66237343,2026-05-14T00:48:57+00:00,82112000-16b4-4f2b-9dee-8ec850f886ea,
82733f98-8c4f-43c9-9ddb-5f3d6ce27732,45.84,RON,Kaufland ref 84644818,2026-05-14T00:51:57+00:00,97c83e0a-8a40-4c3e-b8e3-ae37cffa9985,
7ceb841f-6c26-4aa5-86b2-5d676c36f576,135.23,RON,Lidl ref 22914753,2026-05-14T02:07:57+00:00,12cbffe1-d83b-42c0-8120-8703b8fbd5c6,
ab9b9ef5-81c3-4f50-a16e-5cd695712336,15.68,RON,Mega Image ref 38876221,2026-05-14T02:10:57+00:00,818e12e2-7146-4ffe-a877-ba23cf63df5b,
7b8e3389-f4a9-488a-bf99-c5f2bc657ec2,52.63,RON,Glovo ref 48333001,2026-05-14T02:35:57+00:00,2eb300a6-bd34-43d9-94c9-8697b97c5ba7,
73dd3bc6-d064-45a8-9bd2-9cb108453b2f,55.21,RON,Carrefour ref 82634888,2026-05-14T02:57:57+00:00,bdd640fb-0667-4ad1-9c80-317fa3b1799d,
8e114e0d-7e8e-4a3e-8f7a-64a53e792193,64.97,RON,Glovo ref 79892950,2026-05-14T03:20:57+00:00,02c27ee1-ff57-48d4-82c7-6cf491fd62b9,
cf11be94-02a6-427c-8d16-192b515b1487,23.75,RON,Mega Image ref 46797675,2026-05-14T03:51:57+00:00,02c27ee1-ff57-48d4-82c7-6cf491fd62b9,
4545448d-ad2a-494b-8258-828ba23e189b,52.87,RON,Mega Image ref 45339141,2026-05-14T04:11:57+00:00,7bf7bf91-9958-41e0-bb31-0f54e9f410c9,
6a5018b5-d623-4671-a2ee-d64b82f47196,71.87,RON,Lidl ref 23766187,2026-05-14T14:45:57+00:00,0e5779ec-be1a-470f-ad83-a4c869f8d3e4,
2393cdae-a664-4373-97cd-7b7ad4d7d845,50.61,RON,Lidl ref 13290552,2026-05-14T14:47:57+00:00,2eb300a6-bd34-43d9-94c9-8697b97c5ba7,
3a6206f6-8922-4cf7-bc85-dbba5d1cd4f1,262.55,RON,OMV benzina ref 37333799,2026-05-14T14:55:57+00:00,12cbffe1-d83b-42c0-8120-8703b8fbd5c6,
d45861d7-a7f8-42d4-8bcb-7fe9e052c6a8,67.11,RON,Glovo ref 93930438,2026-05-14T15:15:57+00:00,33a2f3d5-7d4c-460f-ba3e-5b7745b7b856,
b0950247-af51-4151-a878-62c445ecaad1,99.39,RON,Glovo ref 37610659,2026-05-14T15:17:57+00:00,02c27ee1-ff57-48d4-82c7-6cf491fd62b9,
744feff8-8257-4dd1-9d19-3891f04084d0,54.99,RON,Farmacia Tei ref 47342004,2026-05-14T16:50:57+00:00,7bf7bf91-9958-41e0-bb31-0f54e9f410c9,
496ec0c9-a7c5-4960-9a72-84a225ba7795,24.98,RON,Mega Image ref 61725238,2026-05-14T17:40:57+00:00,0e5779ec-be1a-470f-ad83-a4c869f8d3e4,
a8fad545-781f-4259-9324-e1457a550fe5,34.69,RON,Mega Image ref 76962901,2026-05-14T17:40:57+00:00,5588e5c9-786a-4f09-8721-a8cedc57f9c8,
270c3c3d-dd75-4a71-bf58-b0b1ab64e587,58.19,RON,Mega Image ref 13778013,2026-05-14T17:58:57+00:00,818e12e2-7146-4ffe-a877-ba23cf63df5b,
04933fbd-c1a2-46d1-9f77-0e6b1d724729,101.84,RON,Carrefour ref 79573228,2026-05-14T20:30:57+00:00,97c83e0a-8a40-4c3e-b8e3-ae37cffa9985,
724fb7ed-b8d7-4e7c-ac9e-91e1ca51e785,461.59,RON,Dedeman ref 14484757,2026-05-14T21:21:57+00:00,12cbffe1-d83b-42c0-8120-8703b8fbd5c6,
f716b195-a06f-4919-9b58-0ad0dc3a765a,163.03,RON,OMV benzina ref 98486477,2026-05-14T22:04:57+00:00,7bf7bf91-9958-41e0-bb31-0f54e9f410c9,
b140e1a0-860d-4517-996a-202c5ca7e998,20.58,RON,Mega Image ref 72641097,2026-05-14T22:10:57+00:00,33a2f3d5-7d4c-460f-ba3e-5b7745b7b856,
3cdc8271-0c17-42fd-a587-a1afc2e02128,55.97,RON,Mega Image ref 70745479,2026-05-14T23:59:57+00:00,02c27ee1-ff57-48d4-82c7-6cf491fd62b9,
4810c60c-9906-4f0a-86d9-8879de67a8f9,170.73,RON,Kaufland ref 42609987,2026-05-15T00:29:57+00:00,82112000-16b4-4f2b-9dee-8ec850f886ea,
a815ca98-8516-4c74-bb1f-0b3dc91f035b,99.87,RON,Kaufland ref 62368002,2026-05-15T02:44:57+00:00,97c83e0a-8a40-4c3e-b8e3-ae37cffa9985,
fe406b97-cc11-4610-9bd4-24ec17e6f0fe,140.31,RON,Kaufland ref 13965137,2026-05-15T03:41:57+00:00,33a2f3d5-7d4c-460f-ba3e-5b7745b7b856,
e9f36223-81e2-4143-bb77-35ed128fb3b9,102.65,RON,Glovo ref 30827043,2026-05-15T04:22:57+00:00,6e36dc96-4f61-48f4-b69f-4ca617af9323,
bfcfb715-c1cb-4833-94fb-c3910276ddf0,105.66,RON,Kaufland ref 73402650,2026-05-15T14:51:57+00:00,56cc310a-2a4b-4ab3-87df-66009aa0bf74,
bd8b3452-2762-4842-a9f1-c42bc1c60372,46.44,RON,Glovo ref 47077679,2026-05-15T16:02:57+00:00,12cbffe1-d83b-42c0-8120-8703b8fbd5c6,
55b85720-87cd-4444-adba-97542d95d98d,30.83,RON,Lidl ref 30280697,2026-05-15T16:36:57+00:00,0e5779ec-be1a-470f-ad83-a4c869f8d3e4,
47e3a429-3e9b-4492-be62-196e19a208a4,36.93,RON,Glovo ref 52086931,2026-05-15T16:43:57+00:00,02c27ee1-ff57-48d4-82c7-6cf491fd62b9,
556efce4-9d9e-4da2-9387-bcda5b7887ed,68.5,RON,Kaufland ref 47824471,2026-05-15T16:46:57+00:00,0e5779ec-be1a-470f-ad83-a4c869f8d3e4,
8daed737-bc68-4ff5-9f27-65cd3e15fdeb,44.62,RON,Carrefour ref 37468029,2026-05-15T16:48:57+00:00,2eb300a6-bd34-43d9-94c9-8697b97c5ba7,
5e96978d-29d6-4511-9d97-2216ba16ea5c,84.44,RON,Farmacia Tei ref 51819281,2026-05-15T17:10:57+00:00,33a2f3d5-7d4c-460f-ba3e-5b7745b7b856,
a1fa43b7-9e74-46a8-a8e9-a079a1f6e1f8,199.46,RON,Dedeman ref 84026266,2026-05-15T17:12:57+00:00,5588e5c9-786a-4f09-8721-a8cedc57f9c8,
8c01f5cd-a854-44dd-8911-19e83c2a5ce4,75.92,RON,Carrefour ref 23225823,2026-05-15T18:49:57+00:00,02c27ee1-ff57-48d4-82c7-6cf491fd62b9,
9af14895-37ea-40b6-962d-639f5e74efd0,133.27,RON,Kaufland ref 15417187,2026-05-15T19:25:57+00:00,5588e5c9-786a-4f09-8721-a8cedc57f9c8,
574bc8e2-3c83-4695-b9a9-60b10e40b45c,82.4,RON,Glovo ref 86477332,2026-05-15T19:31:57+00:00,5588e5c9-786a-4f09-8721-a8cedc57f9c8,
d481ba96-3e5b-4677-a37f-9a6313551496,56.12,RON,Mega Image ref 15993292,2026-05-15T21:13:57+00:00,02c27ee1-ff57-48d4-82c7-6cf491fd62b9,
10f4f950-e549-4ffc-8817-cf404b1e4bcf,39.86,RON,Lidl ref 85209178,2026-05-15T21:27:57+00:00,818e12e2-7146-4ffe-a877-ba23cf63df5b,
ae519a9b-8113-4981-8aed-f979da803e84,347.75,RON,OMV benzina ref 63545818,2026-05-15T21:28:57+00:00,33a2f3d5-7d4c-460f-ba3e-5b7745b7b856,
9544a836-9f48-4617-b9a3-ea64789b2418,23.41,RON,Glovo ref 16737301,2026-05-16T01:13:57+00:00,d3228db7-ef32-4e3e-8fa9-f9f8a84cc34d,
63200305-92f0-4e50-b28b-07f78b609d1e,21.7,RON,Mega Image ref 66857063,2026-05-16T01:20:57+00:00,33a2f3d5-7d4c-460f-ba3e-5b7745b7b856,
45665e79-1a9a-4b54-a01a-5b5e592fcdc6,40.57,RON,Glovo ref 48521233,2026-05-16T01:22:57+00:00,0e5779ec-be1a-470f-ad83-a4c869f8d3e4,
ff2258e4-085f-4ac9-8396-29519704ac60,55.77,RON,Mega Image ref 29381560,2026-05-16T01:51:57+00:00,6e36dc96-4f61-48f4-b69f-4ca617af9323,
a7a57ce6-0811-44ce-84fa-4ad738db8c3f,71.33,RON,Lidl ref 59167857,2026-05-16T02:22:57+00:00,12cbffe1-d83b-42c0-8120-8703b8fbd5c6,
51fc4c23-2586-4cd1-a7e6-0e4ec71cdac2,60.32,RON,Mega Image ref 29950518,2026-05-16T15:34:57+00:00,0e5779ec-be1a-470f-ad83-a4c869f8d3e4,
3e6b6684-d2d6-4319-9049-30fb1860af78,35.94,RON,Mega Image ref 78884293,2026-05-16T15:49:57+00:00,97c83e0a-8a40-4c3e-b8e3-ae37cffa9985,
2a4a3149-63b1-45a8-a128-eb084a7c999a,48.21,RON,Carrefour ref 77163720,2026-05-16T16:44:57+00:00,5588e5c9-786a-4f09-8721-a8cedc57f9c8,
33c7024d-e845-43c7-8721-fbe9f5020e2a,38.11,RON,Mega Image ref 76485777,2026-05-16T16:54:57+00:00,aa7898aa-95b2-468b-ac92-275a68599dc4,
63606620-2b22-4397-aadd-2a6ff6d4d363,71.91,RON,Lidl ref 72998249,2026-05-16T18:16:57+00:00,d3228db7-ef32-4e3e-8fa9-f9f8a84cc34d,
a23ff67d-e957-4bc2-b9bd-8bd6d479cc36,110.26,RON,Kaufland ref 69467023,2026-05-16T18:51:57+00:00,bdd640fb-0667-4ad1-9c80-317fa3b1799d,
8c73a2bf-c133-4941-9ea8-fea00e05d766,133.81,RON,Lidl ref 80553497,2026-05-16T18:54:57+00:00,12cbffe1-d83b-42c0-8120-8703b8fbd5c6,
8d84067f-ce58-47fc-acc0-e350f7c40cb2,40.03,RON,Lidl ref 96141406,2026-05-16T19:35:57+00:00,7bf7bf91-9958-41e0-bb31-0f54e9f410c9,
902152f5-2fdd-4383-b3b0-d6fb701bc17c,61.78,RON,Lidl ref 81569887,2026-05-16T22:38:57+00:00,818e12e2-7146-4ffe-a877-ba23cf63df5b,
a19c9d21-2822-4b55-a258-9a3698c6c1a7,22.15,RON,Mega Image ref 70342521,2026-05-16T23:28:57+00:00,33a2f3d5-7d4c-460f-ba3e-5b7745b7b856,
ead0d806-e83e-4f59-b7cf-0adfad2ff8f1,27.41,RON,Mega Image ref 51238955,2026-05-17T00:05:57+00:00,5588e5c9-786a-4f09-8721-a8cedc57f9c8,
18994a8b-ad5d-4c2a-b606-9880c69d1370,100.65,RON,Kaufland ref 92218293,2026-05-17T01:26:57+00:00,97c83e0a-8a40-4c3e-b8e3-ae37cffa9985,
9522e076-9ebb-4913-bdeb-e8d0c3b8c8cc,219.27,RON,OMV benzina ref 94084060,2026-05-17T01:46:57+00:00,2eb300a6-bd34-43d9-94c9-8697b97c5ba7,
0d3f04c1-2745-421a-9521-dfb4c063d440,122.36,RON,Kaufland ref 37669016,2026-05-17T14:52:57+00:00,6e36dc96-4f61-48f4-b69f-4ca617af9323,
b991c573-8f0b-4361-83af-f7d0364e0364,139.27,RON,Kaufland ref 81292773,2026-05-17T15:41:57+00:00,33a2f3d5-7d4c-460f-ba3e-5b7745b7b856,
07706e2a-b8ef-4a58-8c06-11fe10389b79,61.45,RON,Mega Image ref 51419095,2026-05-17T16:23:57+00:00,818e12e2-7146-4ffe-a877-ba23cf63df5b,
6fe6c12e-5bb0-43d5-8ec3-08ac89803c04,157.05,RON,Dedeman ref 55727362,2026-05-17T17:55:57+00:00,97c83e0a-8a40-4c3e-b8e3-ae37cffa9985,
298f31df-8e3b-4cf6-aab4-22a6d0e9404d,83.3,RON,Glovo ref 69291117,2026-05-17T18:06:57+00:00,82112000-16b4-4f2b-9dee-8ec850f886ea,
7e509ec4-81db-4a62-90a4-37d5e6b17ece,39.86,RON,Mega Image ref 80157948,2026-05-17T18:52:57+00:00,7bf7bf91-9958-41e0-bb31-0f54e9f410c9,
a1f06a9f-6c70-4285-ac33-1e24f83ef424,21.65,RON,Mega Image ref 31666291,2026-05-17T20:40:57+00:00,12cbffe1-d83b-42c0-8120-8703b8fbd5c6,
2e8f2f7f-20a6-4edf-bea9-5b7352b3a0d1,75.12,RON,Kaufland ref 22139593,2026-05-17T21:25:57+00:00,0e5779ec-be1a-470f-ad83-a4c869f8d3e4,
98cd2655-5297-41ad-adba-948427591ad4,325.37,RON,Dedeman ref 15360735,2026-05-17T22:24:57+00:00,bdd640fb-0667-4ad1-9c80-317fa3b1799d,
551fe4f7-25d6-4a97-b608-24da33a37a74,53.23,RON,Mega Image ref 77253402,2026-05-17T22:28:57+00:00,aa7898aa-95b2-468b-ac92-275a68599dc4,
214c0a4d-43a5-44d2-8e7d-3f5a4773e66a,42.4,RON,Glovo ref 67513345,2026-05-17T22:46:57+00:00,bdd640fb-0667-4ad1-9c80-317fa3b1799d,
b1fb8931-ac21-4606-a790-a0149807b8d5,151.27,RON,OMV benzina ref 46415941,2026-05-17T22:54:57+00:00,56cc310a-2a4b-4ab3-87df-66009aa0bf74,
280803ad-d256-4725-8890-0afef1332041,25.56,RON,Mega Image ref 68735195,2026-05-17T23:08:57+00:00,2eb300a6-bd34-43d9-94c9-8697b97c5ba7,
cf4f88be-6218-4f19-8537-706c97d91bdf,30.88,RON,Glovo ref 27480057,2026-05-17T23:24:57+00:00,2eb300a6-bd34-43d9-94c9-8697b97c5ba7,
fc6fa36b-87dc-4216-a888-39f841e5bb3b,123.34,RON,Lidl ref 44692399,2026-05-17T23:37:57+00:00,33a2f3d5-7d4c-460f-ba3e-5b7745b7b856,
0ce63efb-1e2d-46f9-b598-9117327d0102,41.54,RON,Mega Image ref 97482263,2026-05-18T00:08:57+00:00,97c83e0a-8a40-4c3e-b8e3-ae37cffa9985,
bfc41c8b-7742-414d-833b-be5999a8d904,417.66,RON,OMV benzina ref 61053150,2026-05-18T02:09:57+00:00,02c27ee1-ff57-48d4-82c7-6cf491fd62b9,
239850a5-df4a-42a1-af9e-63b1513cd0f6,49.45,RON,Carrefour ref 23210619,2026-05-18T02:36:57+00:00,d3228db7-ef32-4e3e-8fa9-f9f8a84cc34d,
666caee8-5cfc-464d-a485-a68b0b14dc28,56.04,RON,Glovo ref 30502024,2026-05-18T02:42:57+00:00,97c83e0a-8a40-4c3e-b8e3-ae37cffa9985,
80700506-0f96-4dde-8b1b-e7749519fd53,82.91,RON,Glovo ref 56336311,2026-05-18T02:47:57+00:00,5588e5c9-786a-4f09-8721-a8cedc57f9c8,
8997b384-3cd0-4b12-8250-49abd752133c,131.84,RON,Kaufland ref 65745443,2026-05-18T03:19:57+00:00,02c27ee1-ff57-48d4-82c7-6cf491fd62b9,
198774c1-b79f-48eb-b2e1-3d2341c962f2,121.66,RON,Kaufland ref 20843786,2026-05-18T14:40:57+00:00,02c27ee1-ff57-48d4-82c7-6cf491fd62b9,
b5a0cbae-d831-4287-b5dd-e1153e2523ec,56.11,RON,Carrefour ref 23552921,2026-05-18T15:26:57+00:00,6e36dc96-4f61-48f4-b69f-4ca617af9323,
897b303d-8b07-4d1a-aa7a-784128cc812a,25.2,RON,Glovo ref 77798790,2026-05-18T17:12:57+00:00,bdd640fb-0667-4ad1-9c80-317fa3b1799d,
0ac42f1c-fc38-4fd3-86b1-7eec8388bd13,52.93,RON,Mega Image ref 77782064,2026-05-18T17:36:57+00:00,818e12e2-7146-4ffe-a877-ba23cf63df5b,
ef5832c9-1c94-4111-ac13-9dadf3771cfe,30.17,RON,Mega Image ref 80867406,2026-05-18T17:37:57+00:00,d3228db7-ef32-4e3e-8fa9-f9f8a84cc34d,
e9c3d371-9f68-4611-8330-57449ae416ba,33.67,RON,Glovo ref 11131286,2026-05-18T18:45:57+00:00,7bf7bf91-9958-41e0-bb31-0f54e9f410c9,
419fd247-3059-42ee-8dc4-9be213e05833,123.39,RON,Kaufland ref 83983072,2026-05-18T19:12:57+00:00,6e36dc96-4f61-48f4-b69f-4ca617af9323,
4550111a-75a2-457e-96bc-1b8c6076245f,56.18,RON,Kaufland ref 78313344,2026-05-18T19:22:57+00:00,2eb300a6-bd34-43d9-94c9-8697b97c5ba7,
d6cb960a-d84f-49f7-a93a-dfbf8ebaed74,54.69,RON,Kaufland ref 65508428,2026-05-18T19:45:57+00:00,818e12e2-7146-4ffe-a877-ba23cf63df5b,
d5d318cf-24e6-4ffd-b5dc-037d4b71481f,129.02,RON,Carrefour ref 28703143,2026-05-18T20:02:57+00:00,0e5779ec-be1a-470f-ad83-a4c869f8d3e4,
90e71c2e-cf3a-4f78-8c7b-a6aba2ce87a4,31.63,RON,Glovo ref 84771312,2026-05-18T22:43:57+00:00,2eb300a6-bd34-43d9-94c9-8697b97c5ba7,
8688e6cd-56d7-481c-b081-f15dd59071f6,30.0,RON,Glovo ref 83613673,2026-05-18T22:43:57+00:00,d3228db7-ef32-4e3e-8fa9-f9f8a84cc34d,
83911bf4-9715-4233-97cc-7ff32c554bf4,64.98,RON,Carrefour ref 16759016,2026-05-18T23:23:57+00:00,2eb300a6-bd34-43d9-94c9-8697b97c5ba7,
8cd74c27-929a-4586-8a37-6c367d94bf10,135.99,RON,Kaufland ref 50420315,2026-05-19T01:18:57+00:00,bdd640fb-0667-4ad1-9c80-317fa3b1799d,
88a5316f-89eb-46c1-bf42-18898ca17f75,71.12,RON,Kaufland ref 66191544,2026-05-19T01:37:57+00:00,0e5779ec-be1a-470f-ad83-a4c869f8d3e4,
5c98fd57-3c35-4ce2-9656-07c0b3fdec76,53.89,RON,Glovo ref 39438509,2026-05-19T02:05:57+00:00,0e5779ec-be1a-470f-ad83-a4c869f8d3e4,
0b653f5f-74d9-4398-817a-608eff2da318,93.21,RON,Carrefour ref 82315471,2026-05-19T02:16:57+00:00,aa7898aa-95b2-468b-ac92-275a68599dc4,
1c33345d-ebc0-4f02-a233-212af5264ea2,47.86,RON,Farmacia Tei ref 73609317,2026-05-19T03:40:57+00:00,0e5779ec-be1a-470f-ad83-a4c869f8d3e4,
1bf1a566-a83c-4511-ba68-6bf14dee7b9b,88.07,RON,Lidl ref 58025083,2026-05-19T14:56:57+00:00,6e36dc96-4f61-48f4-b69f-4ca617af9323,
4310357d-ec80-4a6f-8a1d-ee98f84a9bca,35.42,RON,Glovo ref 32395401,2026-05-19T17:01:57+00:00,7bf7bf91-9958-41e0-bb31-0f54e9f410c9,
05986daa-d6f6-43e7-b5ef-7ab17ab7dba3,69.88,RON,Glovo ref 47959633,2026-05-19T18:47:57+00:00,818e12e2-7146-4ffe-a877-ba23cf63df5b,
3339f168-dfe5-4c65-b45d-dbb1ef5b3b69,15.13,RON,Mega Image ref 25633276,2026-05-19T18:50:57+00:00,d3228db7-ef32-4e3e-8fa9-f9f8a84cc34d,
798799f9-164d-42ea-bff8-e63aa87e6f47,45.46,RON,Mega Image ref 54858669,2026-05-19T19:20:57+00:00,818e12e2-7146-4ffe-a877-ba23cf63df5b,
ddea2048-4d00-4e96-aa05-3a78a2eeacc4,90.98,RON,Lidl ref 99722042,2026-05-19T19:27:57+00:00,97c83e0a-8a40-4c3e-b8e3-ae37cffa9985,
a6ed0e6b-e43a-4562-8cdf-506343c36988,55.94,RON,Glovo ref 70300178,2026-05-19T20:32:57+00:00,aa7898aa-95b2-468b-ac92-275a68599dc4,
82844c24-991b-4365-85fe-77f716fdef9e,26.82,RON,Mega Image ref 47067805,2026-05-19T22:04:57+00:00,56cc310a-2a4b-4ab3-87df-66009aa0bf74,
75707825-529f-4692-8629-5554c6003c28,113.74,RON,Lidl ref 58656813,2026-05-19T22:25:57+00:00,5588e5c9-786a-4f09-8721-a8cedc57f9c8,
eb6041f8-dbee-466a-80e4-e0b0599b3cae,44.21,RON,Glovo ref 87496616,2026-05-19T23:56:57+00:00,56cc310a-2a4b-4ab3-87df-66009aa0bf74,
6ad09369-e0d3-47c1-945d-91e17979fbb2,154.64,RON,Kaufland ref 18428667,2026-05-20T00:19:57+00:00,aa7898aa-95b2-468b-ac92-275a68599dc4,
89022ee8-a4b0-42df-b090-207374221acb,24.87,RON,Lidl ref 52148632,2026-05-20T00:59:57+00:00,d3228db7-ef32-4e3e-8fa9-f9f8a84cc34d,
ba2530b4-bf68-4608-ac28-cbbfb4070fe5,61.17,RON,Mega Image ref 66687798,2026-05-20T01:11:57+00:00,33a2f3d5-7d4c-460f-ba3e-5b7745b7b856,
38fa6094-4dbe-4fd5-af0a-5ad2a2aa7f9a,95.49,RON,Glovo ref 73959436,2026-05-20T01:17:57+00:00,33a2f3d5-7d4c-460f-ba3e-5b7745b7b856,
b436e8fb-b21e-4fab-b649-09e81e032a65,16.44,RON,Mega Image ref 28495379,2026-05-20T03:53:57+00:00,0e5779ec-be1a-470f-ad83-a4c869f8d3e4,
ab3f8d22-1d5e-4aee-8240-f59aa6388854,45.0,RON,Digi internet,2026-05-20T06:39:57+00:00,bdd640fb-0667-4ad1-9c80-317fa3b1799d,
12e29c2a-94e4-439d-a9a9-cef71b2375d0,45.0,RON,Digi internet,2026-05-20T06:39:57+00:00,0e5779ec-be1a-470f-ad83-a4c869f8d3e4,
43ef0542-6512-4fe3-810f-71df945e49c7,45.0,RON,Digi internet,2026-05-20T06:39:57+00:00,aa7898aa-95b2-468b-ac92-275a68599dc4,
9c787640-15c2-41ca-a4f9-eeff3b8e8a91,45.0,RON,Digi internet,2026-05-20T06:39:57+00:00,7bf7bf91-9958-41e0-bb31-0f54e9f410c9,
e1d4be55-1c31-4d04-83c6-835414b7a14f,45.0,RON,Digi internet,2026-05-20T06:39:57+00:00,02c27ee1-ff57-48d4-82c7-6cf491fd62b9,
0f9e5c14-262f-451d-813a-504221e373b6,45.0,RON,Digi internet,2026-05-20T06:39:57+00:00,56cc310a-2a4b-4ab3-87df-66009aa0bf74,
279b0e4f-bffa-4c0d-aba4-e4b1ba38397b,45.0,RON,Digi internet,2026-05-20T06:39:57+00:00,5588e5c9-786a-4f09-8721-a8cedc57f9c8,
362e84f3-b3e4-4f71-9784-682502348a82,45.0,RON,Digi internet,2026-05-20T06:39:57+00:00,33a2f3d5-7d4c-460f-ba3e-5b7745b7b856,
b9a27cd5-dfeb-478f-8226-0ca31a81029d,45.0,RON,Digi internet,2026-05-20T06:39:57+00:00,6e36dc96-4f61-48f4-b69f-4ca617af9323,
1dbea7d5-8cb9-4c32-b498-c16594469d05,45.0,RON,Digi internet,2026-05-20T06:39:57+00:00,2eb300a6-bd34-43d9-94c9-8697b97c5ba7,
edbbf017-54da-446d-b0f4-b3e4d267ffe4,45.0,RON,Digi internet,2026-05-20T06:39:57+00:00,818e12e2-7146-4ffe-a877-ba23cf63df5b,
51f706f8-47af-43ee-9f3d-5f8f97cbfff8,45.0,RON,Digi internet,2026-05-20T06:39:57+00:00,97c83e0a-8a40-4c3e-b8e3-ae37cffa9985,
430783fc-f638-44be-8f58-78f51776bca2,45.0,RON,Digi internet,2026-05-20T06:39:57+00:00,d3228db7-ef32-4e3e-8fa9-f9f8a84cc34d,
59048696-6df2-4d07-803f-80f1c73757e3,45.0,RON,Digi internet,2026-05-20T06:39:57+00:00,12cbffe1-d83b-42c0-8120-8703b8fbd5c6,
36ff4c9c-480a-4eaf-ac14-63c347edd5bb,45.0,RON,Digi internet,2026-05-20T06:39:57+00:00,82112000-16b4-4f2b-9dee-8ec850f886ea,
0fe9004c-8617-4299-989c-d81d497f5efa,62.29,RON,Lidl ref 82247083,2026-05-20T14:59:57+00:00,12cbffe1-d83b-42c0-8120-8703b8fbd5c6,
0a5918df-efff-4a21-974b-3c2759db3350,76.69,RON,Carrefour ref 68364034,2026-05-20T15:22:57+00:00,d3228db7-ef32-4e3e-8fa9-f9f8a84cc34d,
198640a1-45a9-47a0-b443-7813d6bfe645,77.32,RON,Lidl ref 89398528,2026-05-20T15:24:57+00:00,7bf7bf91-9958-41e0-bb31-0f54e9f410c9,
f09e64ef-8bea-4f03-a645-3b43d07e22a1,90.24,RON,Lidl ref 81841063,2026-05-20T16:30:57+00:00,aa7898aa-95b2-468b-ac92-275a68599dc4,
d4079913-643b-415a-9d96-1f99c6cd34f8,27.32,RON,Mega Image ref 72552961,2026-05-20T17:01:57+00:00,12cbffe1-d83b-42c0-8120-8703b8fbd5c6,
d4c0df28-91b5-4cb4-8331-bd0d13ba8d24,20.71,RON,Mega Image ref 42889491,2026-05-20T17:02:57+00:00,0e5779ec-be1a-470f-ad83-a4c869f8d3e4,
d85c2ff4-2000-4b10-b77a-163b0eefde0b,98.24,RON,Kaufland ref 40302080,2026-05-20T17:04:57+00:00,56cc310a-2a4b-4ab3-87df-66009aa0bf74,
785e02ee-4cac-495c-b2e2-503ab2d515d1,66.7,RON,Glovo ref 80793145,2026-05-20T17:09:57+00:00,0e5779ec-be1a-470f-ad83-a4c869f8d3e4,
6e152f71-0093-4ba0-a5a0-7e433d2dca86,66.11,RON,Kaufland ref 70297305,2026-05-20T17:41:57+00:00,aa7898aa-95b2-468b-ac92-275a68599dc4,
1d9be01e-4ba9-484e-811b-5175df668c99,60.73,RON,Kaufland ref 80089957,2026-05-20T17:49:57+00:00,818e12e2-7146-4ffe-a877-ba23cf63df5b,
b13feb72-c35e-42ca-b76d-0f78f60049b9,99.11,RON,Glovo ref 99008177,2026-05-20T18:45:57+00:00,6e36dc96-4f61-48f4-b69f-4ca617af9323,
b9567731-8a4c-4e1f-81af-eb2a62c8c3f4,87.71,RON,Farmacia Tei ref 25216804,2026-05-20T20:03:57+00:00,bdd640fb-0667-4ad1-9c80-317fa3b1799d,
03dbab84-98f5-4593-b08a-a5c126c1cd9d,58.72,RON,Glovo ref 71358114,2026-05-20T20:24:57+00:00,12cbffe1-d83b-42c0-8120-8703b8fbd5c6,
d784ac38-52bc-490d-a567-533a629b9fc9,33.11,RON,Mega Image ref 86797379,2026-05-20T20:35:57+00:00,6e36dc96-4f61-48f4-b69f-4ca617af9323,
15319346-3878-4f10-8d88-e9d38c722079,64.91,RON,Lidl ref 91140721,2026-05-20T22:16:57+00:00,d3228db7-ef32-4e3e-8fa9-f9f8a84cc34d,
de35d027-0d84-411b-96fa-f342f5a060d6,218.63,RON,OMV benzina ref 86700001,2026-05-20T22:27:57+00:00,2eb300a6-bd34-43d9-94c9-8697b97c5ba7,
478d365f-c209-4ac4-84be-71b901dfe84a,88.79,RON,Kaufland ref 27978533,2026-05-21T01:01:57+00:00,7bf7bf91-9958-41e0-bb31-0f54e9f410c9,
a02a88c9-0569-45f0-b1ec-c7cae4900fdc,58.32,RON,Lidl ref 43444859,2026-05-21T01:07:57+00:00,2eb300a6-bd34-43d9-94c9-8697b97c5ba7,
b2657984-e387-4417-b3e5-dc0bce62fa09,25.82,RON,Mega Image ref 23139784,2026-05-21T03:12:57+00:00,97c83e0a-8a40-4c3e-b8e3-ae37cffa9985,
25eac1a3-28e3-4fcd-89ff-0e7ea44be3a3,27.04,RON,Glovo ref 12974427,2026-05-21T14:58:57+00:00,d3228db7-ef32-4e3e-8fa9-f9f8a84cc34d,
d5ee2587-6c98-4d9b-af76-b6c2dd6d6b41,252.17,RON,Dedeman ref 38611881,2026-05-21T15:52:57+00:00,bdd640fb-0667-4ad1-9c80-317fa3b1799d,
a2f8758c-f351-4ee5-8a5f-050e7c928d60,328.52,RON,OMV benzina ref 52954119,2026-05-21T16:00:57+00:00,33a2f3d5-7d4c-460f-ba3e-5b7745b7b856,
54a4c4c2-32c4-41b9-a3af-74148aef2323,54.48,RON,Mega Image ref 52635336,2026-05-21T16:54:57+00:00,818e12e2-7146-4ffe-a877-ba23cf63df5b,
8eda75d9-bc41-4770-baed-b7ab965ea5d5,97.11,RON,Lidl ref 13779742,2026-05-21T19:13:57+00:00,7bf7bf91-9958-41e0-bb31-0f54e9f410c9,
3582b335-297f-41b9-a09b-562b53e7c5c4,71.61,RON,Glovo ref 67459244,2026-05-21T19:15:57+00:00,5588e5c9-786a-4f09-8721-a8cedc57f9c8,
35197f18-13d4-42e7-8122-56bad42e63d0,66.24,RON,Kaufland ref 19396508,2026-05-21T20:22:57+00:00,12cbffe1-d83b-42c0-8120-8703b8fbd5c6,
6d8363da-7419-4b05-afa1-ea72999c35a0,118.97,RON,Kaufland ref 25419427,2026-05-21T21:01:57+00:00,02c27ee1-ff57-48d4-82c7-6cf491fd62b9,
03a35aed-3344-4c51-a7f6-55fb8b8943fd,48.45,RON,Mega Image ref 33788309,2026-05-21T21:14:57+00:00,aa7898aa-95b2-468b-ac92-275a68599dc4,
24fa350e-ec70-493a-a260-f227f46a9817,107.59,RON,Kaufland ref 23259460,2026-05-21T22:24:57+00:00,7bf7bf91-9958-41e0-bb31-0f54e9f410c9,
80433a6a-acfc-4e2f-8157-fb2eb0273a8c,69.06,RON,Mega Image ref 25613416,2026-05-21T22:25:57+00:00,02c27ee1-ff57-48d4-82c7-6cf491fd62b9,
bb813d30-0a0a-4a8a-82b6-8a9ac68b113b,217.04,RON,OMV benzina ref 44616150,2026-05-21T22:27:57+00:00,56cc310a-2a4b-4ab3-87df-66009aa0bf74,
daf09b92-1da9-43c5-8798-c498499d5830,68.87,RON,Lidl ref 84136404,2026-05-21T23:52:57+00:00,aa7898aa-95b2-468b-ac92-275a68599dc4,
9d78ffe0-473b-46ec-9a26-e31700e62d31,81.94,RON,Glovo ref 39467628,2026-05-22T00:31:57+00:00,97c83e0a-8a40-4c3e-b8e3-ae37cffa9985,
6579dc22-02c8-47b6-a90c-9e5180d7f805,43.87,RON,Mega Image ref 33297540,2026-05-22T00:41:57+00:00,0e5779ec-be1a-470f-ad83-a4c869f8d3e4,
f8bca9ac-2ada-42ce-9890-99c9f2be029f,39.23,RON,Glovo ref 21052218,2026-05-22T00:51:57+00:00,bdd640fb-0667-4ad1-9c80-317fa3b1799d,
bfd95996-ee5b-4379-a13f-a67b197634e5,76.33,RON,Glovo ref 12777085,2026-05-22T00:54:57+00:00,aa7898aa-95b2-468b-ac92-275a68599dc4,
7af497d1-da17-4b37-a865-7abeda233c03,105.49,RON,Lidl ref 32803247,2026-05-22T01:10:57+00:00,5588e5c9-786a-4f09-8721-a8cedc57f9c8,
4a653e49-5c61-4b93-bf2d-32e36fa6634a,44.97,RON,Mega Image ref 44929016,2026-05-22T01:21:57+00:00,12cbffe1-d83b-42c0-8120-8703b8fbd5c6,
f91b43c6-2ac6-4f88-918c-6ab948a0e962,62.04,RON,Glovo ref 20445712,2026-05-22T01:25:57+00:00,33a2f3d5-7d4c-460f-ba3e-5b7745b7b856,
83de069c-4ed2-47d9-99db-71ede283a8a0,24.26,RON,Mega Image ref 22916816,2026-05-22T03:06:57+00:00,6e36dc96-4f61-48f4-b69f-4ca617af9323,
c1d37c44-ed96-4e81-97c0-e101bfdc68df,31.68,RON,Glovo ref 64522336,2026-05-22T03:24:57+00:00,6e36dc96-4f61-48f4-b69f-4ca617af9323,
58d40871-ca6c-47bd-a7b6-3249bfbcf007,13.11,RON,Mega Image ref 82119580,2026-05-22T03:39:57+00:00,d3228db7-ef32-4e3e-8fa9-f9f8a84cc34d,
25494054-5554-490e-9f04-2c1421136c3c,147.28,RON,Kaufland ref 98763518,2026-05-22T03:42:57+00:00,6e36dc96-4f61-48f4-b69f-4ca617af9323,
aacd93a3-55c6-4f20-92c4-51eba2b865c5,74.71,RON,Kaufland ref 93757175,2026-05-22T04:11:57+00:00,97c83e0a-8a40-4c3e-b8e3-ae37cffa9985,
b32b0c6c-2224-4b52-a9f0-b5caae7db0e6,369.66,RON,OMV benzina ref 58552187,2026-05-22T04:32:57+00:00,82112000-16b4-4f2b-9dee-8ec850f886ea,
f45ed042-06a7-4c2d-b5b3-19cb448e45cd,28.97,RON,Mega Image ref 63001888,2026-05-22T15:00:57+00:00,82112000-16b4-4f2b-9dee-8ec850f886ea,
700a4434-09bd-4a03-84ea-9da056e42b52,193.61,RON,OMV benzina ref 79391503,2026-05-22T15:31:57+00:00,5588e5c9-786a-4f09-8721-a8cedc57f9c8,
4e33db37-3142-4d81-8912-fddc0d36d15b,50.1,RON,Glovo ref 93464229,2026-05-22T15:45:57+00:00,7bf7bf91-9958-41e0-bb31-0f54e9f410c9,
1f604022-05de-40bb-b22c-c70ffa24f286,312.28,RON,OMV benzina ref 39427354,2026-05-22T15:49:57+00:00,6e36dc96-4f61-48f4-b69f-4ca617af9323,
8f84955b-051f-4dba-9611-9bc24bb33180,45.01,RON,Farmacia Tei ref 28495757,2026-05-22T15:51:57+00:00,d3228db7-ef32-4e3e-8fa9-f9f8a84cc34d,
43d8015f-0394-44d8-8a24-0d4b2f7e6184,133.19,RON,Kaufland ref 29347898,2026-05-22T16:10:57+00:00,7bf7bf91-9958-41e0-bb31-0f54e9f410c9,
9e79a6fe-6680-45e3-b63c-bc32be3e1402,45.06,RON,Glovo ref 26795114,2026-05-22T16:12:57+00:00,0e5779ec-be1a-470f-ad83-a4c869f8d3e4,
da216cf7-d897-4e9a-8b62-6ce43212a83b,34.65,RON,Mega Image ref 23213142,2026-05-22T20:10:57+00:00,02c27ee1-ff57-48d4-82c7-6cf491fd62b9,
97f33322-9323-438b-a204-38f9c2930d26,47.19,RON,Glovo ref 74718137,2026-05-22T20:24:57+00:00,56cc310a-2a4b-4ab3-87df-66009aa0bf74,
d109ffe5-13c3-4c1b-977a-80b89ae6befe,85.52,RON,Farmacia Tei ref 85067208,2026-05-22T20:50:57+00:00,0e5779ec-be1a-470f-ad83-a4c869f8d3e4,
49ed6369-ee86-4beb-83dd-1d6a18fc9899,84.36,RON,Lidl ref 58510263,2026-05-22T20:52:57+00:00,aa7898aa-95b2-468b-ac92-275a68599dc4,
eab7e3b7-1689-4bcf-8429-edf34c6f232a,174.66,RON,Kaufland ref 85642022,2026-05-22T21:31:57+00:00,6e36dc96-4f61-48f4-b69f-4ca617af9323,
1c785665-d5c6-4363-b246-d48a3f0a5c9f,97.51,RON,Lidl ref 43827053,2026-05-22T22:17:57+00:00,33a2f3d5-7d4c-460f-ba3e-5b7745b7b856,
cb51a911-2d90-44ee-8de4-833e12c0620c,28.47,RON,Mega Image ref 21746856,2026-05-22T22:24:57+00:00,bdd640fb-0667-4ad1-9c80-317fa3b1799d,
f0fbf9d5-1507-493e-b6e9-62b392027568,76.55,RON,Glovo ref 55968050,2026-05-22T22:55:57+00:00,5588e5c9-786a-4f09-8721-a8cedc57f9c8,
12767d13-f093-4776-9116-d014a5850828,119.76,RON,Kaufland ref 68416623,2026-05-22T23:32:57+00:00,bdd640fb-0667-4ad1-9c80-317fa3b1799d,
82a62da5-c798-484b-88a5-141bebb09784,89.7,RON,Carrefour ref 96839687,2026-05-23T00:31:57+00:00,12cbffe1-d83b-42c0-8120-8703b8fbd5c6,
038cabad-e352-4e10-bd7f-6154bd1177c2,103.6,RON,Farmacia Tei ref 70480887,2026-05-23T00:44:57+00:00,82112000-16b4-4f2b-9dee-8ec850f886ea,
c186a221-1030-46b7-9e4c-24ddb864a47b,89.2,RON,Carrefour ref 96090303,2026-05-23T00:46:57+00:00,bdd640fb-0667-4ad1-9c80-317fa3b1799d,
8722f1c1-0832-4c92-a286-58786f488673,132.0,RON,Carrefour ref 64828269,2026-05-23T01:34:57+00:00,33a2f3d5-7d4c-460f-ba3e-5b7745b7b856,
f492c0d2-c2ec-4c97-b7a6-beb2ed791d94,86.7,RON,Carrefour ref 97949757,2026-05-23T01:47:57+00:00,02c27ee1-ff57-48d4-82c7-6cf491fd62b9,
8b3d36ba-70cc-4d61-86bf-9d33ec756a2a,194.51,RON,Kaufland ref 61228594,2026-05-23T02:04:57+00:00,02c27ee1-ff57-48d4-82c7-6cf491fd62b9,
a6d56545-a79f-4d8c-a41e-3c70f1c70ea7,92.55,RON,Carrefour ref 25389342,2026-05-23T02:12:57+00:00,2eb300a6-bd34-43d9-94c9-8697b97c5ba7,
c45ea576-ec95-4111-b92c-22846641ba88,108.5,RON,Carrefour ref 38177866,2026-05-23T03:01:57+00:00,56cc310a-2a4b-4ab3-87df-66009aa0bf74,
af1165b2-fa9c-453c-b68d-f03e9786ef9d,13.85,RON,Mega Image ref 60702758,2026-05-23T03:05:57+00:00,2eb300a6-bd34-43d9-94c9-8697b97c5ba7,
6789e7d0-a155-4b2c-b37c-f8b563561add,72.11,RON,Glovo ref 64711545,2026-05-23T03:53:57+00:00,bdd640fb-0667-4ad1-9c80-317fa3b1799d,
71557da7-e31f-41ec-92cf-f14fae019a88,70.19,RON,Kaufland ref 83833919,2026-05-23T15:12:57+00:00,d3228db7-ef32-4e3e-8fa9-f9f8a84cc34d,
8828418d-fd87-4360-a593-837999d8dfd2,132.98,RON,Carrefour ref 25125619,2026-05-23T16:57:57+00:00,02c27ee1-ff57-48d4-82c7-6cf491fd62b9,
6f8973e1-7d47-4ca5-9067-90a006e7165f,26.01,RON,Glovo ref 28072642,2026-05-23T17:16:57+00:00,d3228db7-ef32-4e3e-8fa9-f9f8a84cc34d,
e0f74dbc-074a-488f-bb80-3cc543e34f1c,86.57,RON,Glovo ref 26419151,2026-05-23T17:29:57+00:00,82112000-16b4-4f2b-9dee-8ec850f886ea,
c3d08178-1d05-4dbf-add1-0250f713a7f8,88.29,RON,Lidl ref 46245645,2026-05-23T17:43:57+00:00,aa7898aa-95b2-468b-ac92-275a68599dc4,
bab7ce38-da5f-4051-aa15-d9a92cdaba04,154.15,RON,OMV benzina ref 31305169,2026-05-23T18:09:57+00:00,2eb300a6-bd34-43d9-94c9-8697b97c5ba7,
c1ab6398-02cf-43a8-98dc-4031363fbae9,95.49,RON,Carrefour ref 18766990,2026-05-23T18:49:57+00:00,0e5779ec-be1a-470f-ad83-a4c869f8d3e4,
346d592e-6c9c-4ebd-be86-73bf2d085b30,85.52,RON,Lidl ref 61172286,2026-05-23T19:29:57+00:00,02c27ee1-ff57-48d4-82c7-6cf491fd62b9,
5cda0385-13eb-4358-9ab9-f6621bc02912,202.03,RON,OMV benzina ref 46227990,2026-05-23T20:20:57+00:00,0e5779ec-be1a-470f-ad83-a4c869f8d3e4,
b8b06743-6a02-41e2-8d76-6247e4acda19,64.22,RON,Glovo ref 62468894,2026-05-23T20:28:57+00:00,7bf7bf91-9958-41e0-bb31-0f54e9f410c9,
26c53162-ee12-4271-af2b-03e00e5bf328,44.65,RON,Mega Image ref 32794897,2026-05-23T21:07:57+00:00,7bf7bf91-9958-41e0-bb31-0f54e9f410c9,
398944c5-4fc5-4edc-9994-5c83616b0ca8,44.94,RON,Kaufland ref 22849284,2026-05-23T21:33:57+00:00,818e12e2-7146-4ffe-a877-ba23cf63df5b,
9d4d311c-9992-466f-9de9-8057238fe648,65.41,RON,Lidl ref 61834221,2026-05-23T22:07:57+00:00,33a2f3d5-7d4c-460f-ba3e-5b7745b7b856,
c393c544-0378-4050-a599-e2e040c8f92a,94.98,RON,Kaufland ref 63817759,2026-05-23T22:12:57+00:00,33a2f3d5-7d4c-460f-ba3e-5b7745b7b856,
51f46040-bc74-4672-a674-54c8fa9b3619,50.08,RON,Kaufland ref 11872000,2026-05-23T22:45:57+00:00,2eb300a6-bd34-43d9-94c9-8697b97c5ba7,
ff5d3e07-036d-4a75-9041-23dbeb09e05a,65.78,RON,Kaufland ref 99969677,2026-05-23T23:32:57+00:00,97c83e0a-8a40-4c3e-b8e3-ae37cffa9985,
60000abb-a94c-41cb-86d8-030e4c304d14,19.02,RON,Mega Image ref 91330778,2026-05-23T23:53:57+00:00,d3228db7-ef32-4e3e-8fa9-f9f8a84cc34d,
af27966d-18c5-4a57-8775-69006a8543a7,212.76,RON,OMV benzina ref 71348078,2026-05-24T00:46:57+00:00,02c27ee1-ff57-48d4-82c7-6cf491fd62b9,
1ee6c0b9-cb8b-4cb7-a45e-83027a395524,27.77,RON,Mega Image ref 90097930,2026-05-24T00:50:57+00:00,12cbffe1-d83b-42c0-8120-8703b8fbd5c6,
24e2226c-a250-4133-b5cb-5be44b83b570,65.75,RON,Glovo ref 83245898,2026-05-24T02:04:57+00:00,bdd640fb-0667-4ad1-9c80-317fa3b1799d,
dee94590-9bb7-4369-b10b-f194acfba745,34.73,RON,Mega Image ref 37073908,2026-05-24T02:13:57+00:00,5588e5c9-786a-4f09-8721-a8cedc57f9c8,
1974f48a-4eb3-4c3f-8143-d2c56363153e,88.76,RON,Glovo ref 35791156,2026-05-24T02:20:57+00:00,6e36dc96-4f61-48f4-b69f-4ca617af9323,
795741bb-07e3-439a-a925-2745d2769c96,33.46,RON,Mega Image ref 63031203,2026-05-24T03:38:57+00:00,bdd640fb-0667-4ad1-9c80-317fa3b1799d,
af95be79-c971-4f51-8a32-bb221b2bb2ec,79.88,RON,Kaufland ref 77489633,2026-05-24T03:43:57+00:00,bdd640fb-0667-4ad1-9c80-317fa3b1799d,
3459a938-3efe-4d6b-8a64-fd8165daf73e,216.37,RON,OMV benzina ref 13009431,2026-05-24T15:11:57+00:00,5588e5c9-786a-4f09-8721-a8cedc57f9c8,
90bc850e-fa19-410d-89e4-d2f0608a20f7,37.74,RON,Mega Image ref 52036150,2026-05-24T15:32:57+00:00,02c27ee1-ff57-48d4-82c7-6cf491fd62b9,
ee4523f6-0288-42b8-97c0-94d79c8e71cd,83.46,RON,Glovo ref 12072163,2026-05-24T17:16:57+00:00,12cbffe1-d83b-42c0-8120-8703b8fbd5c6,
597fab0a-4af3-4177-9eb4-20aa5cc8fa54,179.74,RON,Kaufland ref 58326438,2026-05-24T17:30:57+00:00,12cbffe1-d83b-42c0-8120-8703b8fbd5c6,
0b49e375-e13f-4a1b-a681-b071378ca8bb,38.51,RON,Glovo ref 12157103,2026-05-24T17:42:57+00:00,818e12e2-7146-4ffe-a877-ba23cf63df5b,
19b80e9e-e6d6-47ef-8ad4-66960f06ffeb,85.65,RON,Carrefour ref 93184269,2026-05-24T17:49:57+00:00,2eb300a6-bd34-43d9-94c9-8697b97c5ba7,
57bdbf03-037c-4738-a404-7785c758e6b1,104.6,RON,Lidl ref 86692166,2026-05-24T18:11:57+00:00,6e36dc96-4f61-48f4-b69f-4ca617af9323,
91f390f4-fa06-4889-95c5-239244e831e1,155.02,RON,Kaufland ref 42257238,2026-05-24T18:19:57+00:00,0e5779ec-be1a-470f-ad83-a4c869f8d3e4,
5a299c81-7287-4e1e-9e8d-0b340241a1c8,166.78,RON,Dedeman ref 93832483,2026-05-24T18:48:57+00:00,d3228db7-ef32-4e3e-8fa9-f9f8a84cc34d,
f472ed29-d9ba-4bfb-a85f-385551c6757a,73.14,RON,Mega Image ref 36152931,2026-05-24T19:18:57+00:00,82112000-16b4-4f2b-9dee-8ec850f886ea,
4652ae28-801c-4f90-9290-1483691949e2,52.91,RON,Glovo ref 68213892,2026-05-24T19:29:57+00:00,2eb300a6-bd34-43d9-94c9-8697b97c5ba7,
a6a5f7bc-494e-4ac2-baab-d1d273de4826,55.14,RON,Lidl ref 52328575,2026-05-24T19:31:57+00:00,818e12e2-7146-4ffe-a877-ba23cf63df5b,
484b824b-c06e-4029-9b4d-5bbffb04c6b1,78.52,RON,Glovo ref 11137995,2026-05-24T19:44:57+00:00,0e5779ec-be1a-470f-ad83-a4c869f8d3e4,
12c1e7a0-845b-4956-be39-bdae50981b22,41.46,RON,Mega Image ref 41442980,2026-05-24T19:44:57+00:00,2eb300a6-bd34-43d9-94c9-8697b97c5ba7,
2dbc5f4f-9c31-430f-acad-93ec7454aee5,67.57,RON,Mega Image ref 63942184,2026-05-24T20:14:57+00:00,33a2f3d5-7d4c-460f-ba3e-5b7745b7b856,
b79efcb6-7033-4898-a9e4-5de6844aa5e0,82.42,RON,Carrefour ref 40556625,2026-05-24T20:28:57+00:00,33a2f3d5-7d4c-460f-ba3e-5b7745b7b856,
8177fdf2-811d-4b58-a64d-c8a33874fbcd,111.51,RON,Farmacia Tei ref 88481598,2026-05-24T20:43:57+00:00,82112000-16b4-4f2b-9dee-8ec850f886ea,
a100b8a2-e416-4c92-b906-a2a963e3c17a,135.41,RON,Carrefour ref 59504999,2026-05-24T21:02:57+00:00,97c83e0a-8a40-4c3e-b8e3-ae37cffa9985,
8a91919e-473e-4d62-873f-1d9100c3f267,140.44,RON,Carrefour ref 41048131,2026-05-24T21:14:57+00:00,02c27ee1-ff57-48d4-82c7-6cf491fd62b9,
0b2e0c5f-4574-4407-9dab-14c178e0b9b8,39.13,RON,Glovo ref 66374602,2026-05-24T21:49:57+00:00,33a2f3d5-7d4c-460f-ba3e-5b7745b7b856,
3e4f22ba-7eb3-4ae7-9885-048a0f57bc75,40.52,RON,Mega Image ref 14029896,2026-05-24T22:09:57+00:00,7bf7bf91-9958-41e0-bb31-0f54e9f410c9,
95df9801-b05c-4302-99ee-2c493b637216,86.47,RON,Kaufland ref 38987975,2026-05-24T22:36:57+00:00,82112000-16b4-4f2b-9dee-8ec850f886ea,
9db4a4cc-7eae-4074-93ae-5563942d0cd7,38.13,RON,Mega Image ref 71346170,2026-05-24T23:26:57+00:00,d3228db7-ef32-4e3e-8fa9-f9f8a84cc34d,
2df78554-8572-4173-a4d8-23b372e619ec,106.09,RON,Carrefour ref 35347748,2026-05-25T00:10:57+00:00,5588e5c9-786a-4f09-8721-a8cedc57f9c8,
2553ff33-298b-4a25-903d-24cffdfbc585,77.64,RON,Glovo ref 21599659,2026-05-25T00:30:57+00:00,aa7898aa-95b2-468b-ac92-275a68599dc4,
6c6536fa-c359-4852-8560-ad5ee3cbaaf7,93.32,RON,Lidl ref 73107314,2026-05-25T02:37:57+00:00,d3228db7-ef32-4e3e-8fa9-f9f8a84cc34d,
f1e7a280-8b99-4282-b075-f9afce7d765b,30.37,RON,Mega Image ref 62060463,2026-05-25T02:44:57+00:00,aa7898aa-95b2-468b-ac92-275a68599dc4,
c75861c1-c0ac-43e0-b083-807316e7d97b,55.35,RON,Carrefour ref 71938680,2026-05-25T03:08:57+00:00,7bf7bf91-9958-41e0-bb31-0f54e9f410c9,
a4a584f3-9a4d-4bc2-a996-ffb1438af48f,55.45,RON,Kaufland ref 75319238,2026-05-25T03:11:57+00:00,6e36dc96-4f61-48f4-b69f-4ca617af9323,
2fad5436-2d3d-4ee8-ac96-5dc77f4e8eeb,62.05,RON,Glovo ref 39409268,2026-05-25T03:32:57+00:00,56cc310a-2a4b-4ab3-87df-66009aa0bf74,
64e289c0-98be-4ff0-929d-af9f0149a2af,149.02,RON,OMV benzina ref 15606696,2026-05-25T04:14:57+00:00,bdd640fb-0667-4ad1-9c80-317fa3b1799d,
82628a03-be45-43f4-8a8f-c85490fdbb3e,66.02,RON,Lidl ref 61093299,2026-05-25T15:52:57+00:00,7bf7bf91-9958-41e0-bb31-0f54e9f410c9,
dac923af-00d2-4cc4-97db-3d2d3c77b9fc,80.85,RON,Lidl ref 56950805,2026-05-25T16:02:57+00:00,818e12e2-7146-4ffe-a877-ba23cf63df5b,
bfe4520d-d659-4627-bf6a-2d8182498b3e,109.93,RON,Carrefour ref 86848845,2026-05-25T20:26:57+00:00,6e36dc96-4f61-48f4-b69f-4ca617af9323,
40fea948-d2d9-4f36-8de4-4f3a06633c73,146.25,RON,OMV benzina ref 26099456,2026-05-25T21:10:57+00:00,7bf7bf91-9958-41e0-bb31-0f54e9f410c9,
5d7acc37-a12b-4c11-a545-32d1aa92f060,194.4,RON,OMV benzina ref 71532209,2026-05-25T21:31:57+00:00,97c83e0a-8a40-4c3e-b8e3-ae37cffa9985,
386e4f1e-084a-41d8-9908-5502d8af3b44,73.53,RON,Kaufland ref 70590931,2026-05-25T22:09:57+00:00,d3228db7-ef32-4e3e-8fa9-f9f8a84cc34d,
cdf0533f-15c4-43f1-bb20-664610e28a07,44.92,RON,Glovo ref 92271585,2026-05-25T22:41:57+00:00,5588e5c9-786a-4f09-8721-a8cedc57f9c8,
2ddb4e52-7de8-4daf-b213-a7e0f3df36e6,75.87,RON,Lidl ref 54474221,2026-05-25T22:53:57+00:00,6e36dc96-4f61-48f4-b69f-4ca617af9323,
ef4da4fe-7177-4418-bd7e-09e6c60c3cd4,87.24,RON,Farmacia Tei ref 43751854,2026-05-26T00:20:57+00:00,818e12e2-7146-4ffe-a877-ba23cf63df5b,
c66a5821-ceb7-42d6-808e-adf219db533e,30.22,RON,Mega Image ref 77589149,2026-05-26T00:45:57+00:00,0e5779ec-be1a-470f-ad83-a4c869f8d3e4,
da58b56e-94b9-42f5-91da-dd6133d7a9ac,100.83,RON,Lidl ref 35951933,2026-05-26T00:57:57+00:00,97c83e0a-8a40-4c3e-b8e3-ae37cffa9985,
f9bc4e90-939f-4a27-9832-295fc3f8525a,69.47,RON,Mega Image ref 20570710,2026-05-26T01:53:57+00:00,02c27ee1-ff57-48d4-82c7-6cf491fd62b9,
1f4fe0a3-eca0-424e-b418-4dc9496441d1,48.43,RON,Mega Image ref 72661490,2026-05-26T02:11:57+00:00,6e36dc96-4f61-48f4-b69f-4ca617af9323,
e567ccff-ef83-49e3-8040-7101352657bc,59.66,RON,Carrefour ref 97909930,2026-05-26T02:16:57+00:00,56cc310a-2a4b-4ab3-87df-66009aa0bf74,
c1bac834-caec-4d2d-a3a7-bc90da7f624b,81.55,RON,Kaufland ref 55658290,2026-05-26T03:19:57+00:00,aa7898aa-95b2-468b-ac92-275a68599dc4,
9143ea5b-3ba6-44cd-b80d-e17372bda61d,63.69,RON,Mega Image ref 14044985,2026-05-26T03:45:57+00:00,12cbffe1-d83b-42c0-8120-8703b8fbd5c6,
9cbca1ad-46a7-4192-98d3-fe5fcdc6f1ac,61.45,RON,Glovo ref 90065600,2026-05-26T04:13:57+00:00,818e12e2-7146-4ffe-a877-ba23cf63df5b,
a69faf42-87b4-4fd7-9d09-be4df63428c3,21.23,RON,Mega Image ref 12779541,2026-05-26T14:40:57+00:00,d3228db7-ef32-4e3e-8fa9-f9f8a84cc34d,
895654d7-1666-4c2b-853a-6494314ce4b2,73.71,RON,Glovo ref 79604493,2026-05-26T16:56:57+00:00,02c27ee1-ff57-48d4-82c7-6cf491fd62b9,
746cff4e-019c-4251-9590-65fa795581fa,49.88,RON,Mega Image ref 19180850,2026-05-26T17:14:57+00:00,7bf7bf91-9958-41e0-bb31-0f54e9f410c9,
fd75a5f3-eeaf-4a83-8044-46bfd9f48bbd,130.97,RON,Kaufland ref 17299874,2026-05-26T17:21:57+00:00,bdd640fb-0667-4ad1-9c80-317fa3b1799d,
ee409f44-c959-4659-9b59-1d884b0af1e0,33.83,RON,Farmacia Tei ref 50471259,2026-05-26T17:31:57+00:00,7bf7bf91-9958-41e0-bb31-0f54e9f410c9,
30a35f24-5fcc-438d-849e-2f138808c8fa,29.14,RON,Farmacia Tei ref 95696504,2026-05-26T17:36:57+00:00,818e12e2-7146-4ffe-a877-ba23cf63df5b,
a0725989-a1db-430f-9fb0-abc3aecbf7f1,39.27,RON,Lidl ref 36394306,2026-05-26T17:51:57+00:00,56cc310a-2a4b-4ab3-87df-66009aa0bf74,
0d43240a-8dfc-4cef-a434-6ef744c88d0d,102.1,RON,Carrefour ref 76738102,2026-05-26T18:02:57+00:00,33a2f3d5-7d4c-460f-ba3e-5b7745b7b856,
8b1035df-14fb-41b7-981c-b16f9439f63e,46.89,RON,Mega Image ref 29482232,2026-05-26T18:42:57+00:00,02c27ee1-ff57-48d4-82c7-6cf491fd62b9,
c3cd2267-d7fb-4f3a-b228-94818b97cc79,61.69,RON,Carrefour ref 59992842,2026-05-26T18:59:57+00:00,12cbffe1-d83b-42c0-8120-8703b8fbd5c6,
7ca33bbc-a54a-4c07-9c2c-107b20bceac5,39.21,RON,Glovo ref 21071555,2026-05-26T19:02:57+00:00,56cc310a-2a4b-4ab3-87df-66009aa0bf74,
3ffeddba-5ee6-4129-bedb-f11cc41244aa,31.89,RON,Carrefour ref 35678602,2026-05-26T19:03:57+00:00,2eb300a6-bd34-43d9-94c9-8697b97c5ba7,
f3c7ed5d-dfc4-4a69-8bfa-c07a550ea3bf,70.9,RON,Carrefour ref 93547209,2026-05-26T19:07:57+00:00,d3228db7-ef32-4e3e-8fa9-f9f8a84cc34d,
6bd8357f-bd59-47bb-8041-14c3a630e28b,73.49,RON,Mega Image ref 66801692,2026-05-26T20:20:57+00:00,33a2f3d5-7d4c-460f-ba3e-5b7745b7b856,
6ad43993-bce7-4f85-9bea-38f9fd743b5e,114.35,RON,Kaufland ref 99851109,2026-05-26T20:58:57+00:00,d3228db7-ef32-4e3e-8fa9-f9f8a84cc34d,
e2682c9f-3b48-4d28-b7ed-2c13f3ebe658,99.75,RON,Lidl ref 22521287,2026-05-26T21:44:57+00:00,0e5779ec-be1a-470f-ad83-a4c869f8d3e4,
a4479ae2-b5fb-4028-8d0a-d95c86157303,170.04,RON,Dedeman ref 89516192,2026-05-26T21:53:57+00:00,56cc310a-2a4b-4ab3-87df-66009aa0bf74,
391a1488-992a-4a0b-946f-c668622010bd,144.5,RON,Kaufland ref 17737798,2026-05-27T00:49:57+00:00,02c27ee1-ff57-48d4-82c7-6cf491fd62b9,
d11d6c55-efc8-4f77-887a-bf0ce79161c3,80.72,RON,Mega Image ref 18808895,2026-05-27T01:09:57+00:00,12cbffe1-d83b-42c0-8120-8703b8fbd5c6,
842c49fa-806a-49ad-b6b2-e778fe508d4d,20.69,RON,Mega Image ref 31615365,2026-05-27T01:20:57+00:00,0e5779ec-be1a-470f-ad83-a4c869f8d3e4,
a7cd13cb-abda-46b2-a0d2-b5285b6d6b7c,84.31,RON,Carrefour ref 54406060,2026-05-27T02:16:57+00:00,bdd640fb-0667-4ad1-9c80-317fa3b1799d,
db2a05e9-dc21-4d0c-bdb9-3de6618b071c,146.74,RON,Kaufland ref 81183879,2026-05-27T04:18:57+00:00,818e12e2-7146-4ffe-a877-ba23cf63df5b,
cc214b4e-f80c-4b1a-9e16-afca8c111ba4,254.92,RON,OMV benzina ref 51546065,2026-05-27T14:48:57+00:00,0e5779ec-be1a-470f-ad83-a4c869f8d3e4,
5f5e9c52-ef15-427d-aa21-ee30fcd77150,54.79,RON,Glovo ref 12297985,2026-05-27T17:39:57+00:00,aa7898aa-95b2-468b-ac92-275a68599dc4,
b18678ce-4e40-4fba-a8cf-e5899dc89e1a,63.13,RON,Lidl ref 54069864,2026-05-27T17:59:57+00:00,bdd640fb-0667-4ad1-9c80-317fa3b1799d,
1d015e72-6f4c-43d1-8148-6eb519730453,76.1,RON,Carrefour ref 89748650,2026-05-27T18:22:57+00:00,818e12e2-7146-4ffe-a877-ba23cf63df5b,
5c074653-d711-43e4-86d4-7d416fa5d3b0,129.2,RON,Dedeman ref 96011893,2026-05-27T18:29:57+00:00,bdd640fb-0667-4ad1-9c80-317fa3b1799d,
9a885b00-d2bb-4f60-83b5-f2021721197d,71.06,RON,Kaufland ref 71793548,2026-05-27T18:47:57+00:00,82112000-16b4-4f2b-9dee-8ec850f886ea,
c6305536-b677-4a11-a403-999b0a3e4918,117.48,RON,Kaufland ref 67834613,2026-05-27T19:02:57+00:00,0e5779ec-be1a-470f-ad83-a4c869f8d3e4,
d27c681c-d442-4c75-a0c1-7b2948c5b0dd,48.97,RON,Mega Image ref 89119739,2026-05-27T19:37:57+00:00,12cbffe1-d83b-42c0-8120-8703b8fbd5c6,
5d0314d8-9396-4405-87b5-c4cd11730df2,138.33,RON,Carrefour ref 31672470,2026-05-27T19:49:57+00:00,0e5779ec-be1a-470f-ad83-a4c869f8d3e4,
86452f11-c6e1-4ce9-83b5-8ade243cabb0,25.44,RON,Mega Image ref 51001566,2026-05-27T21:51:57+00:00,6e36dc96-4f61-48f4-b69f-4ca617af9323,
299cb502-7d95-4eaa-8d79-16193279cfc3,89.98,RON,Kaufland ref 11442613,2026-05-27T23:14:57+00:00,d3228db7-ef32-4e3e-8fa9-f9f8a84cc34d,
47ad3248-be37-46eb-872a-d504f4a2544d,26.38,RON,Glovo ref 34718233,2026-05-28T00:02:57+00:00,818e12e2-7146-4ffe-a877-ba23cf63df5b,
7f5da7f8-fe91-4b95-a0b6-d26591206a37,17.39,RON,Mega Image ref 30454970,2026-05-28T00:17:57+00:00,0e5779ec-be1a-470f-ad83-a4c869f8d3e4,
b690c731-0462-4857-a860-c7e4c528843a,36.5,RON,Mega Image ref 88672894,2026-05-28T00:58:57+00:00,d3228db7-ef32-4e3e-8fa9-f9f8a84cc34d,
96745e86-e94f-42d9-b6f4-dd3b2e5b80a1,39.52,RON,Kaufland ref 55945576,2026-05-28T01:04:57+00:00,7bf7bf91-9958-41e0-bb31-0f54e9f410c9,
4ea23f31-5b46-4a12-b4bd-c2c7d81a40b9,156.79,RON,Dedeman ref 59597354,2026-05-28T01:19:57+00:00,56cc310a-2a4b-4ab3-87df-66009aa0bf74,
bdedabba-4e1a-4019-8587-64879555d6a4,55.83,RON,Mega Image ref 12284070,2026-05-28T02:37:57+00:00,7bf7bf91-9958-41e0-bb31-0f54e9f410c9,
9adf2936-fb6c-4c87-b2f8-9bb4e4c5a4f8,54.09,RON,Carrefour ref 49803930,2026-05-28T03:04:57+00:00,d3228db7-ef32-4e3e-8fa9-f9f8a84cc34d,
2afed171-238a-40c0-b876-17df4e0c637f,51.9,RON,Farmacia Tei ref 83885024,2026-05-28T03:14:57+00:00,d3228db7-ef32-4e3e-8fa9-f9f8a84cc34d,
c9b7be47-8e28-4dbd-9784-e70cdce8fe99,38.72,RON,Lidl ref 51211272,2026-05-28T03:15:57+00:00,d3228db7-ef32-4e3e-8fa9-f9f8a84cc34d,
eda4ed77-dabd-464d-9c1a-9a23c682aa52,65.07,RON,Glovo ref 39583465,2026-05-28T15:14:57+00:00,818e12e2-7146-4ffe-a877-ba23cf63df5b,
94f6c67a-d009-4507-87fc-584ea1b24627,36.16,RON,Carrefour ref 78072320,2026-05-28T16:36:57+00:00,bdd640fb-0667-4ad1-9c80-317fa3b1799d,
4cd3dfc4-d17e-4ecb-9a49-192f7732c94b,43.3,RON,Glovo ref 97448980,2026-05-28T17:09:57+00:00,7bf7bf91-9958-41e0-bb31-0f54e9f410c9,
5079d01b-624b-4b88-ac1e-3c98fd2e1d55,63.77,RON,Kaufland ref 71600013,2026-05-28T17:18:57+00:00,6e36dc96-4f61-48f4-b69f-4ca617af9323,
662c04a6-14e2-4438-8fe7-4c6c3a517c33,54.49,RON,Kaufland ref 67552421,2026-05-28T17:23:57+00:00,2eb300a6-bd34-43d9-94c9-8697b97c5ba7,
fda5cb8c-f83f-43b4-a5cf-34a932be7b1f,25.49,RON,Farmacia Tei ref 70438539,2026-05-28T18:24:57+00:00,56cc310a-2a4b-4ab3-87df-66009aa0bf74,
481ac3cf-c43c-4415-97cb-34d418726b56,48.15,RON,Mega Image ref 78049415,2026-05-28T19:47:57+00:00,d3228db7-ef32-4e3e-8fa9-f9f8a84cc34d,
9ee7c59e-76ac-4ae6-b8f2-ffa7caa30b01,39.75,RON,Mega Image ref 82394272,2026-05-28T20:10:57+00:00,56cc310a-2a4b-4ab3-87df-66009aa0bf74,
699f8b05-6d8e-4aea-9269-84e7260da974,40.19,RON,Lidl ref 20354785,2026-05-28T20:41:57+00:00,33a2f3d5-7d4c-460f-ba3e-5b7745b7b856,
e567e354-8757-47c9-b691-e40a2e19418f,152.49,RON,OMV benzina ref 88250003,2026-05-28T21:45:57+00:00,2eb300a6-bd34-43d9-94c9-8697b97c5ba7,
6bd11bf2-a6eb-42c7-affc-b034cd33e10c,35.6,RON,Mega Image ref 20128603,2026-05-28T22:31:57+00:00,818e12e2-7146-4ffe-a877-ba23cf63df5b,
e893c71a-af24-4ea1-a889-5932bb2d621d,123.21,RON,Kaufland ref 16479940,2026-05-28T22:37:57+00:00,5588e5c9-786a-4f09-8721-a8cedc57f9c8,
df7d51c2-97c6-4a93-aa7f-6c01d5a3d342,251.85,RON,Dedeman ref 57730234,2026-05-28T23:45:57+00:00,33a2f3d5-7d4c-460f-ba3e-5b7745b7b856,
ee8a8f00-b923-4990-b9f8-078eb990e0e2,117.01,RON,Lidl ref 75165778,2026-05-28T23:54:57+00:00,5588e5c9-786a-4f09-8721-a8cedc57f9c8,
9597b508-5bed-4760-b129-a6a4d3c0d6c5,60.81,RON,Carrefour ref 56297922,2026-05-29T00:47:57+00:00,7bf7bf91-9958-41e0-bb31-0f54e9f410c9,
fd0f3bb9-fccf-465d-9c78-8758c0e5f034,110.41,RON,Farmacia Tei ref 79215283,2026-05-29T01:00:57+00:00,6e36dc96-4f61-48f4-b69f-4ca617af9323,
e42c0aea-23d7-463d-9391-d017dbd4a86d,16.7,RON,Mega Image ref 47663633,2026-05-29T01:17:57+00:00,bdd640fb-0667-4ad1-9c80-317fa3b1799d,
edd409d5-81a6-4083-a792-ba1d96f098dc,45.54,RON,Kaufland ref 70858127,2026-05-29T01:55:57+00:00,818e12e2-7146-4ffe-a877-ba23cf63df5b,
4e336644-c657-40ae-9bd6-7d4d7202fae5,140.01,RON,Kaufland ref 72122457,2026-05-29T02:00:57+00:00,bdd640fb-0667-4ad1-9c80-317fa3b1799d,
e06ca678-c35d-4f64-818a-f089fa7de961,97.5,RON,Kaufland ref 73520009,2026-05-29T02:28:57+00:00,0e5779ec-be1a-470f-ad83-a4c869f8d3e4,
e83608e6-910a-40c6-8948-4ebcc87f06b3,31.02,RON,Farmacia Tei ref 91184060,2026-05-29T03:06:57+00:00,33a2f3d5-7d4c-460f-ba3e-5b7745b7b856,
22c1d7a1-97c7-4839-9dd2-8b24c420c72d,42.09,RON,Mega Image ref 85351481,2026-05-29T03:45:57+00:00,aa7898aa-95b2-468b-ac92-275a68599dc4,
29045cc2-8217-4df7-b473-7695523db88e,44.38,RON,Glovo ref 46837870,2026-05-29T04:20:57+00:00,12cbffe1-d83b-42c0-8120-8703b8fbd5c6,
c052200b-64ae-4c4a-affd-fbca6a8a2a4a,37.17,RON,Mega Image ref 58848989,2026-05-29T04:35:57+00:00,97c83e0a-8a40-4c3e-b8e3-ae37cffa9985,
4d67f428-6c9e-4811-881c-eb5610df94a8,195.75,RON,OMV benzina ref 38311056,2026-05-29T14:39:57+00:00,6e36dc96-4f61-48f4-b69f-4ca617af9323,
f4804b7b-51d5-462b-9c45-cd81aadbb2fc,49.76,RON,Kaufland ref 87171497,2026-05-29T14:47:57+00:00,7bf7bf91-9958-41e0-bb31-0f54e9f410c9,
b226f24a-230d-47b8-bf97-588ef6cdd0d1,134.7,RON,Carrefour ref 99231121,2026-05-29T15:42:57+00:00,aa7898aa-95b2-468b-ac92-275a68599dc4,
921faeb1-75a7-46f0-a8a6-4ff3d2d7ac79,17.54,RON,Mega Image ref 86552166,2026-05-29T15:44:57+00:00,97c83e0a-8a40-4c3e-b8e3-ae37cffa9985,
a78eee49-215a-4290-a66f-7262daad9bb9,95.57,RON,Glovo ref 46073149,2026-05-29T16:09:57+00:00,33a2f3d5-7d4c-460f-ba3e-5b7745b7b856,
ab63f249-7fa7-4837-8ea2-cd733ac3a3dc,34.26,RON,Mega Image ref 81374982,2026-05-29T16:33:57+00:00,2eb300a6-bd34-43d9-94c9-8697b97c5ba7,
3a025983-2781-4506-addf-5727681bfbd7,80.54,RON,Glovo ref 96246614,2026-05-29T16:56:57+00:00,97c83e0a-8a40-4c3e-b8e3-ae37cffa9985,
09bb6d1a-9279-4a73-8d83-9265a2ba9024,53.58,RON,Mega Image ref 38640008,2026-05-29T17:12:57+00:00,56cc310a-2a4b-4ab3-87df-66009aa0bf74,
839e7623-c1d8-41d3-aa74-b90caf2537f5,332.64,RON,Dedeman ref 92414513,2026-05-29T18:33:57+00:00,bdd640fb-0667-4ad1-9c80-317fa3b1799d,
260ccfb4-c673-4380-a766-861778dbcde3,54.94,RON,Mega Image ref 82434236,2026-05-29T19:13:57+00:00,bdd640fb-0667-4ad1-9c80-317fa3b1799d,
dc61cc72-ce50-4223-94b0-db879d0682ba,109.77,RON,Farmacia Tei ref 24874914,2026-05-29T19:36:57+00:00,5588e5c9-786a-4f09-8721-a8cedc57f9c8,
d9905381-47d7-4573-a374-585ce23ade2b,21.15,RON,Mega Image ref 18115146,2026-05-29T19:53:57+00:00,6e36dc96-4f61-48f4-b69f-4ca617af9323,
76d492b5-c941-4c4f-9ddd-7939d98ba677,24.52,RON,Mega Image ref 42355231,2026-05-29T20:02:57+00:00,818e12e2-7146-4ffe-a877-ba23cf63df5b,
892e2973-cd65-4e9a-9b4d-6f3ebb859153,69.04,RON,Glovo ref 48323962,2026-05-29T21:13:57+00:00,7bf7bf91-9958-41e0-bb31-0f54e9f410c9,
55f3d1e7-ca60-4190-a8c2-9304da89f0cc,52.39,RON,Lidl ref 83321166,2026-05-29T21:46:57+00:00,02c27ee1-ff57-48d4-82c7-6cf491fd62b9,
dfa3c085-98e4-4330-905b-019319b55ba5,54.35,RON,Glovo ref 66378948,2026-05-29T21:50:57+00:00,12cbffe1-d83b-42c0-8120-8703b8fbd5c6,
838f47d8-a2f2-4e87-b929-3ef5e43c2c85,59.84,RON,Mega Image ref 61531526,2026-05-29T23:52:57+00:00,12cbffe1-d83b-42c0-8120-8703b8fbd5c6,
4157454a-b5e1-4c02-90ea-5fe2c3281269,97.6,RON,Carrefour ref 26008284,2026-05-30T00:19:57+00:00,82112000-16b4-4f2b-9dee-8ec850f886ea,
006dbe2d-fdca-481e-bb8b-4bb4796d19bd,92.23,RON,Carrefour ref 44294599,2026-05-30T01:31:57+00:00,2eb300a6-bd34-43d9-94c9-8697b97c5ba7,
f9401b61-a492-4990-874f-162fc909250a,76.11,RON,Mega Image ref 59003587,2026-05-30T01:52:57+00:00,82112000-16b4-4f2b-9dee-8ec850f886ea,
82aa5c46-8049-4bbf-b6f6-a77822460ac9,62.21,RON,Glovo ref 49057246,2026-05-30T03:16:57+00:00,bdd640fb-0667-4ad1-9c80-317fa3b1799d,
3496a311-5f18-40a9-90ac-a19b92fea908,37.06,RON,Mega Image ref 37423200,2026-05-30T14:47:57+00:00,5588e5c9-786a-4f09-8721-a8cedc57f9c8,
a4f56e62-d072-4355-b6cd-8f9ceccec01a,155.55,RON,Kaufland ref 81703915,2026-05-30T15:14:57+00:00,82112000-16b4-4f2b-9dee-8ec850f886ea,
256d4d11-f7bd-4499-9f48-2e7ca8cf4f62,104.0,RON,Kaufland ref 85942072,2026-05-30T16:50:57+00:00,bdd640fb-0667-4ad1-9c80-317fa3b1799d,
8663686e-ee70-4803-a32e-444cde97df42,32.31,RON,Farmacia Tei ref 22492482,2026-05-30T18:59:57+00:00,aa7898aa-95b2-468b-ac92-275a68599dc4,
c1ef8337-5fc7-4b58-8282-db589807663a,146.7,RON,OMV benzina ref 22697413,2026-05-30T19:40:57+00:00,56cc310a-2a4b-4ab3-87df-66009aa0bf74,
ffce09fe-34c9-4a64-86dd-3417b6953b26,88.87,RON,Kaufland ref 34915191,2026-05-30T19:44:57+00:00,97c83e0a-8a40-4c3e-b8e3-ae37cffa9985,
8827f1e8-ecf8-4a46-921d-3ee2f66e0ed2,114.39,RON,Glovo ref 38100070,2026-05-30T20:00:57+00:00,12cbffe1-d83b-42c0-8120-8703b8fbd5c6,
8520214b-a7a2-401e-b94b-43fb4fb3105f,133.22,RON,Carrefour ref 19372830,2026-05-30T20:22:57+00:00,5588e5c9-786a-4f09-8721-a8cedc57f9c8,
133a8490-5d21-4794-87ed-25aef9a21729,59.18,RON,Lidl ref 19985429,2026-05-30T20:33:57+00:00,aa7898aa-95b2-468b-ac92-275a68599dc4,
74c8a3a4-4fdc-4645-84ec-89bb86886817,70.52,RON,Glovo ref 77135692,2026-05-30T20:42:57+00:00,7bf7bf91-9958-41e0-bb31-0f54e9f410c9,
7657e37c-dfc8-4060-a362-95093919e3be,98.61,RON,Carrefour ref 19795032,2026-05-30T20:49:57+00:00,0e5779ec-be1a-470f-ad83-a4c869f8d3e4,
c4527d7f-5fbc-4a75-96bd-64e3f7ef37de,84.98,RON,Glovo ref 67128708,2026-05-30T21:31:57+00:00,82112000-16b4-4f2b-9dee-8ec850f886ea,
34ef2552-ab28-4d09-8af5-7e603be8a5df,24.9,RON,Glovo ref 59584751,2026-05-30T21:53:57+00:00,bdd640fb-0667-4ad1-9c80-317fa3b1799d,
f89afed7-c0f0-4402-a4d4-9e572f8e4a66,26.85,RON,Glovo ref 10353591,2026-05-30T22:15:57+00:00,d3228db7-ef32-4e3e-8fa9-f9f8a84cc34d,
a71df9ab-3047-450c-bfde-82aeb0ef0aa9,75.99,RON,Glovo ref 35788686,2026-05-31T00:25:57+00:00,5588e5c9-786a-4f09-8721-a8cedc57f9c8,
9787fb9a-3143-4e9c-be55-c568334c2e2d,245.64,RON,OMV benzina ref 23038158,2026-05-31T00:29:57+00:00,82112000-16b4-4f2b-9dee-8ec850f886ea,
02088c91-8f90-4d9d-923c-7585b32281f3,66.55,RON,Glovo ref 42858752,2026-05-31T00:42:57+00:00,0e5779ec-be1a-470f-ad83-a4c869f8d3e4,
8cc7c35b-acbe-4e4d-aa4b-771757020933,209.3,RON,OMV benzina ref 27519934,2026-05-31T00:59:57+00:00,33a2f3d5-7d4c-460f-ba3e-5b7745b7b856,
e2ce40bb-a10a-4139-8fa0-afac2c360397,49.3,RON,Glovo ref 78608711,2026-05-31T01:44:57+00:00,2eb300a6-bd34-43d9-94c9-8697b97c5ba7,
df280119-462e-440f-964d-1391a3d65474,47.8,RON,Mega Image ref 73276955,2026-05-31T03:15:57+00:00,d3228db7-ef32-4e3e-8fa9-f9f8a84cc34d,
cbaf30dc-ccdf-421b-a37c-3e706ea257c2,65.76,RON,Lidl ref 12330551,2026-05-31T14:48:57+00:00,5588e5c9-786a-4f09-8721-a8cedc57f9c8,
aef7e02d-c5c2-480a-a212-e8387a5568c9,65.23,RON,Mega Image ref 67042625,2026-05-31T15:09:57+00:00,97c83e0a-8a40-4c3e-b8e3-ae37cffa9985,
db484ee2-5588-4b91-b570-4770d6d31117,73.65,RON,Lidl ref 76305374,2026-05-31T16:59:57+00:00,818e12e2-7146-4ffe-a877-ba23cf63df5b,
66ca0baf-3310-480a-aee0-95d5c4a9d8ac,29.14,RON,Glovo ref 63277039,2026-05-31T17:25:57+00:00,0e5779ec-be1a-470f-ad83-a4c869f8d3e4,
80640864-8679-4313-a353-c97db18c69dd,206.12,RON,OMV benzina ref 97313028,2026-05-31T17:48:57+00:00,d3228db7-ef32-4e3e-8fa9-f9f8a84cc34d,
ee4e8cf1-5406-4fd1-b474-d315095afe4b,268.87,RON,OMV benzina ref 54934216,2026-05-31T17:57:57+00:00,97c83e0a-8a40-4c3e-b8e3-ae37cffa9985,
950ce835-3659-4a8c-938f-b1ef2ec01db7,52.97,RON,Lidl ref 26606352,2026-05-31T19:28:57+00:00,aa7898aa-95b2-468b-ac92-275a68599dc4,
abccd7e5-a34d-4ee8-a7a0-12f986256527,63.16,RON,Glovo ref 97154338,2026-05-31T21:06:57+00:00,56cc310a-2a4b-4ab3-87df-66009aa0bf74,
e4cbbdb8-c4be-448f-92e9-c930eeec175d,72.46,RON,Farmacia Tei ref 81012790,2026-05-31T21:15:57+00:00,7bf7bf91-9958-41e0-bb31-0f54e9f410c9,
10d35dad-e85d-4cd1-8042-0262676d9d6a,88.52,RON,Farmacia Tei ref 99635309,2026-05-31T21:42:57+00:00,33a2f3d5-7d4c-460f-ba3e-5b7745b7b856,
65971a3f-fdea-4ffb-a962-f5bd1be7e3b1,201.91,RON,Kaufland ref 31185715,2026-05-31T22:28:57+00:00,33a2f3d5-7d4c-460f-ba3e-5b7745b7b856,
7ec2addb-4490-4a9e-945f-bf9030d1bae8,180.29,RON,Kaufland ref 10573321,2026-05-31T22:51:57+00:00,82112000-16b4-4f2b-9dee-8ec850f886ea,
91378b3e-d8ab-4155-9ea5-65104aa4b837,38.99,RON,Mega Image ref 75860061,2026-05-31T23:46:57+00:00,7bf7bf91-9958-41e0-bb31-0f54e9f410c9,
d166e1b4-72d9-40c1-9a36-d3dfd5329488,116.46,RON,Glovo ref 59193931,2026-06-01T00:08:57+00:00,02c27ee1-ff57-48d4-82c7-6cf491fd62b9,
0eae9710-0f5e-4233-8f4d-caec7ec5e9f5,164.75,RON,Carrefour ref 66295376,2026-06-01T00:19:57+00:00,82112000-16b4-4f2b-9dee-8ec850f886ea,
9f79a7a5-6645-47de-b764-a45490389363,44.43,RON,Mega Image ref 51040520,2026-06-01T00:47:57+00:00,6e36dc96-4f61-48f4-b69f-4ca617af9323,
d5ba304c-4603-49ee-9463-c183a2317211,17.7,RON,Mega Image ref 79977486,2026-06-01T00:59:57+00:00,bdd640fb-0667-4ad1-9c80-317fa3b1799d,
0bb24ae4-7edb-48a2-bc51-e1ac9f49e310,56.35,RON,Glovo ref 47548677,2026-06-01T03:19:57+00:00,82112000-16b4-4f2b-9dee-8ec850f886ea,
bafa9035-b858-4a03-86a4-ef706b779bb9,21.7,RON,Glovo ref 70611696,2026-06-01T15:38:57+00:00,2eb300a6-bd34-43d9-94c9-8697b97c5ba7,
fce12a25-0804-4cea-9175-fc6351f7c017,31.34,RON,Glovo ref 38651477,2026-06-01T17:09:57+00:00,0e5779ec-be1a-470f-ad83-a4c869f8d3e4,
c346024e-4c7c-4d15-9555-9318c7d5c015,116.95,RON,Carrefour ref 50660973,2026-06-01T18:02:57+00:00,12cbffe1-d83b-42c0-8120-8703b8fbd5c6,
828648b4-44de-4376-8a53-3a1647527e22,27.64,RON,Mega Image ref 40931982,2026-06-01T18:29:57+00:00,7bf7bf91-9958-41e0-bb31-0f54e9f410c9,
c9ffb6a0-e87c-45aa-aba7-a9a4fe735f4a,50.13,RON,Lidl ref 71523026,2026-06-01T18:50:57+00:00,33a2f3d5-7d4c-460f-ba3e-5b7745b7b856,
d1366db1-5a57-4607-a7e5-46468430f0fa,58.65,RON,Mega Image ref 39917031,2026-06-01T19:03:57+00:00,bdd640fb-0667-4ad1-9c80-317fa3b1799d,
56a3734b-69f5-4e16-abe5-94e1c345f317,54.01,RON,Mega Image ref 51151905,2026-06-01T19:32:57+00:00,33a2f3d5-7d4c-460f-ba3e-5b7745b7b856,
56a38d22-d9c1-4d2c-a3f8-9f0b8f838327,125.74,RON,Farmacia Tei ref 81350805,2026-06-01T19:36:57+00:00,82112000-16b4-4f2b-9dee-8ec850f886ea,
a930e8ac-4146-433d-bd1e-70b5bc194478,63.37,RON,Glovo ref 42840854,2026-06-01T20:57:57+00:00,5588e5c9-786a-4f09-8721-a8cedc57f9c8,
78da2bfd-d414-4970-9bc1-3cfa1b3e2c12,116.45,RON,Lidl ref 17843404,2026-06-01T21:14:57+00:00,12cbffe1-d83b-42c0-8120-8703b8fbd5c6,
5c1ce21f-85e3-4dc0-9eec-d69bec6a6e8b,90.43,RON,Glovo ref 88364039,2026-06-01T21:54:57+00:00,82112000-16b4-4f2b-9dee-8ec850f886ea,
73a29e29-615c-4262-9f60-55699e3d9983,252.73,RON,Dedeman ref 48917360,2026-06-01T22:23:57+00:00,6e36dc96-4f61-48f4-b69f-4ca617af9323,
0a27facf-42a4-4a17-9de5-c82964758824,295.82,RON,OMV benzina ref 89740429,2026-06-01T23:26:57+00:00,12cbffe1-d83b-42c0-8120-8703b8fbd5c6,
0fa63364-2391-4054-9a24-23d2a29174ea,82.77,RON,Kaufland ref 17770170,2026-06-02T01:26:57+00:00,d3228db7-ef32-4e3e-8fa9-f9f8a84cc34d,
f3523250-0895-4886-9b8b-a6a7259635b2,91.63,RON,Kaufland ref 95809463,2026-06-02T01:37:57+00:00,33a2f3d5-7d4c-460f-ba3e-5b7745b7b856,
c2d29d95-62c6-4990-8dae-2efecf3b4737,158.91,RON,OMV benzina ref 13244964,2026-06-02T04:12:57+00:00,d3228db7-ef32-4e3e-8fa9-f9f8a84cc34d,
15f9979d-d0c6-44a8-8ae4-160ebe44d6d8,267.8,RON,OMV benzina ref 54415394,2026-06-02T14:59:57+00:00,12cbffe1-d83b-42c0-8120-8703b8fbd5c6,
df0ccde7-7390-4263-b653-2dbadfafc6cf,46.69,RON,Glovo ref 50042087,2026-06-02T15:56:57+00:00,0e5779ec-be1a-470f-ad83-a4c869f8d3e4,
9752df2a-d511-487f-a97f-18e1e42bc40c,53.22,RON,Glovo ref 45024099,2026-06-02T16:11:57+00:00,12cbffe1-d83b-42c0-8120-8703b8fbd5c6,
0b3564af-a12f-4dfd-b2b7-3301162ea77e,66.01,RON,Kaufland ref 99472244,2026-06-02T16:18:57+00:00,2eb300a6-bd34-43d9-94c9-8697b97c5ba7,
2fd90ce1-2676-47ca-b625-fc2047e321c2,47.44,RON,Kaufland ref 96366021,2026-06-02T16:53:57+00:00,bdd640fb-0667-4ad1-9c80-317fa3b1799d,
2b3b61b0-eb10-479d-ba5d-478cd336aae0,40.17,RON,Mega Image ref 53914897,2026-06-02T18:42:57+00:00,5588e5c9-786a-4f09-8721-a8cedc57f9c8,
11997084-230b-4490-8d53-6045bdb85b97,45.15,RON,Mega Image ref 46111036,2026-06-02T20:44:57+00:00,aa7898aa-95b2-468b-ac92-275a68599dc4,
06bae13a-818b-4792-a92f-45de90929918,114.68,RON,Kaufland ref 39228094,2026-06-02T22:24:57+00:00,6e36dc96-4f61-48f4-b69f-4ca617af9323,
2b3cca34-6191-49b7-b83e-70a7db44a6da,28.53,RON,Glovo ref 29681200,2026-06-02T23:00:57+00:00,56cc310a-2a4b-4ab3-87df-66009aa0bf74,
ec9630e2-349e-4ebb-b874-a81f7bfe7c24,20.42,RON,Mega Image ref 95879311,2026-06-02T23:04:57+00:00,d3228db7-ef32-4e3e-8fa9-f9f8a84cc34d,
2617740b-8539-427b-96ff-39030c95eaba,207.96,RON,Kaufland ref 49930872,2026-06-02T23:19:57+00:00,82112000-16b4-4f2b-9dee-8ec850f886ea,
6dd96ec9-4e4e-4ebf-a428-0da5e6d46bad,65.67,RON,Mega Image ref 70640795,2026-06-02T23:21:57+00:00,97c83e0a-8a40-4c3e-b8e3-ae37cffa9985,
5c72e5ca-cf3b-4e13-b81f-018a0ae2e88e,148.35,RON,OMV benzina ref 74018781,2026-06-02T23:39:57+00:00,aa7898aa-95b2-468b-ac92-275a68599dc4,
54899c37-cfa9-426b-aa24-1f463af7fa21,88.64,RON,Lidl ref 98732634,2026-06-03T00:24:57+00:00,bdd640fb-0667-4ad1-9c80-317fa3b1799d,
7dddf3dc-ba13-46b5-be54-b9d833057245,30.16,RON,Glovo ref 32347212,2026-06-03T03:39:57+00:00,7bf7bf91-9958-41e0-bb31-0f54e9f410c9,
2d15420b-a2bc-4715-8087-be6a4514c416,283.73,RON,OMV benzina ref 66763408,2026-06-03T03:40:57+00:00,0e5779ec-be1a-470f-ad83-a4c869f8d3e4,
4d3428e7-a2ce-4d90-9c4c-e5942e662c1b,123.17,RON,Carrefour ref 51713791,2026-06-03T03:49:57+00:00,818e12e2-7146-4ffe-a877-ba23cf63df5b,
605ba454-7e77-4a81-9a65-97eac9d67ae0,62.52,RON,Lidl ref 84386699,2026-06-03T03:58:57+00:00,97c83e0a-8a40-4c3e-b8e3-ae37cffa9985,
4879818f-e1a3-4e4f-ab40-04c2a9464c34,79.59,RON,Glovo ref 37206121,2026-06-03T04:03:57+00:00,97c83e0a-8a40-4c3e-b8e3-ae37cffa9985,
be6826d2-4aac-4fb6-8b14-5c963fa8a0e3,50.91,RON,Glovo ref 60587113,2026-06-03T14:40:57+00:00,7bf7bf91-9958-41e0-bb31-0f54e9f410c9,
4c01f701-c0d0-4553-b69f-239b578e911f,150.82,RON,Kaufland ref 67516899,2026-06-03T14:44:57+00:00,0e5779ec-be1a-470f-ad83-a4c869f8d3e4,
0a086989-833c-4f55-a129-8fa2227d4660,104.82,RON,Kaufland ref 31626387,2026-06-03T14:47:57+00:00,bdd640fb-0667-4ad1-9c80-317fa3b1799d,
021a597e-f918-4e8c-8f8d-570cd086fb3a,26.45,RON,Mega Image ref 74905660,2026-06-03T15:43:57+00:00,6e36dc96-4f61-48f4-b69f-4ca617af9323,
39450406-74ef-4537-9651-b50b24485b05,125.18,RON,Kaufland ref 94204530,2026-06-03T16:37:57+00:00,97c83e0a-8a40-4c3e-b8e3-ae37cffa9985,
f8205aa7-996f-4e88-a7cb-fc39f54f1b92,56.29,RON,Mega Image ref 79342339,2026-06-03T16:55:57+00:00,bdd640fb-0667-4ad1-9c80-317fa3b1799d,
b445b8be-4454-4a12-b923-8feed03a1858,43.63,RON,Mega Image ref 12591659,2026-06-03T17:11:57+00:00,d3228db7-ef32-4e3e-8fa9-f9f8a84cc34d,
089f0c8b-7208-434b-86aa-2661885b7b32,187.49,RON,Kaufland ref 16215431,2026-06-03T19:10:57+00:00,82112000-16b4-4f2b-9dee-8ec850f886ea,
f730e52e-2922-4cb0-88aa-e0c8b05731fd,66.71,RON,Lidl ref 81874437,2026-06-03T20:05:57+00:00,0e5779ec-be1a-470f-ad83-a4c869f8d3e4,
26887c6a-cf66-4afa-8473-4418f39b0efa,186.99,RON,OMV benzina ref 35613337,2026-06-03T21:21:57+00:00,82112000-16b4-4f2b-9dee-8ec850f886ea,
9a431344-8f30-4cbb-843a-0895fc8258b2,61.66,RON,Glovo ref 81232268,2026-06-03T22:50:57+00:00,5588e5c9-786a-4f09-8721-a8cedc57f9c8,
e3d16f2c-5f1c-45cc-9e25-1bea8ab620cb,22.95,RON,Mega Image ref 69869942,2026-06-03T23:34:57+00:00,12cbffe1-d83b-42c0-8120-8703b8fbd5c6,
b0e8db62-fbd1-45ff-8d6f-0c9838c81b7c,32.07,RON,Mega Image ref 62213041,2026-06-04T01:23:57+00:00,02c27ee1-ff57-48d4-82c7-6cf491fd62b9,
ee127315-976a-4c82-a664-35d677e5ca82,73.87,RON,Glovo ref 75928652,2026-06-04T01:56:57+00:00,818e12e2-7146-4ffe-a877-ba23cf63df5b,
e8e7b53e-b7bd-4623-a621-57ac3c47bcc5,98.74,RON,Glovo ref 39984206,2026-06-04T02:02:57+00:00,6e36dc96-4f61-48f4-b69f-4ca617af9323,
72fefdc2-3772-4a97-95f3-9d39f27f3ad7,58.24,RON,Glovo ref 48044635,2026-06-04T02:25:57+00:00,bdd640fb-0667-4ad1-9c80-317fa3b1799d,
d27a1a33-f511-4f36-bce4-808b2b5bce12,85.08,RON,Carrefour ref 27000208,2026-06-04T02:40:57+00:00,aa7898aa-95b2-468b-ac92-275a68599dc4,
fdb94388-6d0f-4812-93ad-147a7fe5339c,172.92,RON,Kaufland ref 11740542,2026-06-04T02:52:57+00:00,02c27ee1-ff57-48d4-82c7-6cf491fd62b9,
9dd3c15a-9417-40f5-aaff-96ffb9046b52,101.56,RON,Carrefour ref 20443308,2026-06-04T03:36:57+00:00,0e5779ec-be1a-470f-ad83-a4c869f8d3e4,
ffd04fa6-9170-4854-8734-817fc4a360a6,96.26,RON,Kaufland ref 86737279,2026-06-04T14:39:57+00:00,7bf7bf91-9958-41e0-bb31-0f54e9f410c9,
63b71717-37bd-4cbc-ab86-6098444d1597,108.41,RON,Farmacia Tei ref 99316803,2026-06-04T15:28:57+00:00,82112000-16b4-4f2b-9dee-8ec850f886ea,
db1a8e44-f477-4614-9463-9e5705ecad50,55.87,RON,Lidl ref 10355692,2026-06-04T18:46:57+00:00,7bf7bf91-9958-41e0-bb31-0f54e9f410c9,
63a4d7cd-88d8-4e79-9b08-4704830b230d,41.38,RON,Glovo ref 19510324,2026-06-04T19:28:57+00:00,2eb300a6-bd34-43d9-94c9-8697b97c5ba7,
4eb18194-ad9f-4325-8eb1-ed2a78bf52ff,93.54,RON,Glovo ref 99183792,2026-06-04T21:26:57+00:00,6e36dc96-4f61-48f4-b69f-4ca617af9323,
0404ed5e-174e-4248-9a27-f919bd033fda,33.7,RON,Carrefour ref 30081256,2026-06-04T21:52:57+00:00,56cc310a-2a4b-4ab3-87df-66009aa0bf74,
c9a03f87-ed54-4edb-a9c0-4900c1fcc794,23.04,RON,Mega Image ref 76413269,2026-06-04T22:36:57+00:00,97c83e0a-8a40-4c3e-b8e3-ae37cffa9985,
ac87ae14-f850-4ae9-8ac1-9d2e1d15571c,30.26,RON,Farmacia Tei ref 52467541,2026-06-04T22:38:57+00:00,0e5779ec-be1a-470f-ad83-a4c869f8d3e4,
2184e019-b3a7-451e-9440-e27651b18976,67.22,RON,Glovo ref 50186080,2026-06-04T22:45:57+00:00,d3228db7-ef32-4e3e-8fa9-f9f8a84cc34d,
c75891e8-6f7b-49f7-9cbf-4a556a2d96e1,26.29,RON,Mega Image ref 48385817,2026-06-04T23:15:57+00:00,56cc310a-2a4b-4ab3-87df-66009aa0bf74,
0f32fb39-3ce7-4807-8c2d-23a97e1e7e84,26.49,RON,Mega Image ref 35172528,2026-06-04T23:35:57+00:00,aa7898aa-95b2-468b-ac92-275a68599dc4,
6f019201-7649-4a5a-9c26-488fc7e4e4a1,69.08,RON,Mega Image ref 25806679,2026-06-05T00:22:57+00:00,12cbffe1-d83b-42c0-8120-8703b8fbd5c6,
2aefcf3b-43b7-40ef-82c4-1c54a8debd88,48.99,RON,Mega Image ref 93646063,2026-06-05T00:31:57+00:00,bdd640fb-0667-4ad1-9c80-317fa3b1799d,
85c2a6fb-1527-4a55-bd43-78db94d03ad7,179.1,RON,OMV benzina ref 21922763,2026-06-05T01:13:57+00:00,d3228db7-ef32-4e3e-8fa9-f9f8a84cc34d,
f6e4c520-ca13-4eec-b656-b6eb29e5039b,139.85,RON,Carrefour ref 53372139,2026-06-05T01:43:57+00:00,33a2f3d5-7d4c-460f-ba3e-5b7745b7b856,
99f3d11d-29d0-4b45-ac2c-96e779e9a90b,103.98,RON,Glovo ref 42570966,2026-06-05T02:17:57+00:00,02c27ee1-ff57-48d4-82c7-6cf491fd62b9,
043d72db-1bcb-404c-a1d8-b96a62ada157,6750.29,RON,Salariu,2026-06-05T06:39:57+00:00,,bdd640fb-0667-4ad1-9c80-317fa3b1799d
e8ca7483-dc0e-4375-85d0-691c33cd1d56,24.99,RON,Spotify,2026-06-05T06:39:57+00:00,bdd640fb-0667-4ad1-9c80-317fa3b1799d,
f17daa26-7357-4500-bcfd-348c00f0f7fe,12351.06,RON,Salariu,2026-06-05T06:39:57+00:00,,0e5779ec-be1a-470f-ad83-a4c869f8d3e4
a261078d-202f-40a8-9b75-dadad51f6de1,24.99,RON,Spotify,2026-06-05T06:39:57+00:00,0e5779ec-be1a-470f-ad83-a4c869f8d3e4,
973cb616-f945-4fd4-a78e-a95f22deb12c,5381.4,RON,Salariu,2026-06-05T06:39:57+00:00,,aa7898aa-95b2-468b-ac92-275a68599dc4
49a4443e-940d-4bcc-a926-aa56695ae210,24.99,RON,Spotify,2026-06-05T06:39:57+00:00,aa7898aa-95b2-468b-ac92-275a68599dc4,
74ed53ce-ef0e-4fd3-b398-39aa7e95b992,5648.15,RON,Salariu,2026-06-05T06:39:57+00:00,,7bf7bf91-9958-41e0-bb31-0f54e9f410c9
ac5a61d3-94fc-4275-94e8-45bcbdfe7f18,24.99,RON,Spotify,2026-06-05T06:39:57+00:00,7bf7bf91-9958-41e0-bb31-0f54e9f410c9,
577cb0ac-3993-48f9-80e6-d3de55397a02,5655.08,RON,Salariu,2026-06-05T06:39:57+00:00,,02c27ee1-ff57-48d4-82c7-6cf491fd62b9
f7ba4319-e75f-49d8-abcd-1399b1e155ce,24.99,RON,Spotify,2026-06-05T06:39:57+00:00,02c27ee1-ff57-48d4-82c7-6cf491fd62b9,
77bdfe70-f1e5-4ccf-8e81-9acfbc7e3e70,6060.09,RON,Salariu,2026-06-05T06:39:57+00:00,,56cc310a-2a4b-4ab3-87df-66009aa0bf74
abe62d42-6152-4861-b43a-e913f0a4cc8d,24.99,RON,Spotify,2026-06-05T06:39:57+00:00,56cc310a-2a4b-4ab3-87df-66009aa0bf74,
b34cd20f-b4f5-40bd-bfc7-a53311354e88,8327.13,RON,Salariu,2026-06-05T06:39:57+00:00,,5588e5c9-786a-4f09-8721-a8cedc57f9c8
d611eab8-5045-4270-86bb-7fc7957f8096,24.99,RON,Spotify,2026-06-05T06:39:57+00:00,5588e5c9-786a-4f09-8721-a8cedc57f9c8,
2a291267-eabb-4b14-972c-ad7ac8d7fee6,10719.62,RON,Salariu,2026-06-05T06:39:57+00:00,,33a2f3d5-7d4c-460f-ba3e-5b7745b7b856
ce4a7324-0cbb-4bb9-ba79-5543c34052fa,24.99,RON,Spotify,2026-06-05T06:39:57+00:00,33a2f3d5-7d4c-460f-ba3e-5b7745b7b856,
9a876b6d-1cac-4298-9d4e-3eb77cdc65cd,9195.15,RON,Salariu,2026-06-05T06:39:57+00:00,,6e36dc96-4f61-48f4-b69f-4ca617af9323
b7b381ee-ce9d-4169-86ec-eb41fefaa8cf,24.99,RON,Spotify,2026-06-05T06:39:57+00:00,6e36dc96-4f61-48f4-b69f-4ca617af9323,
418f4f92-e593-4ad7-8121-1a0d47e18d23,4272.19,RON,Salariu,2026-06-05T06:39:57+00:00,,2eb300a6-bd34-43d9-94c9-8697b97c5ba7
709f76cb-5eb0-4aaf-9399-f92c0e45cc6c,24.99,RON,Spotify,2026-06-05T06:39:57+00:00,2eb300a6-bd34-43d9-94c9-8697b97c5ba7,
5de88ea2-ccff-437a-b99f-225fd5f5c973,11834.0,RON,Salariu,2026-06-05T06:39:57+00:00,,818e12e2-7146-4ffe-a877-ba23cf63df5b
016d6695-771e-4708-a665-3bd7bda5428b,24.99,RON,Spotify,2026-06-05T06:39:57+00:00,818e12e2-7146-4ffe-a877-ba23cf63df5b,
69472226-6eb7-4bb2-b2c4-5cce75a437c5,7310.52,RON,Salariu,2026-06-05T06:39:57+00:00,,97c83e0a-8a40-4c3e-b8e3-ae37cffa9985
be4986c4-cd3f-477c-b160-db285a46389d,24.99,RON,Spotify,2026-06-05T06:39:57+00:00,97c83e0a-8a40-4c3e-b8e3-ae37cffa9985,
e39c36c5-027f-4518-9c3c-20787eed6da9,4764.6,RON,Salariu,2026-06-05T06:39:57+00:00,,d3228db7-ef32-4e3e-8fa9-f9f8a84cc34d
1c61a6fe-ede7-4846-8059-0b48062dc7b4,24.99,RON,Spotify,2026-06-05T06:39:57+00:00,d3228db7-ef32-4e3e-8fa9-f9f8a84cc34d,
deb292f4-8800-4872-b86b-8a563a2e80a5,13610.85,RON,Salariu,2026-06-05T06:39:57+00:00,,12cbffe1-d83b-42c0-8120-8703b8fbd5c6
f758682d-7db2-45a3-82fa-e4523c5f9f3b,24.99,RON,Spotify,2026-06-05T06:39:57+00:00,12cbffe1-d83b-42c0-8120-8703b8fbd5c6,
7d2f56b7-e299-4138-9065-2184007f99fe,11396.61,RON,Salariu,2026-06-05T06:39:57+00:00,,82112000-16b4-4f2b-9dee-8ec850f886ea
d1ca8fd4-c8ee-49eb-8766-1cc1565a5ed4,24.99,RON,Spotify,2026-06-05T06:39:57+00:00,82112000-16b4-4f2b-9dee-8ec850f886ea,
bb208ada-e03b-4eb4-915f-667de24298b9,65.44,RON,Farmacia Tei ref 14590942,2026-06-05T14:54:57+00:00,12cbffe1-d83b-42c0-8120-8703b8fbd5c6,
c8ab96ac-e0b4-459a-89fe-4cdd998d65ba,35.25,RON,Mega Image ref 92510102,2026-06-05T15:50:57+00:00,bdd640fb-0667-4ad1-9c80-317fa3b1799d,
2f3214c2-939d-4b61-a0d1-20aeb0f908d2,97.83,RON,Carrefour ref 43948523,2026-06-05T16:04:57+00:00,aa7898aa-95b2-468b-ac92-275a68599dc4,
d053d7f4-5ec9-4fdc-83ad-d1a4f481b9cb,80.19,RON,Glovo ref 87421674,2026-06-05T17:51:57+00:00,0e5779ec-be1a-470f-ad83-a4c869f8d3e4,
912f5de4-e778-4429-9c96-2f621c9318ef,68.66,RON,Farmacia Tei ref 84525122,2026-06-05T17:55:57+00:00,818e12e2-7146-4ffe-a877-ba23cf63df5b,
054a7537-94f8-4d94-8217-a0b9a7e88bd4,95.3,RON,Carrefour ref 67360475,2026-06-05T18:23:57+00:00,d3228db7-ef32-4e3e-8fa9-f9f8a84cc34d,
2a8598d1-c63e-4e47-8bcc-4e8db24a4a6d,62.62,RON,Mega Image ref 66395082,2026-06-05T18:26:57+00:00,0e5779ec-be1a-470f-ad83-a4c869f8d3e4,
b69fed2a-f258-4ad7-9c2a-7b24651bc6e4,62.52,RON,Mega Image ref 31178898,2026-06-05T18:40:57+00:00,97c83e0a-8a40-4c3e-b8e3-ae37cffa9985,
c7d059ba-38f1-443d-8a77-2a53153bacff,103.11,RON,Kaufland ref 32968631,2026-06-05T19:10:57+00:00,2eb300a6-bd34-43d9-94c9-8697b97c5ba7,
4c351a79-c6c3-4961-b148-6d74401c78df,63.24,RON,Glovo ref 89518508,2026-06-05T20:39:57+00:00,82112000-16b4-4f2b-9dee-8ec850f886ea,
6958589e-883f-4857-9113-3e4d0d58e938,61.66,RON,Glovo ref 96898212,2026-06-05T20:46:57+00:00,12cbffe1-d83b-42c0-8120-8703b8fbd5c6,
5e73688b-a5ad-4325-926c-610b1e1012e2,172.64,RON,Carrefour ref 76400084,2026-06-05T23:42:57+00:00,6e36dc96-4f61-48f4-b69f-4ca617af9323,
ad51c193-958f-427a-85c2-eb4ef7f33337,39.78,RON,Farmacia Tei ref 98720260,2026-06-05T23:43:57+00:00,2eb300a6-bd34-43d9-94c9-8697b97c5ba7,
8d4483d3-f22d-449d-be74-7ac70ca87105,186.57,RON,OMV benzina ref 97502872,2026-06-05T23:47:57+00:00,d3228db7-ef32-4e3e-8fa9-f9f8a84cc34d,
753e7a37-7eb8-4108-b5a5-1dbe9a64767c,76.15,RON,Glovo ref 27971613,2026-06-06T00:54:57+00:00,33a2f3d5-7d4c-460f-ba3e-5b7745b7b856,
18b2d53a-d854-4e2b-b3ba-b5b811871535,332.25,RON,Dedeman ref 64493635,2026-06-06T01:10:57+00:00,12cbffe1-d83b-42c0-8120-8703b8fbd5c6,
1428c8cc-f02e-4f11-8952-940960d29cbb,45.97,RON,Mega Image ref 85362499,2026-06-06T04:03:57+00:00,d3228db7-ef32-4e3e-8fa9-f9f8a84cc34d,
da939145-e0fc-4819-a044-911afa716cac,69.92,RON,Kaufland ref 30966286,2026-06-06T16:02:57+00:00,5588e5c9-786a-4f09-8721-a8cedc57f9c8,
c3b62dd3-58be-4c1d-afff-9235995faf9e,113.79,RON,Carrefour ref 75507352,2026-06-06T16:11:57+00:00,5588e5c9-786a-4f09-8721-a8cedc57f9c8,
c1f72659-5ff7-4ea7-82e3-47c5458434d7,38.09,RON,Glovo ref 57317264,2026-06-06T16:13:57+00:00,d3228db7-ef32-4e3e-8fa9-f9f8a84cc34d,
b79ccfc9-35cf-4e16-a6df-d69300b8a88f,77.07,RON,Glovo ref 87118114,2026-06-06T17:56:57+00:00,aa7898aa-95b2-468b-ac92-275a68599dc4,
899f3617-77db-4364-9230-dff1f96e319f,51.37,RON,Glovo ref 60158150,2026-06-06T18:39:57+00:00,818e12e2-7146-4ffe-a877-ba23cf63df5b,
faf5eb30-3a30-44b2-8566-58319bfd3981,59.43,RON,Mega Image ref 29163500,2026-06-06T19:19:57+00:00,818e12e2-7146-4ffe-a877-ba23cf63df5b,
45b75b82-cf08-4740-b01d-2fe41b186be4,89.02,RON,Mega Image ref 55905919,2026-06-06T20:28:57+00:00,02c27ee1-ff57-48d4-82c7-6cf491fd62b9,
d72cbe87-b951-4832-ad80-dafddebd3e79,48.14,RON,Lidl ref 64117511,2026-06-06T20:58:57+00:00,6e36dc96-4f61-48f4-b69f-4ca617af9323,
7e12ff9b-ac4b-492f-bd32-135738720ab1,97.88,RON,Kaufland ref 49072946,2026-06-06T21:12:57+00:00,818e12e2-7146-4ffe-a877-ba23cf63df5b,
76feaf15-a80d-46f9-b596-ad224d1bd6ff,52.77,RON,Mega Image ref 41058595,2026-06-06T22:06:57+00:00,12cbffe1-d83b-42c0-8120-8703b8fbd5c6,
d403fd02-5a2a-43bd-9a0a-e917690f1c3c,109.07,RON,Lidl ref 65573350,2026-06-06T22:20:57+00:00,0e5779ec-be1a-470f-ad83-a4c869f8d3e4,
11faac50-173f-4ed4-9b73-041438da55d2,256.58,RON,OMV benzina ref 10995926,2026-06-06T22:45:57+00:00,818e12e2-7146-4ffe-a877-ba23cf63df5b,
ac1cbff7-4cd6-41a0-b17f-07df7bb89f64,287.6,RON,OMV benzina ref 35647964,2026-06-06T22:47:57+00:00,12cbffe1-d83b-42c0-8120-8703b8fbd5c6,
f9e5cbb0-3537-4547-b13e-d7a3bf6f2874,171.94,RON,OMV benzina ref 13074304,2026-06-06T23:12:57+00:00,56cc310a-2a4b-4ab3-87df-66009aa0bf74,
12736fbc-38b6-4425-a689-d65997028b92,38.24,RON,Mega Image ref 29823545,2026-06-06T23:12:57+00:00,d3228db7-ef32-4e3e-8fa9-f9f8a84cc34d,
6c691110-63ef-429a-8d47-0a5bb2e1a5f1,112.62,RON,OMV benzina ref 17501884,2026-06-06T23:40:57+00:00,2eb300a6-bd34-43d9-94c9-8697b97c5ba7,
1117c3a0-e0cf-454c-a16d-fe378ec23f07,361.77,RON,OMV benzina ref 53308203,2026-06-07T00:23:57+00:00,02c27ee1-ff57-48d4-82c7-6cf491fd62b9,
9a6bd971-088b-4fee-9fb4-2240948bf086,11.77,RON,Mega Image ref 22890030,2026-06-07T01:04:57+00:00,56cc310a-2a4b-4ab3-87df-66009aa0bf74,
127ba660-bb33-4cf7-8beb-a1debeb07722,24.43,RON,Mega Image ref 43553891,2026-06-07T01:41:57+00:00,aa7898aa-95b2-468b-ac92-275a68599dc4,
36bd5f09-9074-4bea-8495-34f773b76c57,64.3,RON,Kaufland ref 77778896,2026-06-07T01:52:57+00:00,56cc310a-2a4b-4ab3-87df-66009aa0bf74,
739a9784-cd07-4b85-be7a-e3001437acd8,58.84,RON,Glovo ref 63203489,2026-06-07T02:16:57+00:00,82112000-16b4-4f2b-9dee-8ec850f886ea,
0b1ec578-dff4-4c51-9ed1-0e7f6bb1f2bc,75.72,RON,Lidl ref 80067590,2026-06-07T03:22:57+00:00,bdd640fb-0667-4ad1-9c80-317fa3b1799d,
986f51f1-940a-4173-869a-712512b66aa9,57.28,RON,Mega Image ref 95406065,2026-06-07T15:58:57+00:00,97c83e0a-8a40-4c3e-b8e3-ae37cffa9985,
b1bdd56a-5e8f-4079-a550-a4d18e27e044,139.11,RON,OMV benzina ref 91084829,2026-06-07T15:59:57+00:00,7bf7bf91-9958-41e0-bb31-0f54e9f410c9,
eeb81b7d-9dc3-4d41-8434-86c3a64dcc1d,127.76,RON,Carrefour ref 22031000,2026-06-07T16:30:57+00:00,0e5779ec-be1a-470f-ad83-a4c869f8d3e4,
edf83de2-151d-492c-b217-6085f3fddabb,17.06,RON,Mega Image ref 42791876,2026-06-07T16:35:57+00:00,7bf7bf91-9958-41e0-bb31-0f54e9f410c9,
343d3d8a-6cde-474e-8c4e-228e238f8cb4,178.11,RON,Carrefour ref 74927872,2026-06-07T17:02:57+00:00,82112000-16b4-4f2b-9dee-8ec850f886ea,
adbb1a57-ec6c-464e-83af-b325cf18c78e,93.5,RON,Glovo ref 94645722,2026-06-07T19:17:57+00:00,82112000-16b4-4f2b-9dee-8ec850f886ea,
3e36ca82-bcc7-40c0-92f8-4981d6775b8e,26.68,RON,Mega Image ref 83504691,2026-06-07T20:49:57+00:00,12cbffe1-d83b-42c0-8120-8703b8fbd5c6,
b165468a-e826-4352-9b60-20f262544892,35.22,RON,Glovo ref 56501127,2026-06-07T20:59:57+00:00,2eb300a6-bd34-43d9-94c9-8697b97c5ba7,
e1f61e9f-99dc-4f9f-8a76-d5297bcafdde,185.6,RON,OMV benzina ref 45929474,2026-06-07T21:45:57+00:00,d3228db7-ef32-4e3e-8fa9-f9f8a84cc34d,
1763be41-4786-4f3d-b07f-79b0a14e4b5f,37.15,RON,Glovo ref 58730067,2026-06-07T22:11:57+00:00,56cc310a-2a4b-4ab3-87df-66009aa0bf74,
b044db1b-a8db-49a1-9857-ec6048f79726,107.57,RON,Kaufland ref 61212562,2026-06-07T23:49:57+00:00,0e5779ec-be1a-470f-ad83-a4c869f8d3e4,
a4452061-c23e-46ef-a4ac-36be7d76b497,286.23,RON,OMV benzina ref 66843764,2026-06-08T00:22:57+00:00,5588e5c9-786a-4f09-8721-a8cedc57f9c8,
38181f7a-af2e-4558-86ff-19b383da50ff,88.73,RON,Lidl ref 89119532,2026-06-08T00:31:57+00:00,7bf7bf91-9958-41e0-bb31-0f54e9f410c9,
e393a76d-1147-4bbb-90c3-29a6a087ce20,95.58,RON,Carrefour ref 71675915,2026-06-08T00:40:57+00:00,6e36dc96-4f61-48f4-b69f-4ca617af9323,
60f41905-693f-4bc7-ba2d-0e68533a83b3,19.21,RON,Mega Image ref 59493703,2026-06-08T01:29:57+00:00,aa7898aa-95b2-468b-ac92-275a68599dc4,
b23b0c42-1f1b-4f72-898d-fa47cfa41ffa,93.06,RON,Glovo ref 64467710,2026-06-08T01:50:57+00:00,02c27ee1-ff57-48d4-82c7-6cf491fd62b9,
5887f859-d7a1-487b-b728-7f1393724554,106.68,RON,Kaufland ref 84460057,2026-06-08T02:13:57+00:00,2eb300a6-bd34-43d9-94c9-8697b97c5ba7,
7b3e8c81-4e02-4c8a-8dde-ca83ce82f8a0,39.47,RON,Mega Image ref 16845232,2026-06-08T02:38:57+00:00,2eb300a6-bd34-43d9-94c9-8697b97c5ba7,
a2eee353-a2e3-4cff-8307-2a7f2125845f,64.51,RON,Glovo ref 70991067,2026-06-08T04:36:57+00:00,33a2f3d5-7d4c-460f-ba3e-5b7745b7b856,
cdd4d7b4-e56c-45cb-93b3-b628169e5383,148.82,RON,OMV benzina ref 71283401,2026-06-08T04:38:57+00:00,2eb300a6-bd34-43d9-94c9-8697b97c5ba7,
6af0501c-c3a3-44d2-a4cc-cf0959c88514,249.97,RON,OMV benzina ref 25551778,2026-06-08T14:53:57+00:00,97c83e0a-8a40-4c3e-b8e3-ae37cffa9985,
bf1c67c6-0338-4c8a-8c4e-7e58a9e32c17,92.26,RON,Carrefour ref 39737286,2026-06-08T17:45:57+00:00,5588e5c9-786a-4f09-8721-a8cedc57f9c8,
505f1c4d-1804-43a0-bbd7-5053517eaaa6,130.57,RON,Lidl ref 43781142,2026-06-08T18:25:57+00:00,02c27ee1-ff57-48d4-82c7-6cf491fd62b9,
5404465a-c7f4-4955-8865-3f9f0a4fb3a8,41.13,RON,Farmacia Tei ref 99858138,2026-06-08T18:31:57+00:00,97c83e0a-8a40-4c3e-b8e3-ae37cffa9985,
52eddbdb-3415-43df-9cee-cd7b11838d86,51.73,RON,Mega Image ref 11615752,2026-06-08T19:30:57+00:00,7bf7bf91-9958-41e0-bb31-0f54e9f410c9,
10e89fb1-7103-46ef-8fb2-b7a1716b8eba,199.57,RON,Kaufland ref 85870334,2026-06-08T21:11:57+00:00,12cbffe1-d83b-42c0-8120-8703b8fbd5c6,
c279b4cb-54af-4a28-b15e-8798065309bf,29.42,RON,Mega Image ref 36682226,2026-06-08T21:54:57+00:00,d3228db7-ef32-4e3e-8fa9-f9f8a84cc34d,
db6581b8-4baf-4391-80ab-80e213d62f89,28.56,RON,Mega Image ref 71449932,2026-06-08T21:59:57+00:00,12cbffe1-d83b-42c0-8120-8703b8fbd5c6,
6baf1e8f-da09-4b0c-8a37-2da3aaef0d3e,226.3,RON,OMV benzina ref 14380267,2026-06-08T22:11:57+00:00,0e5779ec-be1a-470f-ad83-a4c869f8d3e4,
8885d603-a29d-4ade-873a-d354253e9d9b,90.73,RON,Farmacia Tei ref 84437747,2026-06-08T22:48:57+00:00,818e12e2-7146-4ffe-a877-ba23cf63df5b,
67109402-9193-47ca-a5b6-85bf0eb8d1b1,102.12,RON,Carrefour ref 61737376,2026-06-08T22:51:57+00:00,97c83e0a-8a40-4c3e-b8e3-ae37cffa9985,
9d157617-2c7a-4163-bbfa-92d74aa425fe,256.52,RON,Dedeman ref 49134560,2026-06-09T00:15:57+00:00,33a2f3d5-7d4c-460f-ba3e-5b7745b7b856,
be5f902f-b58a-4738-8166-72213063ae7f,101.38,RON,Kaufland ref 44601998,2026-06-09T00:35:57+00:00,bdd640fb-0667-4ad1-9c80-317fa3b1799d,
279f91ab-1b49-49b6-9cbd-b68268aa1236,59.68,RON,Glovo ref 52399610,2026-06-09T00:52:57+00:00,bdd640fb-0667-4ad1-9c80-317fa3b1799d,
084ec551-b609-4146-a67a-a6887bca7185,92.58,RON,Lidl ref 71931577,2026-06-09T01:58:57+00:00,5588e5c9-786a-4f09-8721-a8cedc57f9c8,
46b3d9a2-2b84-454a-8167-b8dd9a35accb,90.75,RON,Glovo ref 78311243,2026-06-09T02:10:57+00:00,6e36dc96-4f61-48f4-b69f-4ca617af9323,
e5dc1ecc-a0b8-4f86-b35f-e9a168fa79fa,36.68,RON,Glovo ref 11365332,2026-06-09T02:57:57+00:00,33a2f3d5-7d4c-460f-ba3e-5b7745b7b856,
f35757c5-7836-4477-9b39-455032103c49,55.35,RON,Glovo ref 25368078,2026-06-09T03:08:57+00:00,0e5779ec-be1a-470f-ad83-a4c869f8d3e4,
68029e40-ea35-43bd-a2c8-879b2aa6ca52,22.59,RON,Glovo ref 72018536,2026-06-09T03:23:57+00:00,d3228db7-ef32-4e3e-8fa9-f9f8a84cc34d,
5671dcd8-bca4-4fc2-a956-97508574fe6d,81.77,RON,Farmacia Tei ref 63679416,2026-06-09T03:30:57+00:00,02c27ee1-ff57-48d4-82c7-6cf491fd62b9,
8725a06a-5bc5-4609-9fec-ae6070de10f5,148.81,RON,Carrefour ref 88961430,2026-06-09T17:39:57+00:00,97c83e0a-8a40-4c3e-b8e3-ae37cffa9985,
5dc81f1e-a86a-4bba-a7df-0252ea752da7,114.61,RON,Glovo ref 78885744,2026-06-09T18:41:57+00:00,12cbffe1-d83b-42c0-8120-8703b8fbd5c6,
399294a4-1e29-4a77-a62e-7b01923233d0,67.69,RON,Glovo ref 87807865,2026-06-09T19:22:57+00:00,82112000-16b4-4f2b-9dee-8ec850f886ea,
cdd327a2-2f8e-4cde-8eed-d23496f587d8,26.82,RON,Mega Image ref 94711056,2026-06-09T20:15:57+00:00,2eb300a6-bd34-43d9-94c9-8697b97c5ba7,
6f71b9ba-6b20-4590-859b-3fa5b73cdcb4,179.8,RON,OMV benzina ref 43141686,2026-06-09T20:27:57+00:00,56cc310a-2a4b-4ab3-87df-66009aa0bf74,
43b63613-a89f-4f9d-a12d-ef5844820852,35.98,RON,Glovo ref 48064741,2026-06-09T20:29:57+00:00,0e5779ec-be1a-470f-ad83-a4c869f8d3e4,
6f4e8fa4-4e32-4769-88b6-af37247aba74,73.82,RON,Carrefour ref 49489280,2026-06-09T20:53:57+00:00,818e12e2-7146-4ffe-a877-ba23cf63df5b,
6c75b42e-206b-471e-80b5-133920f0f4ea,33.91,RON,Mega Image ref 26254014,2026-06-09T21:19:57+00:00,33a2f3d5-7d4c-460f-ba3e-5b7745b7b856,
db4695d5-890e-4455-83f1-525eaf233c23,50.97,RON,Kaufland ref 53901264,2026-06-09T22:20:57+00:00,818e12e2-7146-4ffe-a877-ba23cf63df5b,
9114670a-c49d-42d4-86c6-855ba041cf85,62.5,RON,Lidl ref 55311536,2026-06-09T23:23:57+00:00,2eb300a6-bd34-43d9-94c9-8697b97c5ba7,
3e0ce35f-0f1a-4233-8ecd-64251f35413c,191.44,RON,Dedeman ref 85091984,2026-06-10T00:35:57+00:00,12cbffe1-d83b-42c0-8120-8703b8fbd5c6,
6937a949-dd0a-4407-af80-a322bf866ec4,103.3,RON,Kaufland ref 95872884,2026-06-10T00:38:57+00:00,82112000-16b4-4f2b-9dee-8ec850f886ea,
62b4009b-6259-44f2-b710-b32b1ffa651d,73.05,RON,Mega Image ref 16345213,2026-06-10T01:46:57+00:00,12cbffe1-d83b-42c0-8120-8703b8fbd5c6,
69d4de06-342e-49b4-8a00-ae9986375844,53.68,RON,Mega Image ref 71572062,2026-06-10T03:35:57+00:00,aa7898aa-95b2-468b-ac92-275a68599dc4,
6a1e4072-ff31-4501-a1fe-f8ccae7ec1a3,297.64,RON,OMV benzina ref 22306346,2026-06-10T03:50:57+00:00,12cbffe1-d83b-42c0-8120-8703b8fbd5c6,
d328c471-df2b-4ac1-98e3-3a0c30022471,65.99,RON,Lidl ref 41896222,2026-06-10T15:24:57+00:00,2eb300a6-bd34-43d9-94c9-8697b97c5ba7,
5c7125b9-15bb-40c6-98ba-85ed804194fe,46.22,RON,Mega Image ref 88186555,2026-06-10T16:06:57+00:00,12cbffe1-d83b-42c0-8120-8703b8fbd5c6,
c2abd8e0-f219-4c35-a69e-22fd542092e1,74.02,RON,Glovo ref 35257425,2026-06-10T16:08:57+00:00,02c27ee1-ff57-48d4-82c7-6cf491fd62b9,
7e424685-28db-42c1-91f3-e27887f44648,351.37,RON,Dedeman ref 74246957,2026-06-10T17:21:57+00:00,82112000-16b4-4f2b-9dee-8ec850f886ea,
130a50a0-6380-4063-ae87-67e51900d472,57.66,RON,Mega Image ref 45960848,2026-06-10T18:42:57+00:00,97c83e0a-8a40-4c3e-b8e3-ae37cffa9985,
d113b5ff-d73c-4d84-9fd9-0dfeca5edf38,28.56,RON,Lidl ref 30585690,2026-06-10T20:41:57+00:00,0e5779ec-be1a-470f-ad83-a4c869f8d3e4,
7f33922b-11ed-4768-a322-544a80343d4d,36.97,RON,Carrefour ref 56526658,2026-06-10T20:48:57+00:00,7bf7bf91-9958-41e0-bb31-0f54e9f410c9,
ed054732-78bf-46fa-a534-3e85d2c0dec2,17.53,RON,Farmacia Tei ref 22225702,2026-06-10T21:19:57+00:00,bdd640fb-0667-4ad1-9c80-317fa3b1799d,
b4f02f6f-af3f-4d9a-b272-5aa79d30c42e,40.24,RON,Glovo ref 83897088,2026-06-10T21:29:57+00:00,bdd640fb-0667-4ad1-9c80-317fa3b1799d,
dd252141-b03d-41eb-b36f-c177730825d1,27.94,RON,Mega Image ref 40107148,2026-06-10T22:01:57+00:00,aa7898aa-95b2-468b-ac92-275a68599dc4,
e450f3e0-c950-447c-855f-ca61be83e909,34.81,RON,Mega Image ref 17644959,2026-06-10T22:28:57+00:00,56cc310a-2a4b-4ab3-87df-66009aa0bf74,
b7835134-7d62-4601-bd65-49e52b3636fd,115.34,RON,Kaufland ref 80609556,2026-06-10T22:43:57+00:00,6e36dc96-4f61-48f4-b69f-4ca617af9323,
23a7cc57-cf63-461d-841a-abfdb8949e59,68.03,RON,Kaufland ref 96431172,2026-06-10T22:47:57+00:00,7bf7bf91-9958-41e0-bb31-0f54e9f410c9,
98b1d51e-725d-41f1-836a-2e1d38f53fd1,257.29,RON,OMV benzina ref 97592940,2026-06-10T22:48:57+00:00,7bf7bf91-9958-41e0-bb31-0f54e9f410c9,
b49b4b72-c631-4c16-9827-bc1d93e0f235,94.45,RON,Kaufland ref 51158280,2026-06-10T23:14:57+00:00,bdd640fb-0667-4ad1-9c80-317fa3b1799d,
79cca95b-a296-41e8-9c53-ff95305f2d9a,97.13,RON,Kaufland ref 87056042,2026-06-11T01:00:57+00:00,12cbffe1-d83b-42c0-8120-8703b8fbd5c6,
c45b5b45-5c95-4b2b-96ae-14a991605059,64.29,RON,Glovo ref 86903572,2026-06-11T01:02:57+00:00,33a2f3d5-7d4c-460f-ba3e-5b7745b7b856,
319e3394-5975-4f5e-86b3-374e48ba840b,85.14,RON,Carrefour ref 54007126,2026-06-11T02:39:57+00:00,97c83e0a-8a40-4c3e-b8e3-ae37cffa9985,
8493ccb0-f8ee-4581-b02a-e3c26ae937cb,46.73,RON,Mega Image ref 88936224,2026-06-11T04:07:57+00:00,6e36dc96-4f61-48f4-b69f-4ca617af9323,
f301bb6c-b306-4300-8879-d93272540ab7,18.45,RON,Mega Image ref 40839382,2026-06-11T04:21:57+00:00,bdd640fb-0667-4ad1-9c80-317fa3b1799d,
ef5969ac-13da-4fd0-a49a-c75e20aa2935,39.9,RON,Glovo ref 78365099,2026-06-11T16:34:57+00:00,82112000-16b4-4f2b-9dee-8ec850f886ea,
d9da15e6-bc27-4719-abb5-5ac9a5767e70,29.25,RON,Mega Image ref 33038587,2026-06-11T16:58:57+00:00,02c27ee1-ff57-48d4-82c7-6cf491fd62b9,
3d336c3c-42f7-4a66-9c0e-677c4feb74d2,19.82,RON,Mega Image ref 18126479,2026-06-11T17:27:57+00:00,818e12e2-7146-4ffe-a877-ba23cf63df5b,
0e4dbfb2-4675-4a13-83e6-a93eeb4bc774,45.73,RON,Glovo ref 37457637,2026-06-11T17:28:57+00:00,33a2f3d5-7d4c-460f-ba3e-5b7745b7b856,
73ec1831-6dc5-459b-af2e-a5e6312e1608,229.59,RON,Kaufland ref 73145218,2026-06-11T17:52:57+00:00,02c27ee1-ff57-48d4-82c7-6cf491fd62b9,
28d30ca3-1652-442c-8b6e-c9d50227e56b,58.56,RON,Mega Image ref 12334965,2026-06-11T18:01:57+00:00,7bf7bf91-9958-41e0-bb31-0f54e9f410c9,
827b8c89-8d3f-433b-b2d1-e6c1fc8ad016,65.05,RON,Lidl ref 39376621,2026-06-11T18:20:57+00:00,aa7898aa-95b2-468b-ac92-275a68599dc4,
4fc34028-695d-406d-b151-bb94f88f7584,94.14,RON,Lidl ref 95519976,2026-06-11T18:29:57+00:00,7bf7bf91-9958-41e0-bb31-0f54e9f410c9,
dfccd845-9a58-4a40-97b9-0d7c293aa8c9,51.63,RON,Carrefour ref 29469918,2026-06-11T18:52:57+00:00,2eb300a6-bd34-43d9-94c9-8697b97c5ba7,
6a221c69-6bde-45f0-9c0f-050514b931f2,144.41,RON,Carrefour ref 65888275,2026-06-11T20:02:57+00:00,5588e5c9-786a-4f09-8721-a8cedc57f9c8,
11fb02d1-8212-44cf-af7f-59008564c133,163.54,RON,OMV benzina ref 62514232,2026-06-11T20:22:57+00:00,5588e5c9-786a-4f09-8721-a8cedc57f9c8,
7f88367c-12c5-4b80-b5ea-457ee7364a4d,251.85,RON,OMV benzina ref 59797287,2026-06-11T21:15:57+00:00,82112000-16b4-4f2b-9dee-8ec850f886ea,
7ed998ff-6a57-4a56-9151-5ada1ac414dd,68.28,RON,Mega Image ref 79789230,2026-06-11T23:32:57+00:00,6e36dc96-4f61-48f4-b69f-4ca617af9323,
2c78bc22-ba65-483d-ba33-fa9863f20557,30.36,RON,Glovo ref 95399182,2026-06-12T00:06:57+00:00,0e5779ec-be1a-470f-ad83-a4c869f8d3e4,
696b6093-0fb3-41e9-8f33-671ccf8ddcd6,107.8,RON,Glovo ref 40807548,2026-06-12T00:12:57+00:00,02c27ee1-ff57-48d4-82c7-6cf491fd62b9,
f980c29c-4b32-4b05-b4e4-8d5639f2eb71,53.65,RON,Lidl ref 98162568,2026-06-12T01:47:57+00:00,02c27ee1-ff57-48d4-82c7-6cf491fd62b9,
52df8e23-8cb5-4500-97c5-49b85a41e7f9,24.22,RON,Glovo ref 60969693,2026-06-12T01:57:57+00:00,818e12e2-7146-4ffe-a877-ba23cf63df5b,
bbd6edaf-f0a3-4953-9234-a2b737699e23,246.19,RON,Dedeman ref 97551934,2026-06-12T02:40:57+00:00,33a2f3d5-7d4c-460f-ba3e-5b7745b7b856,
5081e9fc-018f-41b5-aafb-51f98fd9139a,73.91,RON,Glovo ref 79120569,2026-06-12T03:11:57+00:00,97c83e0a-8a40-4c3e-b8e3-ae37cffa9985,
f21a6f38-0eb5-45a7-98f3-f640f6a9e3e3,55.99,RON,Netflix,2026-06-12T06:39:57+00:00,bdd640fb-0667-4ad1-9c80-317fa3b1799d,
cd199b5e-b5c4-4078-997d-f05f3b20d154,55.99,RON,Netflix,2026-06-12T06:39:57+00:00,0e5779ec-be1a-470f-ad83-a4c869f8d3e4,
cca97f81-8438-4157-a885-f19edcac3096,55.99,RON,Netflix,2026-06-12T06:39:57+00:00,aa7898aa-95b2-468b-ac92-275a68599dc4,
afc63d34-1dbe-4abd-8c88-1f361b705635,55.99,RON,Netflix,2026-06-12T06:39:57+00:00,7bf7bf91-9958-41e0-bb31-0f54e9f410c9,
e6db8a5b-4efc-4d6d-900b-39336f12ba3d,55.99,RON,Netflix,2026-06-12T06:39:57+00:00,02c27ee1-ff57-48d4-82c7-6cf491fd62b9,
ec1ffcbd-8756-4963-97ea-0bf7172fa76c,55.99,RON,Netflix,2026-06-12T06:39:57+00:00,56cc310a-2a4b-4ab3-87df-66009aa0bf74,
faf87505-4d30-4957-a438-7607950f7500,55.99,RON,Netflix,2026-06-12T06:39:57+00:00,5588e5c9-786a-4f09-8721-a8cedc57f9c8,
9c3ff9cd-542a-4824-9746-9c9c3d456837,55.99,RON,Netflix,2026-06-12T06:39:57+00:00,33a2f3d5-7d4c-460f-ba3e-5b7745b7b856,
5a1603b1-a207-41a9-9fde-0318c4799c47,55.99,RON,Netflix,2026-06-12T06:39:57+00:00,6e36dc96-4f61-48f4-b69f-4ca617af9323,
37866f34-5fa7-460b-8a49-a3b67ef8d75c,55.99,RON,Netflix,2026-06-12T06:39:57+00:00,2eb300a6-bd34-43d9-94c9-8697b97c5ba7,
b89d87a7-3c52-426e-aa5e-0a830ce14663,55.99,RON,Netflix,2026-06-12T06:39:57+00:00,818e12e2-7146-4ffe-a877-ba23cf63df5b,
85d51a5f-952a-4422-ae10-c52bde8fc21f,55.99,RON,Netflix,2026-06-12T06:39:57+00:00,97c83e0a-8a40-4c3e-b8e3-ae37cffa9985,
28032f93-c66c-48ea-95b9-d167c4742f84,55.99,RON,Netflix,2026-06-12T06:39:57+00:00,d3228db7-ef32-4e3e-8fa9-f9f8a84cc34d,
fbecd066-2538-474f-9b5a-ef7271481798,55.99,RON,Netflix,2026-06-12T06:39:57+00:00,12cbffe1-d83b-42c0-8120-8703b8fbd5c6,
11fd10af-b900-4b3e-a01d-24d13b4435d9,55.99,RON,Netflix,2026-06-12T06:39:57+00:00,82112000-16b4-4f2b-9dee-8ec850f886ea,
6d2d2c6c-43b6-4a27-8e2d-79ba381487da,46.34,RON,Glovo ref 33205311,2026-06-12T14:42:57+00:00,7bf7bf91-9958-41e0-bb31-0f54e9f410c9,
dfff2a90-d030-4a5e-aeab-83777d6fdb6a,17.86,RON,Glovo ref 43189086,2026-06-12T14:56:57+00:00,2eb300a6-bd34-43d9-94c9-8697b97c5ba7,
4c8e4924-f5ab-4783-a115-a0d79ba11d14,35.75,RON,Farmacia Tei ref 54841683,2026-06-12T15:27:57+00:00,82112000-16b4-4f2b-9dee-8ec850f886ea,
071f1a27-272e-41b1-97e1-bc36c520d50f,48.6,RON,Glovo ref 94408740,2026-06-12T15:40:57+00:00,0e5779ec-be1a-470f-ad83-a4c869f8d3e4,
f52a72c4-c1fb-4bf5-be8a-1072cf492a27,56.84,RON,Mega Image ref 43836123,2026-06-12T15:54:57+00:00,aa7898aa-95b2-468b-ac92-275a68599dc4,
eaaa94c8-a097-4fe3-831d-b215d7d0dc99,111.77,RON,Kaufland ref 62614983,2026-06-12T16:19:57+00:00,0e5779ec-be1a-470f-ad83-a4c869f8d3e4,
16f89d97-0795-4c4a-962f-bcea7551eb4f,57.98,RON,Carrefour ref 29236657,2026-06-12T17:14:57+00:00,7bf7bf91-9958-41e0-bb31-0f54e9f410c9,
496ff6e3-0495-461f-9080-810858904829,72.89,RON,Lidl ref 53938049,2026-06-12T17:29:57+00:00,7bf7bf91-9958-41e0-bb31-0f54e9f410c9,
a3a45bd4-6846-4be8-8039-f21663549976,176.14,RON,Kaufland ref 42075796,2026-06-12T18:05:57+00:00,5588e5c9-786a-4f09-8721-a8cedc57f9c8,
96172f2a-0bcf-42b0-9405-4e7ee74dea71,59.82,RON,Glovo ref 45778763,2026-06-12T18:10:57+00:00,818e12e2-7146-4ffe-a877-ba23cf63df5b,
a7da719c-5658-40cd-8eeb-5fdcff0a05fe,67.1,RON,Glovo ref 59734660,2026-06-12T18:46:57+00:00,d3228db7-ef32-4e3e-8fa9-f9f8a84cc34d,
8425fd0c-a8ce-48dd-bc53-54df40cef013,47.35,RON,Mega Image ref 22470378,2026-06-12T20:26:57+00:00,818e12e2-7146-4ffe-a877-ba23cf63df5b,
cfab0ffe-7e00-4dca-930e-3cbe85a2c38d,59.57,RON,Mega Image ref 45040122,2026-06-12T21:21:57+00:00,12cbffe1-d83b-42c0-8120-8703b8fbd5c6,
4be972b5-2b0e-42c8-84b9-7f9c4a49d83b,173.94,RON,Kaufland ref 51608017,2026-06-12T22:45:57+00:00,02c27ee1-ff57-48d4-82c7-6cf491fd62b9,
bad222fb-894e-4f0b-b884-c6c94786dd5f,68.0,RON,Lidl ref 96933678,2026-06-12T22:45:57+00:00,818e12e2-7146-4ffe-a877-ba23cf63df5b,
dd161c2d-1dd7-4760-a9cf-6200b2130031,65.2,RON,Lidl ref 26028086,2026-06-13T00:35:57+00:00,5588e5c9-786a-4f09-8721-a8cedc57f9c8,
c1020fc8-d637-4a84-8efa-80373ea16e1d,46.21,RON,Glovo ref 47515276,2026-06-13T00:40:57+00:00,02c27ee1-ff57-48d4-82c7-6cf491fd62b9,
3810532d-3d8d-49fc-b643-768a10863395,96.95,RON,Kaufland ref 10449061,2026-06-13T03:46:57+00:00,2eb300a6-bd34-43d9-94c9-8697b97c5ba7,
c8b190e1-089a-4f4f-b1da-e8174937b90f,263.92,RON,OMV benzina ref 79545356,2026-06-13T04:21:57+00:00,bdd640fb-0667-4ad1-9c80-317fa3b1799d,
d46b7756-b9e4-49ef-88d4-95a48cb21aa2,60.57,RON,Glovo ref 22101856,2026-06-13T15:26:57+00:00,bdd640fb-0667-4ad1-9c80-317fa3b1799d,
ddefb7bb-9450-44c8-bc1b-b61aa36d4d54,29.96,RON,Farmacia Tei ref 13105908,2026-06-13T16:38:57+00:00,0e5779ec-be1a-470f-ad83-a4c869f8d3e4,
a32bd05a-4efe-4591-a4b9-1ffc2eb78b1b,76.91,RON,Glovo ref 19579383,2026-06-13T16:43:57+00:00,33a2f3d5-7d4c-460f-ba3e-5b7745b7b856,
e458e273-bd34-4081-987d-7bf17377fab1,128.75,RON,Carrefour ref 86169677,2026-06-13T17:20:57+00:00,5588e5c9-786a-4f09-8721-a8cedc57f9c8,
dc4e8ff1-82f1-4cf2-8b8a-48fb3d5fd707,25.25,RON,Mega Image ref 30105410,2026-06-13T17:26:57+00:00,56cc310a-2a4b-4ab3-87df-66009aa0bf74,
404c86f1-6cc2-420f-83a0-2289b88ba445,148.6,RON,OMV benzina ref 51115997,2026-06-13T17:50:57+00:00,aa7898aa-95b2-468b-ac92-275a68599dc4,
72e5d138-e352-4517-b56e-5e885e2449cf,267.37,RON,OMV benzina ref 13907294,2026-06-13T17:55:57+00:00,82112000-16b4-4f2b-9dee-8ec850f886ea,
c93a7471-ce9d-4f4e-87af-fa24b9ef9fa8,23.34,RON,Mega Image ref 42917490,2026-06-13T17:58:57+00:00,0e5779ec-be1a-470f-ad83-a4c869f8d3e4,
78dad30a-3f4b-4e5b-b94d-9645cbdd659c,26.46,RON,Mega Image ref 35385319,2026-06-13T18:01:57+00:00,818e12e2-7146-4ffe-a877-ba23cf63df5b,
c798a445-46a3-4c71-bf2f-6883163b5481,38.56,RON,Kaufland ref 31131878,2026-06-13T18:20:57+00:00,bdd640fb-0667-4ad1-9c80-317fa3b1799d,
25e6fca5-001a-45fb-bc5c-364d55343d8f,209.54,RON,OMV benzina ref 68069508,2026-06-13T18:41:57+00:00,2eb300a6-bd34-43d9-94c9-8697b97c5ba7,
fdb302c8-06dc-48c4-b5e1-89d9f7fd6c80,101.07,RON,Lidl ref 55283771,2026-06-13T19:19:57+00:00,6e36dc96-4f61-48f4-b69f-4ca617af9323,
48f63a9e-9371-4e14-8d7e-2e139cd928ef,208.28,RON,Carrefour ref 11082382,2026-06-13T20:05:57+00:00,02c27ee1-ff57-48d4-82c7-6cf491fd62b9,
4aa4fdec-89ed-4946-8cc4-f69453e6e676,151.65,RON,Kaufland ref 32619492,2026-06-13T20:26:57+00:00,12cbffe1-d83b-42c0-8120-8703b8fbd5c6,
2c0dfcc5-7883-4acb-a6bf-08da1ab55a80,23.9,RON,Mega Image ref 45190509,2026-06-13T21:51:57+00:00,6e36dc96-4f61-48f4-b69f-4ca617af9323,
c50a2d22-b08c-49fa-84bb-f71153cef524,40.1,RON,Kaufland ref 12626646,2026-06-13T22:12:57+00:00,aa7898aa-95b2-468b-ac92-275a68599dc4,
e504d1c6-4312-453d-884f-7f7c244f52f4,101.42,RON,Carrefour ref 24371585,2026-06-13T22:38:57+00:00,0e5779ec-be1a-470f-ad83-a4c869f8d3e4,
8d1f43c8-2b48-449b-a044-a26ec8e4e0c7,104.69,RON,Kaufland ref 75811941,2026-06-13T23:53:57+00:00,d3228db7-ef32-4e3e-8fa9-f9f8a84cc34d,
2ee72cb7-2cd7-43e8-b26a-01230f67cd99,39.25,RON,Glovo ref 47980172,2026-06-14T00:56:57+00:00,82112000-16b4-4f2b-9dee-8ec850f886ea,
2fc2147c-5bad-4755-8710-1f3da1aa19f0,107.79,RON,Lidl ref 95156202,2026-06-14T01:47:57+00:00,0e5779ec-be1a-470f-ad83-a4c869f8d3e4,
68bb59d3-f836-4964-88f7-4721b8e68f5b,60.05,RON,Lidl ref 19622395,2026-06-14T02:41:57+00:00,818e12e2-7146-4ffe-a877-ba23cf63df5b,
b08d9e12-c007-4979-9267-0d8ec143069e,184.61,RON,OMV benzina ref 56589968,2026-06-14T04:28:57+00:00,818e12e2-7146-4ffe-a877-ba23cf63df5b,
de023d2c-d3a7-42f5-b3ae-30e9b8d43fff,118.69,RON,Kaufland ref 18856461,2026-06-14T04:37:57+00:00,818e12e2-7146-4ffe-a877-ba23cf63df5b,
53968833-299f-48c5-a060-e7d5ea444391,40.54,RON,Mega Image ref 96669167,2026-06-14T15:02:57+00:00,6e36dc96-4f61-48f4-b69f-4ca617af9323,
a40b7ba7-b46f-4c0f-88d7-a8afd612c069,99.19,RON,Kaufland ref 78417482,2026-06-14T15:18:57+00:00,82112000-16b4-4f2b-9dee-8ec850f886ea,
26d4cbfb-0bce-492d-a77d-532fca3e276b,66.03,RON,Glovo ref 49357151,2026-06-14T15:55:57+00:00,d3228db7-ef32-4e3e-8fa9-f9f8a84cc34d,
51f1dd30-a934-40d8-a524-c6ce0b37cc6c,63.2,RON,Glovo ref 72837908,2026-06-14T15:55:57+00:00,12cbffe1-d83b-42c0-8120-8703b8fbd5c6,
6010ab93-6b7f-4864-aff5-477435d5f4e5,105.81,RON,Lidl ref 20242515,2026-06-14T16:10:57+00:00,0e5779ec-be1a-470f-ad83-a4c869f8d3e4,
5708013e-4b54-4670-80cf-b1db1287e313,56.14,RON,Farmacia Tei ref 84978145,2026-06-14T17:05:57+00:00,bdd640fb-0667-4ad1-9c80-317fa3b1799d,
67dbfad4-8744-4c23-804a-67725bbb52d7,76.8,RON,Lidl ref 41164601,2026-06-14T17:58:57+00:00,56cc310a-2a4b-4ab3-87df-66009aa0bf74,
76d0c7ab-05f7-455a-9fd6-ccbcd4fb892a,110.25,RON,Kaufland ref 71640635,2026-06-14T20:23:57+00:00,d3228db7-ef32-4e3e-8fa9-f9f8a84cc34d,
ec506267-27f0-469a-921a-83286e5a9bfb,76.45,RON,Glovo ref 57676501,2026-06-14T21:57:57+00:00,6e36dc96-4f61-48f4-b69f-4ca617af9323,
650a677f-f524-425f-ae3b-8a3792d81757,41.76,RON,Farmacia Tei ref 75416911,2026-06-14T22:04:57+00:00,d3228db7-ef32-4e3e-8fa9-f9f8a84cc34d,
560dcb39-db98-4c39-8bb9-c606532086af,161.76,RON,OMV benzina ref 42867782,2026-06-14T22:18:57+00:00,aa7898aa-95b2-468b-ac92-275a68599dc4,
651a2c63-3162-4809-a412-b4ef456f99c2,44.96,RON,Glovo ref 10931074,2026-06-14T22:26:57+00:00,2eb300a6-bd34-43d9-94c9-8697b97c5ba7,
a542d085-a96a-4085-8063-be5024dea1db,47.49,RON,Lidl ref 28121527,2026-06-14T22:37:57+00:00,818e12e2-7146-4ffe-a877-ba23cf63df5b,
2c068689-0997-4cb4-98b1-636752de4556,53.34,RON,Lidl ref 57194302,2026-06-14T22:40:57+00:00,d3228db7-ef32-4e3e-8fa9-f9f8a84cc34d,
61bb1395-4a6d-441b-9f34-b1456b6b6654,50.18,RON,Carrefour ref 51653312,2026-06-14T22:41:57+00:00,56cc310a-2a4b-4ab3-87df-66009aa0bf74,
4ac8a7d8-c397-4f36-8a05-0c2c80766442,93.45,RON,Glovo ref 85568698,2026-06-14T22:48:57+00:00,82112000-16b4-4f2b-9dee-8ec850f886ea,
c4b365f9-3162-4f1b-83d9-d4d5842ea037,76.45,RON,Carrefour ref 24954493,2026-06-15T00:27:57+00:00,2eb300a6-bd34-43d9-94c9-8697b97c5ba7,
8eec169d-fe9b-4582-9c5a-36a3aa05fc8c,97.01,RON,Kaufland ref 70990320,2026-06-15T01:01:57+00:00,818e12e2-7146-4ffe-a877-ba23cf63df5b,
7f6d19a8-02f3-4593-9fcf-960eb71fe000,67.75,RON,Kaufland ref 81451022,2026-06-15T01:36:57+00:00,7bf7bf91-9958-41e0-bb31-0f54e9f410c9,
81209d2d-3c31-467b-9292-4791083dd6f7,53.6,RON,Glovo ref 62194039,2026-06-15T03:45:57+00:00,56cc310a-2a4b-4ab3-87df-66009aa0bf74,
cba20d38-7db4-490d-99c5-9f2d640b7b85,153.0,RON,Kaufland ref 37913590,2026-06-15T04:02:57+00:00,0e5779ec-be1a-470f-ad83-a4c869f8d3e4,
132f6855-6553-4c29-a1d9-bb715287ba9b,61.6,RON,Glovo ref 90590672,2026-06-15T14:46:57+00:00,97c83e0a-8a40-4c3e-b8e3-ae37cffa9985,
66f54f25-a372-4c5c-851c-1e26b8b664a7,41.0,RON,Mega Image ref 96612652,2026-06-15T15:18:57+00:00,33a2f3d5-7d4c-460f-ba3e-5b7745b7b856,
922251b8-e78e-49a6-8ae5-e57d6b1b860f,84.26,RON,Carrefour ref 10473543,2026-06-15T16:42:57+00:00,6e36dc96-4f61-48f4-b69f-4ca617af9323,
4b1cf297-e33b-4611-8fb0-565da77598cc,164.91,RON,Kaufland ref 58112314,2026-06-15T16:59:57+00:00,12cbffe1-d83b-42c0-8120-8703b8fbd5c6,
f01a823d-76aa-43ef-8560-e2e8b1734d0c,60.57,RON,Kaufland ref 49765631,2026-06-15T17:58:57+00:00,d3228db7-ef32-4e3e-8fa9-f9f8a84cc34d,
2e35d484-eb9b-4b86-97fc-2215c1e606e7,75.23,RON,Lidl ref 78786515,2026-06-15T18:45:57+00:00,818e12e2-7146-4ffe-a877-ba23cf63df5b,
fcd1c3b7-6b41-4683-b097-2046fa7cf893,20.8,RON,Mega Image ref 29371183,2026-06-15T19:20:57+00:00,7bf7bf91-9958-41e0-bb31-0f54e9f410c9,
724b0f18-3f6e-489b-ac54-5c86686b245f,56.23,RON,Glovo ref 61646589,2026-06-15T21:24:57+00:00,d3228db7-ef32-4e3e-8fa9-f9f8a84cc34d,
a4662312-9f06-41f1-b73b-816bf8739ca8,61.89,RON,Mega Image ref 14474448,2026-06-15T21:59:57+00:00,82112000-16b4-4f2b-9dee-8ec850f886ea,
e9fc4e25-bc12-4ea2-ae28-f7a475a573ff,22.55,RON,Mega Image ref 47071562,2026-06-15T22:04:57+00:00,56cc310a-2a4b-4ab3-87df-66009aa0bf74,
b185d0e1-f8d6-4bed-8e0c-951e11ef39ff,158.26,RON,Kaufland ref 96640547,2026-06-15T22:52:57+00:00,82112000-16b4-4f2b-9dee-8ec850f886ea,
a081662d-7ea2-4411-a97b-369958f60e10,68.07,RON,Mega Image ref 17845715,2026-06-16T00:06:57+00:00,5588e5c9-786a-4f09-8721-a8cedc57f9c8,
d04ee137-58f8-4f4e-830d-0b0d2e30b8bb,222.41,RON,OMV benzina ref 34589016,2026-06-16T01:52:57+00:00,5588e5c9-786a-4f09-8721-a8cedc57f9c8,
e8c7c867-8231-435c-8e49-13539fa38a92,234.39,RON,Kaufland ref 95018569,2026-06-16T03:59:57+00:00,02c27ee1-ff57-48d4-82c7-6cf491fd62b9,
51cc6390-6221-489c-917c-8165331b36c7,212.53,RON,OMV benzina ref 96302571,2026-06-16T04:28:57+00:00,02c27ee1-ff57-48d4-82c7-6cf491fd62b9,
76199d0b-8377-40de-8751-ea5eb963de96,72.91,RON,Mega Image ref 24341678,2026-06-16T15:32:57+00:00,6e36dc96-4f61-48f4-b69f-4ca617af9323,
96b0356c-a49c-487c-87c9-021ffdc6dba9,55.74,RON,Glovo ref 26143367,2026-06-16T15:37:57+00:00,aa7898aa-95b2-468b-ac92-275a68599dc4,
ad4a2b3c-386a-49dd-be83-c32ac9e55c47,22.33,RON,Farmacia Tei ref 95048646,2026-06-16T15:55:57+00:00,bdd640fb-0667-4ad1-9c80-317fa3b1799d,
efc12e17-a9f9-4d4f-9545-201e6ecad0f5,144.1,RON,Kaufland ref 61218112,2026-06-16T16:54:57+00:00,02c27ee1-ff57-48d4-82c7-6cf491fd62b9,
bb5d13c5-f6cb-4071-b478-1d96fba837a7,79.24,RON,Kaufland ref 94009764,2026-06-16T17:39:57+00:00,7bf7bf91-9958-41e0-bb31-0f54e9f410c9,
7b5f453e-68f8-4a2d-8610-13747f3f150b,94.82,RON,Lidl ref 76251211,2026-06-16T19:01:57+00:00,d3228db7-ef32-4e3e-8fa9-f9f8a84cc34d,
342c342e-63f4-4c0f-bce4-3aec1c50094e,85.2,RON,Lidl ref 11339690,2026-06-16T19:04:57+00:00,5588e5c9-786a-4f09-8721-a8cedc57f9c8,
548a4b68-2382-4806-93b7-506cbc6d5673,35.95,RON,Glovo ref 89991867,2026-06-16T19:37:57+00:00,82112000-16b4-4f2b-9dee-8ec850f886ea,
ae3a74d4-d0ef-418d-9315-e61eba1e47dc,137.08,RON,Kaufland ref 41908888,2026-06-16T19:41:57+00:00,56cc310a-2a4b-4ab3-87df-66009aa0bf74,
415d9757-0d75-4b61-8678-7aa89b3af389,40.46,RON,Glovo ref 76576334,2026-06-16T20:07:57+00:00,33a2f3d5-7d4c-460f-ba3e-5b7745b7b856,
adec6f15-bfdc-4b0d-99ff-a018c1c1ba4f,50.61,RON,Carrefour ref 52661147,2026-06-16T21:13:57+00:00,7bf7bf91-9958-41e0-bb31-0f54e9f410c9,
2d808a6e-3cc9-4905-998a-092da51882ba,121.59,RON,Farmacia Tei ref 84599651,2026-06-16T21:33:57+00:00,82112000-16b4-4f2b-9dee-8ec850f886ea,
cc47db80-b08b-4c22-94ea-fd19799cf248,33.71,RON,Glovo ref 40456548,2026-06-16T21:34:57+00:00,818e12e2-7146-4ffe-a877-ba23cf63df5b,
752b6e23-b599-40dd-aacc-128974962a76,123.05,RON,Kaufland ref 18921587,2026-06-16T22:21:57+00:00,2eb300a6-bd34-43d9-94c9-8697b97c5ba7,
6b892151-0122-43d7-a368-0eefcff32669,82.41,RON,Farmacia Tei ref 40363029,2026-06-16T23:02:57+00:00,5588e5c9-786a-4f09-8721-a8cedc57f9c8,
ecb33a78-9ab1-4a4c-b0e0-bae33dda9fca,185.1,RON,Carrefour ref 96005222,2026-06-16T23:18:57+00:00,33a2f3d5-7d4c-460f-ba3e-5b7745b7b856,
89344b06-0790-4eb4-9b2a-1376315e4e80,72.18,RON,Kaufland ref 26320018,2026-06-16T23:26:57+00:00,0e5779ec-be1a-470f-ad83-a4c869f8d3e4,
078d27e5-378a-4ba6-a608-d6d31d62c6b5,39.76,RON,Lidl ref 58974793,2026-06-16T23:27:57+00:00,0e5779ec-be1a-470f-ad83-a4c869f8d3e4,
ec908605-f17f-4fc7-89d3-80de6558ea8c,81.8,RON,Farmacia Tei ref 14091520,2026-06-17T00:01:57+00:00,d3228db7-ef32-4e3e-8fa9-f9f8a84cc34d,
37edae1a-36eb-4ef4-bcef-2c153881e713,34.64,RON,Mega Image ref 28216197,2026-06-17T01:14:57+00:00,aa7898aa-95b2-468b-ac92-275a68599dc4,
a0ea00eb-a92b-4360-bc96-98815d85ebe0,150.93,RON,Carrefour ref 46963693,2026-06-17T02:55:57+00:00,82112000-16b4-4f2b-9dee-8ec850f886ea,
a6ce504d-aea2-4e80-bf06-a77e77790e7a,83.42,RON,Glovo ref 42711142,2026-06-17T04:11:57+00:00,5588e5c9-786a-4f09-8721-a8cedc57f9c8,
7d86678b-5a50-4701-bca5-f784a423edd2,104.29,RON,Kaufland ref 37660273,2026-06-17T18:01:57+00:00,5588e5c9-786a-4f09-8721-a8cedc57f9c8,
46a8a0b5-0191-43ce-8445-1797ff43ed62,105.47,RON,Glovo ref 75482897,2026-06-17T19:05:57+00:00,82112000-16b4-4f2b-9dee-8ec850f886ea,
0b4ec2ee-3dbf-4049-82cb-0bc7f0329337,42.26,RON,Mega Image ref 94437310,2026-06-17T19:29:57+00:00,aa7898aa-95b2-468b-ac92-275a68599dc4,
f60e2f14-cd4d-4d6b-8b96-4012f872bb94,39.36,RON,Glovo ref 56086866,2026-06-17T20:21:57+00:00,d3228db7-ef32-4e3e-8fa9-f9f8a84cc34d,
917dd998-e4c2-4e2a-a59f-3ca60aab4dfd,28.93,RON,Glovo ref 56623800,2026-06-17T20:25:57+00:00,6e36dc96-4f61-48f4-b69f-4ca617af9323,
d09ec24e-19b4-40b4-8053-321266ae02c5,55.03,RON,Glovo ref 98786055,2026-06-17T23:05:57+00:00,56cc310a-2a4b-4ab3-87df-66009aa0bf74,
95dbb3ba-9e07-420a-b017-aa8bd4ac7e27,54.68,RON,Kaufland ref 36226382,2026-06-17T23:37:57+00:00,97c83e0a-8a40-4c3e-b8e3-ae37cffa9985,
63c4e836-57ac-44c2-92ac-c851bc195987,206.34,RON,Kaufland ref 25732356,2026-06-17T23:54:57+00:00,6e36dc96-4f61-48f4-b69f-4ca617af9323,
e13f53bd-4c47-4bcc-8c9c-4255007a5deb,46.43,RON,Glovo ref 18708607,2026-06-18T00:12:57+00:00,5588e5c9-786a-4f09-8721-a8cedc57f9c8,
a1845f6d-a759-461d-87cb-178220770cc9,88.76,RON,Carrefour ref 51009388,2026-06-18T00:29:57+00:00,02c27ee1-ff57-48d4-82c7-6cf491fd62b9,
5f48d5da-3e9a-459a-95b9-01bd66e095b8,78.48,RON,Carrefour ref 38710184,2026-06-18T01:08:57+00:00,12cbffe1-d83b-42c0-8120-8703b8fbd5c6,
37cef3b9-04ba-4313-b407-7faa78018d81,40.7,RON,Farmacia Tei ref 31387227,2026-06-18T01:41:57+00:00,5588e5c9-786a-4f09-8721-a8cedc57f9c8,
3700e363-38bb-4df4-9a28-538b85690625,24.38,RON,Mega Image ref 52125035,2026-06-18T03:32:57+00:00,56cc310a-2a4b-4ab3-87df-66009aa0bf74,
7737f7a7-db2c-4ffe-9a93-ffe7cf868c17,19.36,RON,Mega Image ref 49500723,2026-06-18T14:43:57+00:00,56cc310a-2a4b-4ab3-87df-66009aa0bf74,
ff54dcfc-f14a-4b52-91de-47b6b0205d7d,32.93,RON,Glovo ref 58180764,2026-06-18T15:42:57+00:00,818e12e2-7146-4ffe-a877-ba23cf63df5b,
da3069f5-68a5-42b9-bf6f-26cae2459327,54.89,RON,Glovo ref 69314812,2026-06-18T16:38:57+00:00,7bf7bf91-9958-41e0-bb31-0f54e9f410c9,
9569f8cb-1a57-4cee-a490-3d65f63d3295,125.29,RON,Kaufland ref 47726289,2026-06-18T16:51:57+00:00,0e5779ec-be1a-470f-ad83-a4c869f8d3e4,
ade24e62-1ba4-435f-b0e5-7a2ed8d08faf,37.14,RON,Glovo ref 23240742,2026-06-18T17:28:57+00:00,82112000-16b4-4f2b-9dee-8ec850f886ea,
bf0418a9-f276-4513-aeca-f62944e22691,23.14,RON,Mega Image ref 87002404,2026-06-18T20:01:57+00:00,bdd640fb-0667-4ad1-9c80-317fa3b1799d,
c043fc22-c57f-4324-abf5-6fe241dfdb8f,65.69,RON,Kaufland ref 12782896,2026-06-18T20:12:57+00:00,818e12e2-7146-4ffe-a877-ba23cf63df5b,
9ac10809-89ee-49ac-8473-d2d6acaf08fb,49.99,RON,Glovo ref 50252966,2026-06-18T20:51:57+00:00,02c27ee1-ff57-48d4-82c7-6cf491fd62b9,
ea1197f6-bf67-498b-a280-15820e074ee9,234.85,RON,OMV benzina ref 85019197,2026-06-18T22:44:57+00:00,56cc310a-2a4b-4ab3-87df-66009aa0bf74,
ce76b4db-adc9-44e3-9dca-24851b8d9838,72.46,RON,Lidl ref 45930889,2026-06-18T22:58:57+00:00,33a2f3d5-7d4c-460f-ba3e-5b7745b7b856,
02f5b563-84c6-49e3-8a31-8a9c3169f269,77.55,RON,Lidl ref 74682252,2026-06-19T00:00:57+00:00,56cc310a-2a4b-4ab3-87df-66009aa0bf74,
29f27642-d519-445c-93f0-6e344200a86a,40.66,RON,Kaufland ref 28556758,2026-06-19T00:55:57+00:00,2eb300a6-bd34-43d9-94c9-8697b97c5ba7,
458c6c02-bf40-4640-98a9-11876c7a0c9d,48.37,RON,Glovo ref 69882277,2026-06-19T02:10:57+00:00,0e5779ec-be1a-470f-ad83-a4c869f8d3e4,
d76b4582-08ac-48fd-ad39-dcc25449cc2e,143.68,RON,Carrefour ref 25366601,2026-06-19T02:19:57+00:00,97c83e0a-8a40-4c3e-b8e3-ae37cffa9985,
e3957f68-7a33-4836-ac9a-06165c86c048,263.56,RON,OMV benzina ref 38506979,2026-06-19T02:52:57+00:00,12cbffe1-d83b-42c0-8120-8703b8fbd5c6,
69ac030e-0958-46df-83d9-f8c35c922fa4,134.49,RON,OMV benzina ref 37876148,2026-06-19T17:16:57+00:00,7bf7bf91-9958-41e0-bb31-0f54e9f410c9,
4b211512-68e9-41d8-963d-101f40c8c7a3,24.73,RON,Glovo ref 78633149,2026-06-19T17:35:57+00:00,0e5779ec-be1a-470f-ad83-a4c869f8d3e4,
2cc076ef-18b7-44f0-bf7c-3801ccaef9f7,30.7,RON,Farmacia Tei ref 66127430,2026-06-19T17:57:57+00:00,12cbffe1-d83b-42c0-8120-8703b8fbd5c6,
76bb32c2-f2f6-4391-a013-04b426a5befb,26.92,RON,Mega Image ref 17218507,2026-06-19T18:16:57+00:00,d3228db7-ef32-4e3e-8fa9-f9f8a84cc34d,
eb91731a-1eb0-4b4a-9b4f-fd5fc7688339,41.98,RON,Mega Image ref 30937370,2026-06-19T18:32:57+00:00,bdd640fb-0667-4ad1-9c80-317fa3b1799d,
db60ea2f-6de4-4935-97d3-5684afcdb099,161.68,RON,Carrefour ref 10443707,2026-06-19T18:32:57+00:00,5588e5c9-786a-4f09-8721-a8cedc57f9c8,
d54745f9-e960-4cb6-aabf-a89f0bd261bd,53.05,RON,Glovo ref 49981559,2026-06-19T20:40:57+00:00,818e12e2-7146-4ffe-a877-ba23cf63df5b,
f3d504af-be28-4e27-8b21-0d491491a371,37.79,RON,Lidl ref 81709126,2026-06-19T20:49:57+00:00,2eb300a6-bd34-43d9-94c9-8697b97c5ba7,
ba3ab69d-3fc4-420b-88c6-7ec32cfc8075,179.74,RON,Carrefour ref 48650694,2026-06-19T21:28:57+00:00,02c27ee1-ff57-48d4-82c7-6cf491fd62b9,
02383133-dedc-4105-8fb8-35053a1c9f82,94.93,RON,Glovo ref 22027068,2026-06-19T21:45:57+00:00,12cbffe1-d83b-42c0-8120-8703b8fbd5c6,
aabc08ee-c9b9-4158-a213-eb62c43a9143,242.59,RON,Dedeman ref 70510083,2026-06-19T22:50:57+00:00,97c83e0a-8a40-4c3e-b8e3-ae37cffa9985,
68ef8430-51b3-4ed6-9e05-abf346e1bfab,134.45,RON,Kaufland ref 69644351,2026-06-19T23:58:57+00:00,12cbffe1-d83b-42c0-8120-8703b8fbd5c6,
7b777e71-d917-48f8-8ad1-c18cf53f091e,217.79,RON,OMV benzina ref 82675403,2026-06-20T01:10:57+00:00,bdd640fb-0667-4ad1-9c80-317fa3b1799d,
60137cc8-91d9-43cf-89ab-389c087ef753,117.73,RON,Lidl ref 32902802,2026-06-20T01:40:57+00:00,6e36dc96-4f61-48f4-b69f-4ca617af9323,
06e2e080-2a0f-41e4-b229-0f1c8e68d0c1,100.68,RON,Lidl ref 70714168,2026-06-20T02:01:57+00:00,aa7898aa-95b2-468b-ac92-275a68599dc4,
20f759f6-9df0-403b-8f62-6e9a7cc696bd,148.39,RON,OMV benzina ref 53311474,2026-06-20T02:50:57+00:00,97c83e0a-8a40-4c3e-b8e3-ae37cffa9985,
7263694e-f569-4837-9ea0-7e793d42add0,28.55,RON,Mega Image ref 36085631,2026-06-20T03:54:57+00:00,97c83e0a-8a40-4c3e-b8e3-ae37cffa9985,
67b5c84f-525c-477e-ba18-717c337f2ee2,42.55,RON,Lidl ref 33784153,2026-06-20T04:06:57+00:00,97c83e0a-8a40-4c3e-b8e3-ae37cffa9985,
7da56b6e-4654-477d-9e67-a2789313b3a7,45.0,RON,Digi internet,2026-06-20T06:39:57+00:00,bdd640fb-0667-4ad1-9c80-317fa3b1799d,
07aa2515-65f7-4d06-9a2d-465b87cebaaa,45.0,RON,Digi internet,2026-06-20T06:39:57+00:00,0e5779ec-be1a-470f-ad83-a4c869f8d3e4,
bb8133fb-0b92-4003-bccb-296d3bf5d00a,45.0,RON,Digi internet,2026-06-20T06:39:57+00:00,aa7898aa-95b2-468b-ac92-275a68599dc4,
f93adb04-4d24-4ef6-be50-e2da7bbe4efe,45.0,RON,Digi internet,2026-06-20T06:39:57+00:00,7bf7bf91-9958-41e0-bb31-0f54e9f410c9,
f1d8cf10-9ec6-4137-b19b-583f623b6901,45.0,RON,Digi internet,2026-06-20T06:39:57+00:00,02c27ee1-ff57-48d4-82c7-6cf491fd62b9,
cf80d214-bd5c-46eb-901f-638fabfde65e,45.0,RON,Digi internet,2026-06-20T06:39:57+00:00,56cc310a-2a4b-4ab3-87df-66009aa0bf74,
545b1bc0-952b-4799-b849-acf1b41d12c5,45.0,RON,Digi internet,2026-06-20T06:39:57+00:00,5588e5c9-786a-4f09-8721-a8cedc57f9c8,
93c93ed3-b937-4c13-9a70-621950d05f18,45.0,RON,Digi internet,2026-06-20T06:39:57+00:00,33a2f3d5-7d4c-460f-ba3e-5b7745b7b856,
5cd1db00-d625-4493-98ba-34b02fbe89b5,45.0,RON,Digi internet,2026-06-20T06:39:57+00:00,6e36dc96-4f61-48f4-b69f-4ca617af9323,
977b08a8-f5ff-4939-843f-904471209cf5,45.0,RON,Digi internet,2026-06-20T06:39:57+00:00,2eb300a6-bd34-43d9-94c9-8697b97c5ba7,
c3c4fc3b-363b-4b94-9e1f-8f1b00f7b844,45.0,RON,Digi internet,2026-06-20T06:39:57+00:00,818e12e2-7146-4ffe-a877-ba23cf63df5b,
0881bab0-72f4-4a27-82da-b635a9e83409,45.0,RON,Digi internet,2026-06-20T06:39:57+00:00,97c83e0a-8a40-4c3e-b8e3-ae37cffa9985,
1bb256eb-de5e-4f09-ad12-6e4fd8986d02,45.0,RON,Digi internet,2026-06-20T06:39:57+00:00,d3228db7-ef32-4e3e-8fa9-f9f8a84cc34d,
60803f74-2a14-4c23-92c3-8e09f28be738,45.0,RON,Digi internet,2026-06-20T06:39:57+00:00,12cbffe1-d83b-42c0-8120-8703b8fbd5c6,
3c1a4bc3-7e16-4da1-b6e2-6336cb4b788d,45.0,RON,Digi internet,2026-06-20T06:39:57+00:00,82112000-16b4-4f2b-9dee-8ec850f886ea,
44eacce9-3227-4be1-a673-4c65edf783d3,26.07,RON,Mega Image ref 57022105,2026-06-20T14:47:57+00:00,82112000-16b4-4f2b-9dee-8ec850f886ea,
9ac725a7-40b6-4c17-97ee-15bc6ecd8788,25.73,RON,Glovo ref 95523296,2026-06-20T15:48:57+00:00,7bf7bf91-9958-41e0-bb31-0f54e9f410c9,
e1529522-c1af-4792-a08b-a0ef5ddc46f0,57.5,RON,Mega Image ref 37402375,2026-06-20T16:25:57+00:00,aa7898aa-95b2-468b-ac92-275a68599dc4,
1423b29c-378c-4d32-896b-d174e6eee64f,31.31,RON,Glovo ref 16264821,2026-06-20T16:50:57+00:00,6e36dc96-4f61-48f4-b69f-4ca617af9323,
4f45a39a-dbc4-4e66-89b7-dd9dca2c58f8,243.73,RON,Dedeman ref 98087049,2026-06-20T17:56:57+00:00,2eb300a6-bd34-43d9-94c9-8697b97c5ba7,
b9def348-4ea7-4fb3-8dbb-d8ed4ebed7c3,135.69,RON,Kaufland ref 38115244,2026-06-20T17:59:57+00:00,7bf7bf91-9958-41e0-bb31-0f54e9f410c9,
cce120ce-29f0-4c1d-a3ba-5ebfde2b4608,64.22,RON,Glovo ref 55092418,2026-06-20T18:18:57+00:00,818e12e2-7146-4ffe-a877-ba23cf63df5b,
e401d4d2-3bb7-4cfa-836f-d9c4e176a483,96.31,RON,Kaufland ref 53934752,2026-06-20T19:02:57+00:00,97c83e0a-8a40-4c3e-b8e3-ae37cffa9985,
d53690b0-d239-4bdf-970b-ee9734469c32,62.72,RON,Kaufland ref 46103034,2026-06-20T20:00:57+00:00,02c27ee1-ff57-48d4-82c7-6cf491fd62b9,
cb94cf8d-9145-4a38-b722-ec2c36b9ca35,23.38,RON,Glovo ref 54140102,2026-06-20T20:23:57+00:00,0e5779ec-be1a-470f-ad83-a4c869f8d3e4,
7363424d-9b08-4fe3-96f5-b732b072101a,93.67,RON,Lidl ref 35901383,2026-06-20T20:26:57+00:00,d3228db7-ef32-4e3e-8fa9-f9f8a84cc34d,
a7bd2d53-f3fc-4f09-9d2d-5b5a471b024a,61.27,RON,Glovo ref 40316694,2026-06-20T20:30:57+00:00,97c83e0a-8a40-4c3e-b8e3-ae37cffa9985,
02ef934e-8948-4b22-81fe-513a7ba7ab23,52.31,RON,Glovo ref 20308312,2026-06-20T21:29:57+00:00,56cc310a-2a4b-4ab3-87df-66009aa0bf74,
9e2e9f42-40f8-473b-b77f-11dd8fb52871,69.47,RON,Carrefour ref 29247867,2026-06-20T22:08:57+00:00,6e36dc96-4f61-48f4-b69f-4ca617af9323,
21bbbc85-ecfe-4b76-8988-e784f13de936,127.11,RON,Carrefour ref 64571628,2026-06-20T22:16:57+00:00,12cbffe1-d83b-42c0-8120-8703b8fbd5c6,
cbec7ade-adc2-4158-8546-c6c2f306a0c2,242.45,RON,OMV benzina ref 20819970,2026-06-20T23:06:57+00:00,6e36dc96-4f61-48f4-b69f-4ca617af9323,
2e21b3f7-2d76-4600-bf5e-269ded9384c1,93.61,RON,Kaufland ref 32346450,2026-06-20T23:38:57+00:00,82112000-16b4-4f2b-9dee-8ec850f886ea,
70305c14-0fee-4142-b617-d328868afd10,46.0,RON,Mega Image ref 36964542,2026-06-20T23:46:57+00:00,2eb300a6-bd34-43d9-94c9-8697b97c5ba7,
ca00ba1d-ce1c-479d-b9b7-40164795d660,56.98,RON,Mega Image ref 62499010,2026-06-21T00:23:57+00:00,818e12e2-7146-4ffe-a877-ba23cf63df5b,
37164f31-1298-4e9c-becd-2b8c5b952506,93.65,RON,Kaufland ref 34953074,2026-06-21T02:59:57+00:00,0e5779ec-be1a-470f-ad83-a4c869f8d3e4,
64caa1c7-58e7-4df8-80a2-372108560684,62.55,RON,Lidl ref 82580645,2026-06-21T03:06:57+00:00,bdd640fb-0667-4ad1-9c80-317fa3b1799d,
7701a54f-6fa8-4c71-92f4-329f8c94ff05,45.39,RON,Mega Image ref 15460215,2026-06-21T03:22:57+00:00,97c83e0a-8a40-4c3e-b8e3-ae37cffa9985,
20d4ba18-93a0-4478-800b-19de38db128d,97.61,RON,Kaufland ref 63402482,2026-06-21T03:37:57+00:00,bdd640fb-0667-4ad1-9c80-317fa3b1799d,
7a45b2b6-0e3f-4cd0-b3a9-3b0e95a4fefc,70.24,RON,Lidl ref 95795544,2026-06-21T03:42:57+00:00,97c83e0a-8a40-4c3e-b8e3-ae37cffa9985,
063fa3f9-94f3-452a-8406-320412f223d5,29.16,RON,Glovo ref 18976364,2026-06-21T03:43:57+00:00,d3228db7-ef32-4e3e-8fa9-f9f8a84cc34d,
7310453d-a962-421a-8faf-ba8475fa99f2,63.24,RON,Kaufland ref 49594225,2026-06-21T03:52:57+00:00,aa7898aa-95b2-468b-ac92-275a68599dc4,
85e76074-ef9a-454a-a746-8a52a233b665,58.61,RON,Lidl ref 85087085,2026-06-21T04:01:57+00:00,02c27ee1-ff57-48d4-82c7-6cf491fd62b9,
caed5a1a-971a-4342-b907-e1a26055b448,101.0,RON,Kaufland ref 90838861,2026-06-21T04:08:57+00:00,6e36dc96-4f61-48f4-b69f-4ca617af9323,
77753e37-141f-43f1-8319-8c1380a4ed6d,137.46,RON,Kaufland ref 31955229,2026-06-21T15:45:57+00:00,5588e5c9-786a-4f09-8721-a8cedc57f9c8,
3a4bde1f-c628-4dc5-b0d6-fddb92fa504c,79.53,RON,Mega Image ref 69857174,2026-06-21T17:43:57+00:00,33a2f3d5-7d4c-460f-ba3e-5b7745b7b856,
172b02d4-ff25-4f07-b298-d42d54c56591,199.13,RON,Kaufland ref 31867519,2026-06-21T17:47:57+00:00,82112000-16b4-4f2b-9dee-8ec850f886ea,
1dc8dd0f-c0ee-4f1c-9a7e-f0b3c99f2552,143.37,RON,Carrefour ref 16779625,2026-06-21T17:49:57+00:00,12cbffe1-d83b-42c0-8120-8703b8fbd5c6,
3802363e-7074-49f1-a32e-6d7f6991ec16,23.34,RON,Farmacia Tei ref 22381853,2026-06-21T18:06:57+00:00,818e12e2-7146-4ffe-a877-ba23cf63df5b,
2165ce36-39a6-4f82-bf61-fc18b2254d99,77.26,RON,Glovo ref 71058297,2026-06-21T18:45:57+00:00,82112000-16b4-4f2b-9dee-8ec850f886ea,
d7c8ccb8-af37-4fbe-acd3-13178874a1c5,60.11,RON,Kaufland ref 14715002,2026-06-21T20:39:57+00:00,aa7898aa-95b2-468b-ac92-275a68599dc4,
b550ddab-9406-4015-8a6f-e544d49a29f4,120.99,RON,Farmacia Tei ref 25725946,2026-06-21T20:39:57+00:00,82112000-16b4-4f2b-9dee-8ec850f886ea,
322e549d-ba47-483e-aff4-b87d6ffdb4f2,126.08,RON,Dedeman ref 81531133,2026-06-21T20:50:57+00:00,2eb300a6-bd34-43d9-94c9-8697b97c5ba7,
f04259d3-b854-4c7c-a6a3-74d9646ca6f3,51.49,RON,Glovo ref 40673472,2026-06-21T21:06:57+00:00,5588e5c9-786a-4f09-8721-a8cedc57f9c8,
a482e73a-d3d1-4326-9a67-3fe589e0b18b,95.67,RON,Lidl ref 80542603,2026-06-21T21:08:57+00:00,818e12e2-7146-4ffe-a877-ba23cf63df5b,
6bf7d125-a571-4542-a485-a11892ee4820,49.47,RON,Mega Image ref 20042733,2026-06-21T22:56:57+00:00,0e5779ec-be1a-470f-ad83-a4c869f8d3e4,
5fc3c501-75f7-43db-8ebe-f2efed0a0062,22.0,RON,Mega Image ref 95061010,2026-06-22T00:24:57+00:00,12cbffe1-d83b-42c0-8120-8703b8fbd5c6,
dca1adcc-9cdf-4664-9c91-f845534fc96d,82.39,RON,Kaufland ref 23522144,2026-06-22T00:52:57+00:00,bdd640fb-0667-4ad1-9c80-317fa3b1799d,
e13e6d45-6207-4af1-a590-fd88545801d8,299.9,RON,OMV benzina ref 76451708,2026-06-22T00:52:57+00:00,33a2f3d5-7d4c-460f-ba3e-5b7745b7b856,
97788819-ee9a-4b6b-a6a2-4a40f3310760,62.98,RON,Glovo ref 81251601,2026-06-22T02:12:57+00:00,aa7898aa-95b2-468b-ac92-275a68599dc4,
a1d94506-5017-4a7d-b1ea-2e35b137d9fc,100.3,RON,Glovo ref 37973578,2026-06-22T02:39:57+00:00,12cbffe1-d83b-42c0-8120-8703b8fbd5c6,
3ab09847-6f43-47cc-9bc2-b4b46a40e733,23.51,RON,Mega Image ref 30634593,2026-06-22T02:49:57+00:00,aa7898aa-95b2-468b-ac92-275a68599dc4,
0cf34e82-a165-4653-9c5b-c43361244852,85.36,RON,Glovo ref 72383239,2026-06-22T04:06:57+00:00,33a2f3d5-7d4c-460f-ba3e-5b7745b7b856,
487b3bfc-80f5-401a-ad61-d5b828d77277,62.12,RON,Mega Image ref 76706518,2026-06-22T14:53:57+00:00,97c83e0a-8a40-4c3e-b8e3-ae37cffa9985,
8cec2d07-22e9-4c15-8622-d06e5718da0a,62.39,RON,Mega Image ref 89014370,2026-06-22T15:27:57+00:00,02c27ee1-ff57-48d4-82c7-6cf491fd62b9,
350eed08-0755-45d4-97b7-7db1329e3316,71.38,RON,Farmacia Tei ref 15669671,2026-06-22T16:05:57+00:00,97c83e0a-8a40-4c3e-b8e3-ae37cffa9985,
f6335079-29c7-4a8b-9a5f-26879394af39,43.85,RON,Mega Image ref 47506947,2026-06-22T16:43:57+00:00,56cc310a-2a4b-4ab3-87df-66009aa0bf74,
7b5a69c2-6991-4df7-b938-27a26c51252a,21.06,RON,Glovo ref 74227978,2026-06-22T16:55:57+00:00,d3228db7-ef32-4e3e-8fa9-f9f8a84cc34d,
d52577e0-07e6-48fb-be40-ad33fce64e09,70.16,RON,Glovo ref 47323176,2026-06-22T17:21:57+00:00,5588e5c9-786a-4f09-8721-a8cedc57f9c8,
565d6ed0-39b0-4c64-8e85-661e3bc6c4e2,89.94,RON,Lidl ref 67584035,2026-06-22T17:39:57+00:00,7bf7bf91-9958-41e0-bb31-0f54e9f410c9,
9756fd33-53ae-4065-99f7-5c762bcfd03f,37.05,RON,Lidl ref 70771788,2026-06-22T19:05:57+00:00,0e5779ec-be1a-470f-ad83-a4c869f8d3e4,
c2d12e1b-aad3-4224-b4e0-8d2495892404,93.31,RON,Kaufland ref 47986899,2026-06-22T20:00:57+00:00,d3228db7-ef32-4e3e-8fa9-f9f8a84cc34d,
87a041f9-ddd0-475f-aaed-0c22789eae24,112.97,RON,Kaufland ref 96053297,2026-06-22T22:28:57+00:00,6e36dc96-4f61-48f4-b69f-4ca617af9323,
ce79edff-1051-4381-9a94-ad1a1e3ac730,72.86,RON,Mega Image ref 17697896,2026-06-22T23:27:57+00:00,6e36dc96-4f61-48f4-b69f-4ca617af9323,
2c110a43-6cc5-4999-b2f5-80bdf42050e8,78.91,RON,Lidl ref 38935675,2026-06-23T00:13:57+00:00,aa7898aa-95b2-468b-ac92-275a68599dc4,
3c5dba42-cdd8-4f09-851b-6267b8875caf,57.74,RON,Carrefour ref 23404289,2026-06-23T00:22:57+00:00,bdd640fb-0667-4ad1-9c80-317fa3b1799d,
385221fc-974b-4906-b67c-9ca42758c48e,64.71,RON,Lidl ref 21237964,2026-06-23T01:45:57+00:00,56cc310a-2a4b-4ab3-87df-66009aa0bf74,
87fc7d1a-148f-4e3c-8ce9-0fdf8bf4a93a,93.65,RON,Kaufland ref 36248260,2026-06-23T02:18:57+00:00,7bf7bf91-9958-41e0-bb31-0f54e9f410c9,
11cd47e4-368a-462f-a9e3-c43aaf686645,36.01,RON,Lidl ref 42558253,2026-06-23T02:22:57+00:00,97c83e0a-8a40-4c3e-b8e3-ae37cffa9985,
0fe7a70a-d405-449a-9331-869a1c746ebc,12.42,RON,Mega Image ref 79708011,2026-06-23T03:58:57+00:00,d3228db7-ef32-4e3e-8fa9-f9f8a84cc34d,
33781d0f-3147-44c0-829a-8fd05616ecd5,84.75,RON,Lidl ref 47565003,2026-06-23T03:59:57+00:00,5588e5c9-786a-4f09-8721-a8cedc57f9c8,
cd7514b1-1fe5-469e-b539-61bc42348b76,130.74,RON,Kaufland ref 16013165,2026-06-23T04:09:57+00:00,02c27ee1-ff57-48d4-82c7-6cf491fd62b9,
8f6068e7-1cf8-4fc4-9b6f-df8bf316891d,64.32,RON,Glovo ref 81610914,2026-06-23T14:53:57+00:00,aa7898aa-95b2-468b-ac92-275a68599dc4,
8342a8e2-3a30-45da-9359-b00ef13a69ca,197.44,RON,OMV benzina ref 26808955,2026-06-23T15:01:57+00:00,33a2f3d5-7d4c-460f-ba3e-5b7745b7b856,
28f5a577-95b0-47e9-b909-4dc6bc101e62,37.57,RON,Mega Image ref 84933782,2026-06-23T16:21:57+00:00,97c83e0a-8a40-4c3e-b8e3-ae37cffa9985,
8ce7dc29-7edd-4adc-a0a1-cac0a2153c9a,197.22,RON,OMV benzina ref 43067977,2026-06-23T16:35:57+00:00,97c83e0a-8a40-4c3e-b8e3-ae37cffa9985,
e93f7f9f-f904-4054-9050-a38a54810632,107.14,RON,Lidl ref 84420818,2026-06-23T16:57:57+00:00,97c83e0a-8a40-4c3e-b8e3-ae37cffa9985,
8d388f8d-0b2e-4a9d-9a7f-c9791376d2f5,74.56,RON,Kaufland ref 59762571,2026-06-23T17:34:57+00:00,12cbffe1-d83b-42c0-8120-8703b8fbd5c6,
72be22b6-b074-4f1b-986d-b68a204affea,55.66,RON,Mega Image ref 56029957,2026-06-23T17:48:57+00:00,5588e5c9-786a-4f09-8721-a8cedc57f9c8,
bb39b253-7142-4419-b586-6b79f969c0a5,24.72,RON,Mega Image ref 40044180,2026-06-23T19:00:57+00:00,818e12e2-7146-4ffe-a877-ba23cf63df5b,
cdb11f04-4887-4477-8000-b52ba7c1ea68,21.96,RON,Mega Image ref 63253295,2026-06-23T20:28:57+00:00,2eb300a6-bd34-43d9-94c9-8697b97c5ba7,
beee75f4-86f9-4246-bafa-0fc357ea7c88,110.23,RON,Kaufland ref 91898315,2026-06-23T20:48:57+00:00,97c83e0a-8a40-4c3e-b8e3-ae37cffa9985,
dfedf5fa-174d-45c0-ad60-18d977019d44,56.28,RON,Lidl ref 81866578,2026-06-23T20:57:57+00:00,aa7898aa-95b2-468b-ac92-275a68599dc4,
50d3802d-b876-4455-88b3-152d845a91b8,27.49,RON,Farmacia Tei ref 94644676,2026-06-23T21:10:57+00:00,bdd640fb-0667-4ad1-9c80-317fa3b1799d,
18091976-d522-4cae-a54d-cee3578a133d,112.16,RON,Carrefour ref 40406802,2026-06-23T21:30:57+00:00,12cbffe1-d83b-42c0-8120-8703b8fbd5c6,
07ac4aa2-cd48-4f4d-8637-2826cbb03667,32.16,RON,Glovo ref 48456535,2026-06-23T22:00:57+00:00,6e36dc96-4f61-48f4-b69f-4ca617af9323,
b9272714-6a42-4bd5-8d71-82b4d471104f,43.96,RON,Carrefour ref 22766765,2026-06-24T00:40:57+00:00,0e5779ec-be1a-470f-ad83-a4c869f8d3e4,
8056d992-671e-42bc-9e80-d9bf0df4ab5d,47.03,RON,Carrefour ref 43490657,2026-06-24T01:00:57+00:00,5588e5c9-786a-4f09-8721-a8cedc57f9c8,
54b63ce7-00b7-444c-b33e-c8109d33760a,67.12,RON,Farmacia Tei ref 22825011,2026-06-24T01:29:57+00:00,33a2f3d5-7d4c-460f-ba3e-5b7745b7b856,
99ef7616-f554-423a-8bc1-1c6d5266af3f,100.85,RON,Carrefour ref 89707395,2026-06-24T01:41:57+00:00,2eb300a6-bd34-43d9-94c9-8697b97c5ba7,
d0af7986-2937-47e9-9752-db082e86d47e,286.49,RON,Dedeman ref 15871005,2026-06-24T03:45:57+00:00,7bf7bf91-9958-41e0-bb31-0f54e9f410c9,
5e12cdb2-a52c-4396-b0cc-ebd3753473d4,22.06,RON,Glovo ref 69534705,2026-06-24T17:44:57+00:00,d3228db7-ef32-4e3e-8fa9-f9f8a84cc34d,
c23b4ffa-f69f-4ce8-86bc-b3c014aee34d,294.99,RON,OMV benzina ref 21010615,2026-06-24T19:18:57+00:00,02c27ee1-ff57-48d4-82c7-6cf491fd62b9,
81f73718-3cea-4f21-815d-6b9df4c98a79,79.21,RON,Glovo ref 90449200,2026-06-24T19:49:57+00:00,5588e5c9-786a-4f09-8721-a8cedc57f9c8,
23841977-02a9-4064-9351-1e950c3edd5c,47.6,RON,Carrefour ref 40066698,2026-06-24T20:18:57+00:00,0e5779ec-be1a-470f-ad83-a4c869f8d3e4,
f9f146b0-c9fb-45a0-aa1d-95f8e7b5a4dd,22.67,RON,Glovo ref 34335430,2026-06-24T20:45:57+00:00,56cc310a-2a4b-4ab3-87df-66009aa0bf74,
a8946446-68cd-4597-935b-5a4e3ea3d70a,137.04,RON,Kaufland ref 46671945,2026-06-24T20:48:57+00:00,818e12e2-7146-4ffe-a877-ba23cf63df5b,
9b7f69db-4bf0-454c-a38b-220d2c495f37,148.3,RON,Carrefour ref 54574703,2026-06-24T21:55:57+00:00,12cbffe1-d83b-42c0-8120-8703b8fbd5c6,
ded0a368-b1f0-4f7f-9373-ec3a9ed1faa6,60.0,RON,Glovo ref 86892816,2026-06-24T22:15:57+00:00,2eb300a6-bd34-43d9-94c9-8697b97c5ba7,
a3b9591d-3755-4a80-b56b-1afe35320401,53.66,RON,Glovo ref 33206922,2026-06-24T22:16:57+00:00,818e12e2-7146-4ffe-a877-ba23cf63df5b,
e872c557-3d90-49bb-a05d-8635cc87858c,69.26,RON,Lidl ref 41111726,2026-06-24T22:50:57+00:00,aa7898aa-95b2-468b-ac92-275a68599dc4,
7afdc081-6466-4f70-9633-6f851a45e565,100.69,RON,Glovo ref 70133687,2026-06-24T22:55:57+00:00,02c27ee1-ff57-48d4-82c7-6cf491fd62b9,
43189d9e-4e93-411d-bd23-769e7bc75029,46.54,RON,Glovo ref 21766311,2026-06-24T23:16:57+00:00,12cbffe1-d83b-42c0-8120-8703b8fbd5c6,
7f249179-7114-41c3-b780-8893964c45fe,190.38,RON,Dedeman ref 47116183,2026-06-25T01:43:57+00:00,5588e5c9-786a-4f09-8721-a8cedc57f9c8,
ddd55c3c-dd00-492f-9f47-5b9405b21cb3,140.08,RON,Kaufland ref 96231907,2026-06-25T01:45:57+00:00,02c27ee1-ff57-48d4-82c7-6cf491fd62b9,
e33bcf6b-a47f-4b31-a406-e6b8210122b4,75.62,RON,Lidl ref 57010074,2026-06-25T01:45:57+00:00,12cbffe1-d83b-42c0-8120-8703b8fbd5c6,
d9662bc6-48b6-436f-a6d9-ec3a546b5498,63.8,RON,Kaufland ref 63420935,2026-06-25T02:43:57+00:00,5588e5c9-786a-4f09-8721-a8cedc57f9c8,
fbe5403b-b24b-407b-8c66-d04f64b11c49,38.35,RON,Mega Image ref 16318000,2026-06-25T02:59:57+00:00,0e5779ec-be1a-470f-ad83-a4c869f8d3e4,
b95595d0-6561-4876-9ad6-25816b09f69e,98.32,RON,Glovo ref 32725140,2026-06-25T03:46:57+00:00,6e36dc96-4f61-48f4-b69f-4ca617af9323,
55ac0d06-be9d-4951-b329-af6e18a73d94,47.93,RON,Glovo ref 94538675,2026-06-25T03:55:57+00:00,bdd640fb-0667-4ad1-9c80-317fa3b1799d,
1564b478-8d62-4ba6-89fc-17cf3dd29956,39.61,RON,Mega Image ref 19955322,2026-06-25T04:17:57+00:00,aa7898aa-95b2-468b-ac92-275a68599dc4,
bde6d77f-1a7e-469d-80fb-ba4ee5d60e4e,60.63,RON,Mega Image ref 84373039,2026-06-25T16:11:57+00:00,818e12e2-7146-4ffe-a877-ba23cf63df5b,
62b1f4b7-bdc3-44fc-93d0-70fa6181116b,95.14,RON,Glovo ref 99971307,2026-06-25T16:35:57+00:00,6e36dc96-4f61-48f4-b69f-4ca617af9323,
14852949-8bf6-40ea-a244-496ab88e33d1,34.7,RON,Mega Image ref 66656310,2026-06-25T17:18:57+00:00,aa7898aa-95b2-468b-ac92-275a68599dc4,
0d88fa93-6292-4c6b-8157-2c3cdf4eba91,28.75,RON,Glovo ref 96148994,2026-06-25T18:10:57+00:00,7bf7bf91-9958-41e0-bb31-0f54e9f410c9,
68b1a6e5-c812-4eae-95ca-ab20a54d72ab,115.91,RON,Farmacia Tei ref 12233227,2026-06-25T18:59:57+00:00,02c27ee1-ff57-48d4-82c7-6cf491fd62b9,
d4c8d684-5c64-4cb5-9d74-d4587004ffe3,102.62,RON,Glovo ref 67433446,2026-06-25T19:40:57+00:00,82112000-16b4-4f2b-9dee-8ec850f886ea,
afac70bc-051e-474a-b195-321d6c20ee70,155.17,RON,Kaufland ref 77804539,2026-06-25T19:43:57+00:00,02c27ee1-ff57-48d4-82c7-6cf491fd62b9,
3873335f-ca3f-48a4-8d88-e44e23c43184,140.96,RON,Kaufland ref 37554949,2026-06-25T21:10:57+00:00,aa7898aa-95b2-468b-ac92-275a68599dc4,
2e427c4b-aedf-46a1-b923-ee23e3068822,73.9,RON,Lidl ref 85561241,2026-06-25T22:21:57+00:00,02c27ee1-ff57-48d4-82c7-6cf491fd62b9,
f89092fe-d957-4bc5-aeb9-e6fdd8e235ca,74.45,RON,Glovo ref 49008409,2026-06-25T23:07:57+00:00,97c83e0a-8a40-4c3e-b8e3-ae37cffa9985,
6b32497b-dd1e-4408-9d6f-c14aa095e132,132.5,RON,Kaufland ref 99163475,2026-06-25T23:10:57+00:00,818e12e2-7146-4ffe-a877-ba23cf63df5b,
bf3df1cd-eee8-4d19-8fed-000a573354f6,75.49,RON,Carrefour ref 58092949,2026-06-26T00:12:57+00:00,d3228db7-ef32-4e3e-8fa9-f9f8a84cc34d,
5d426368-e6f5-4b23-a9f8-360b54c0f297,63.97,RON,Glovo ref 36475408,2026-06-26T00:17:57+00:00,d3228db7-ef32-4e3e-8fa9-f9f8a84cc34d,
58ac4a0e-d6d2-44b4-a9f7-60ae70c236a1,38.55,RON,Mega Image ref 57251186,2026-06-26T01:44:57+00:00,5588e5c9-786a-4f09-8721-a8cedc57f9c8,
fbbef86b-a3c0-46de-a339-38389c569701,89.64,RON,Mega Image ref 59383717,2026-06-26T01:52:57+00:00,02c27ee1-ff57-48d4-82c7-6cf491fd62b9,
b0309415-ef21-4b2c-8143-d636fd54225b,70.99,RON,Glovo ref 82149862,2026-06-26T03:02:57+00:00,0e5779ec-be1a-470f-ad83-a4c869f8d3e4,
2ce684b0-038b-4631-8d5e-88158930899a,28.23,RON,Mega Image ref 86343790,2026-06-26T03:27:57+00:00,d3228db7-ef32-4e3e-8fa9-f9f8a84cc34d,
c4dc474e-820a-485a-bedb-b510dff3fbae,35.5,RON,Glovo ref 88345103,2026-06-26T14:50:57+00:00,56cc310a-2a4b-4ab3-87df-66009aa0bf74,
29b9aa24-f833-40a2-baa5-45e9676a71aa,190.36,RON,OMV benzina ref 57123444,2026-06-26T14:52:57+00:00,2eb300a6-bd34-43d9-94c9-8697b97c5ba7,
4c83b19a-3652-48c4-b656-c7eb9fe845d7,55.44,RON,Mega Image ref 95556335,2026-06-26T15:01:57+00:00,818e12e2-7146-4ffe-a877-ba23cf63df5b,
58b0e6c9-069d-493d-86d4-0c98247a4253,80.7,RON,Carrefour ref 14519173,2026-06-26T15:25:57+00:00,2eb300a6-bd34-43d9-94c9-8697b97c5ba7,
7decd8e7-992d-4058-acd3-74a8d910bccf,301.66,RON,OMV benzina ref 91387542,2026-06-26T15:41:57+00:00,82112000-16b4-4f2b-9dee-8ec850f886ea,
cf4eaf7d-c1d4-4f39-8d63-f5dc591b2c13,41.5,RON,Farmacia Tei ref 93282172,2026-06-26T16:01:57+00:00,12cbffe1-d83b-42c0-8120-8703b8fbd5c6,
0246b083-174f-46f5-8902-3fcd12eb463e,30.17,RON,Glovo ref 66212146,2026-06-26T16:04:57+00:00,d3228db7-ef32-4e3e-8fa9-f9f8a84cc34d,
cb0fb554-c278-4b0f-8299-057dab17eb18,73.53,RON,Mega Image ref 31947109,2026-06-26T16:26:57+00:00,33a2f3d5-7d4c-460f-ba3e-5b7745b7b856,
c30dafb5-7775-4059-9298-404d96f62fa1,58.62,RON,Glovo ref 23274325,2026-06-26T16:27:57+00:00,7bf7bf91-9958-41e0-bb31-0f54e9f410c9,
b01de936-1527-490a-94c0-8edd95f9a545,49.24,RON,Mega Image ref 95501953,2026-06-26T17:27:57+00:00,aa7898aa-95b2-468b-ac92-275a68599dc4,
08534a62-7576-4f4d-8fd1-edcafbf993f8,44.69,RON,Mega Image ref 12593548,2026-06-26T17:29:57+00:00,d3228db7-ef32-4e3e-8fa9-f9f8a84cc34d,
4518f4c6-612a-4cc6-8fff-0d34caa81f13,73.31,RON,Kaufland ref 92241997,2026-06-26T18:43:57+00:00,0e5779ec-be1a-470f-ad83-a4c869f8d3e4,
f7f34fd5-d1eb-4945-8b17-993775a5fc2b,49.43,RON,Lidl ref 83504651,2026-06-26T19:09:57+00:00,d3228db7-ef32-4e3e-8fa9-f9f8a84cc34d,
72edd1a5-c970-42af-9d70-92a823554d4b,64.88,RON,Carrefour ref 95190598,2026-06-26T19:51:57+00:00,d3228db7-ef32-4e3e-8fa9-f9f8a84cc34d,
4cbecb25-a6a8-46c3-9c72-0e634f7bafa0,130.05,RON,Carrefour ref 23022574,2026-06-26T20:07:57+00:00,33a2f3d5-7d4c-460f-ba3e-5b7745b7b856,
e53dfc49-f741-4b94-99a3-ac28e346c1b7,31.49,RON,Glovo ref 88400641,2026-06-26T20:34:57+00:00,0e5779ec-be1a-470f-ad83-a4c869f8d3e4,
0cabf18c-f53d-488d-a994-4cd29ab95b79,87.74,RON,Lidl ref 93603906,2026-06-26T22:14:57+00:00,7bf7bf91-9958-41e0-bb31-0f54e9f410c9,
e6331c81-14f5-4a5e-8ac3-4aa0103fb9f0,39.66,RON,Kaufland ref 96331544,2026-06-26T23:06:57+00:00,56cc310a-2a4b-4ab3-87df-66009aa0bf74,
c35430fe-aa70-4aca-81f3-853974e57dd3,201.57,RON,Dedeman ref 45036558,2026-06-26T23:57:57+00:00,818e12e2-7146-4ffe-a877-ba23cf63df5b,
aa99d682-9045-4a45-add0-a30fb55bf7df,61.25,RON,Lidl ref 46090285,2026-06-27T00:20:57+00:00,5588e5c9-786a-4f09-8721-a8cedc57f9c8,
43773434-5de2-41a8-bcd7-d844a6319b8e,44.42,RON,Mega Image ref 97038979,2026-06-27T00:33:57+00:00,6e36dc96-4f61-48f4-b69f-4ca617af9323,
adf6ce2f-dff2-4f43-bae2-be6dc7a869c8,82.96,RON,Lidl ref 96579801,2026-06-27T01:47:57+00:00,56cc310a-2a4b-4ab3-87df-66009aa0bf74,
cf41c7ca-dce6-4522-8632-718eb0ddbe62,132.6,RON,Kaufland ref 99238969,2026-06-27T02:39:57+00:00,aa7898aa-95b2-468b-ac92-275a68599dc4,
9e31a4bd-2abd-41ef-887a-9725ddeb5f4d,43.68,RON,Farmacia Tei ref 72400311,2026-06-27T02:55:57+00:00,6e36dc96-4f61-48f4-b69f-4ca617af9323,
efd1422e-eb42-4215-8c3d-8a3535b92983,14.09,RON,Mega Image ref 11772524,2026-06-27T02:56:57+00:00,7bf7bf91-9958-41e0-bb31-0f54e9f410c9,
8f9d0bb5-cb9f-45ec-ad8d-fa8ee6b7bbdf,363.92,RON,OMV benzina ref 45472873,2026-06-27T04:24:57+00:00,02c27ee1-ff57-48d4-82c7-6cf491fd62b9,
d9f861ea-6d2a-46e3-9829-7e5612ddedc0,29.23,RON,Glovo ref 46800106,2026-06-27T15:27:57+00:00,2eb300a6-bd34-43d9-94c9-8697b97c5ba7,
dbf8cc3c-aeb7-476f-9cb9-6c70faf76850,29.06,RON,Mega Image ref 17475528,2026-06-27T15:33:57+00:00,02c27ee1-ff57-48d4-82c7-6cf491fd62b9,
c347847b-921a-4dc9-9b94-ae15a21db63f,84.66,RON,Carrefour ref 61929252,2026-06-27T15:35:57+00:00,56cc310a-2a4b-4ab3-87df-66009aa0bf74,
8e129cd6-6e33-48cf-999b-c18057418749,42.83,RON,Lidl ref 98952793,2026-06-27T16:29:57+00:00,56cc310a-2a4b-4ab3-87df-66009aa0bf74,
695d48e2-dae6-4c82-a351-a4e919639085,79.62,RON,Lidl ref 97370586,2026-06-27T18:33:57+00:00,818e12e2-7146-4ffe-a877-ba23cf63df5b,
e40fd574-e3a6-4bff-a20e-0c3cc7103646,42.72,RON,Mega Image ref 72455021,2026-06-27T18:58:57+00:00,12cbffe1-d83b-42c0-8120-8703b8fbd5c6,
994d6335-cf5b-4906-9b1d-d405cfa485bd,65.12,RON,Glovo ref 51850732,2026-06-27T20:47:57+00:00,d3228db7-ef32-4e3e-8fa9-f9f8a84cc34d,
af55f5f3-26eb-4b38-aa6c-fce65bc25865,61.65,RON,Glovo ref 17865537,2026-06-27T21:19:57+00:00,82112000-16b4-4f2b-9dee-8ec850f886ea,
d1491965-737b-46b2-b307-2cbd3cd7852e,69.79,RON,Mega Image ref 32599162,2026-06-27T21:28:57+00:00,6e36dc96-4f61-48f4-b69f-4ca617af9323,
fd9a639f-8a28-49ea-a4c8-673791cb4c9b,132.13,RON,Carrefour ref 27816481,2026-06-27T22:15:57+00:00,818e12e2-7146-4ffe-a877-ba23cf63df5b,
a2d99503-fa6a-4e9f-986c-332148eee6b2,26.36,RON,Glovo ref 96974990,2026-06-27T22:55:57+00:00,7bf7bf91-9958-41e0-bb31-0f54e9f410c9,
5ad2c420-f09d-4a8a-bcd9-915dc2b408fc,81.74,RON,Kaufland ref 30882678,2026-06-28T01:27:57+00:00,7bf7bf91-9958-41e0-bb31-0f54e9f410c9,
315594c4-6868-4a06-8864-315b824149ee,71.23,RON,Kaufland ref 15026138,2026-06-28T03:25:57+00:00,d3228db7-ef32-4e3e-8fa9-f9f8a84cc34d,
550d9126-a17d-4fba-bc51-bd2486980f30,155.81,RON,Lidl ref 69534002,2026-06-28T04:24:57+00:00,12cbffe1-d83b-42c0-8120-8703b8fbd5c6,
dbc3f559-8390-4d94-8713-b81fc2f86229,35.07,RON,Glovo ref 89258668,2026-06-28T16:00:57+00:00,0e5779ec-be1a-470f-ad83-a4c869f8d3e4,
84d473cc-0181-4ad1-ac14-cf57cae842d3,21.71,RON,Glovo ref 39145695,2026-06-28T17:27:57+00:00,56cc310a-2a4b-4ab3-87df-66009aa0bf74,
64758894-b578-499f-ba65-558ea45ea7db,30.51,RON,Carrefour ref 40444304,2026-06-28T18:08:57+00:00,2eb300a6-bd34-43d9-94c9-8697b97c5ba7,
9afa8267-4479-4214-b5de-f8074a965478,27.61,RON,Mega Image ref 97645934,2026-06-28T19:53:57+00:00,bdd640fb-0667-4ad1-9c80-317fa3b1799d,
152da489-58cb-4c2e-9bb7-be141cd02af3,26.53,RON,Glovo ref 45881389,2026-06-28T20:03:57+00:00,d3228db7-ef32-4e3e-8fa9-f9f8a84cc34d,
3247379a-5821-404e-a41d-1121e363ea65,30.25,RON,Mega Image ref 82352664,2026-06-28T20:09:57+00:00,d3228db7-ef32-4e3e-8fa9-f9f8a84cc34d,
1023abd5-bb57-4197-a9a1-041e2b02c1ac,98.47,RON,Kaufland ref 43373989,2026-06-28T20:10:57+00:00,d3228db7-ef32-4e3e-8fa9-f9f8a84cc34d,
279e22dc-6f0d-41e0-9f7a-51ba7f331ead,74.03,RON,Kaufland ref 30989153,2026-06-28T20:25:57+00:00,2eb300a6-bd34-43d9-94c9-8697b97c5ba7,
3e972573-92ae-4d72-899b-0c67a5965343,97.25,RON,Glovo ref 79431072,2026-06-28T21:27:57+00:00,02c27ee1-ff57-48d4-82c7-6cf491fd62b9,
62934e8e-d189-4750-b7d8-b4283754a771,169.28,RON,OMV benzina ref 99992846,2026-06-28T21:42:57+00:00,0e5779ec-be1a-470f-ad83-a4c869f8d3e4,
364d063a-8fb5-4a91-abca-02d3d2875a1d,42.17,RON,Glovo ref 34007971,2026-06-28T21:59:57+00:00,2eb300a6-bd34-43d9-94c9-8697b97c5ba7,
05cb5465-1e8f-4da4-b4c7-7a962a67f030,22.91,RON,Mega Image ref 81150044,2026-06-28T22:00:57+00:00,7bf7bf91-9958-41e0-bb31-0f54e9f410c9,
78bf9e23-00e2-4562-bea3-2d3485c8363f,68.3,RON,Glovo ref 69544431,2026-06-28T23:22:57+00:00,7bf7bf91-9958-41e0-bb31-0f54e9f410c9,
4984e0ab-7a0e-4539-8a3e-50b5938df7c1,30.54,RON,Glovo ref 99676711,2026-06-28T23:31:57+00:00,aa7898aa-95b2-468b-ac92-275a68599dc4,
34b549be-db19-4e67-bc3a-8abba5aa9765,98.74,RON,Lidl ref 98514011,2026-06-28T23:32:57+00:00,0e5779ec-be1a-470f-ad83-a4c869f8d3e4,
3c3de558-bb67-4ca0-a496-51d7c0b3098d,172.35,RON,Carrefour ref 52979992,2026-06-28T23:41:57+00:00,6e36dc96-4f61-48f4-b69f-4ca617af9323,
8961d047-a673-48cd-a9fd-429f28eccca2,81.71,RON,Mega Image ref 51718110,2026-06-29T02:45:57+00:00,82112000-16b4-4f2b-9dee-8ec850f886ea,
a60d111d-9728-4904-8d15-5008d78a4011,51.2,RON,Mega Image ref 71101819,2026-06-29T02:57:57+00:00,97c83e0a-8a40-4c3e-b8e3-ae37cffa9985,
576bd523-a2fc-4b34-9868-ffda60bdc662,231.62,RON,OMV benzina ref 42965597,2026-06-29T14:39:57+00:00,aa7898aa-95b2-468b-ac92-275a68599dc4,
6404f2cd-e046-4a7e-abd8-5939765c0240,78.33,RON,Carrefour ref 76407803,2026-06-29T15:51:57+00:00,82112000-16b4-4f2b-9dee-8ec850f886ea,
218ce6cd-a54a-4860-8b45-c64fcb38c063,41.16,RON,Glovo ref 30024289,2026-06-29T16:08:57+00:00,818e12e2-7146-4ffe-a877-ba23cf63df5b,
9ed7a652-de2b-4e58-b3d2-939ef99dd6d5,59.5,RON,Mega Image ref 61751100,2026-06-29T16:53:57+00:00,0e5779ec-be1a-470f-ad83-a4c869f8d3e4,
41bfd84b-02dc-47af-9e27-327b5c7a9881,27.99,RON,Lidl ref 70777455,2026-06-29T18:04:57+00:00,818e12e2-7146-4ffe-a877-ba23cf63df5b,
ca679742-5491-40f7-b16d-b1978d4d2f4d,69.82,RON,Glovo ref 19487711,2026-06-29T19:54:57+00:00,6e36dc96-4f61-48f4-b69f-4ca617af9323,
d7039652-b857-487a-84d9-99e6388211e0,116.25,RON,Kaufland ref 57082768,2026-06-29T20:51:57+00:00,02c27ee1-ff57-48d4-82c7-6cf491fd62b9,
8238dd16-7dcb-4a69-9071-2f1713b219a6,146.2,RON,Kaufland ref 25483155,2026-06-29T21:10:57+00:00,6e36dc96-4f61-48f4-b69f-4ca617af9323,
da8d93fa-7351-4c0c-9ad0-bcebd8030ad9,77.31,RON,Mega Image ref 19994196,2026-06-29T22:07:57+00:00,33a2f3d5-7d4c-460f-ba3e-5b7745b7b856,
c7e45938-3b3f-4276-82a7-4051f415d8e8,19.2,RON,Mega Image ref 36272937,2026-06-29T22:56:57+00:00,818e12e2-7146-4ffe-a877-ba23cf63df5b,
20881ccc-1d79-451a-9ea5-a6de16fd43f0,176.78,RON,Kaufland ref 57327780,2026-06-29T23:38:57+00:00,12cbffe1-d83b-42c0-8120-8703b8fbd5c6,
bec18734-6ba1-4014-a482-1d7e622c3002,67.23,RON,Mega Image ref 23431088,2026-06-29T23:38:57+00:00,12cbffe1-d83b-42c0-8120-8703b8fbd5c6,
9b5f9f09-d91c-41a0-a15d-d4ee217837be,358.28,RON,OMV benzina ref 29573462,2026-06-29T23:57:57+00:00,6e36dc96-4f61-48f4-b69f-4ca617af9323,
94eb98ec-f7b0-44ac-8be8-79252db5322b,28.18,RON,Mega Image ref 70948966,2026-06-30T00:24:57+00:00,6e36dc96-4f61-48f4-b69f-4ca617af9323,
477beea0-bb59-4656-a41b-2e3b27148b08,49.04,RON,Kaufland ref 39063675,2026-06-30T01:08:57+00:00,2eb300a6-bd34-43d9-94c9-8697b97c5ba7,
7dd51dfe-6ba2-453c-9d9b-f75eeaa49083,58.14,RON,Glovo ref 74642957,2026-06-30T01:08:57+00:00,2eb300a6-bd34-43d9-94c9-8697b97c5ba7,
eb811842-a42f-4367-9a3d-a18b7bbdf826,66.52,RON,Farmacia Tei ref 76743800,2026-06-30T01:09:57+00:00,818e12e2-7146-4ffe-a877-ba23cf63df5b,
c474267d-9e66-4333-a148-8ec684b19d48,135.54,RON,Kaufland ref 72128681,2026-06-30T01:16:57+00:00,d3228db7-ef32-4e3e-8fa9-f9f8a84cc34d,
1a5ed196-65a4-479b-aaba-a4f935e80364,58.25,RON,Glovo ref 20746107,2026-06-30T01:54:57+00:00,bdd640fb-0667-4ad1-9c80-317fa3b1799d,
a8dcda69-3ab5-4005-92d0-471effefd385,47.48,RON,Glovo ref 39540375,2026-06-30T02:08:57+00:00,97c83e0a-8a40-4c3e-b8e3-ae37cffa9985,
2795bf89-d5b4-44a4-b9d7-b9ad7850b7b1,27.05,RON,Glovo ref 92620334,2026-06-30T02:11:57+00:00,7bf7bf91-9958-41e0-bb31-0f54e9f410c9,
1f79260c-9020-4de2-a0b2-55bf67ba189d,37.83,RON,Glovo ref 30127103,2026-06-30T02:12:57+00:00,aa7898aa-95b2-468b-ac92-275a68599dc4,
609b7c1a-93fe-4a88-8c9d-0e58707452ae,139.74,RON,Lidl ref 28965255,2026-06-30T02:44:57+00:00,02c27ee1-ff57-48d4-82c7-6cf491fd62b9,
0a568d1c-7808-46ff-a123-53195069c057,99.42,RON,Kaufland ref 15698862,2026-06-30T02:57:57+00:00,aa7898aa-95b2-468b-ac92-275a68599dc4,
ebb06b15-a488-4369-8b40-0975c253dac4,341.42,RON,OMV benzina ref 10205861,2026-06-30T03:18:57+00:00,02c27ee1-ff57-48d4-82c7-6cf491fd62b9,
ff49a4a0-216d-433d-b3f3-4aa96f3f7de4,44.08,RON,Lidl ref 81303598,2026-06-30T14:51:57+00:00,33a2f3d5-7d4c-460f-ba3e-5b7745b7b856,
9708f965-0a31-4795-baa5-1b942e6ebf2b,72.07,RON,Glovo ref 43838528,2026-06-30T15:34:57+00:00,97c83e0a-8a40-4c3e-b8e3-ae37cffa9985,
07db5cc9-75ad-4c06-a31a-25c4277be5e2,92.86,RON,Farmacia Tei ref 21671617,2026-06-30T16:16:57+00:00,5588e5c9-786a-4f09-8721-a8cedc57f9c8,
6b276e72-27fd-4565-886d-580b815ea35a,15.02,RON,Mega Image ref 49397986,2026-06-30T16:56:57+00:00,2eb300a6-bd34-43d9-94c9-8697b97c5ba7,
9755c8ee-c1bd-4af8-af91-e43af592f8fb,54.9,RON,Mega Image ref 58934924,2026-06-30T18:15:57+00:00,5588e5c9-786a-4f09-8721-a8cedc57f9c8,
6a0c574f-5f8f-4ddc-bde7-be1cd423d142,24.08,RON,Mega Image ref 47288768,2026-06-30T20:16:57+00:00,33a2f3d5-7d4c-460f-ba3e-5b7745b7b856,
8a63b93c-def3-406a-b998-63f27799fddb,72.35,RON,Glovo ref 73908407,2026-06-30T20:34:57+00:00,bdd640fb-0667-4ad1-9c80-317fa3b1799d,
806273b3-e966-4f6c-a89f-5c90d42161da,207.19,RON,Dedeman ref 54616284,2026-06-30T20:39:57+00:00,56cc310a-2a4b-4ab3-87df-66009aa0bf74,
219b606d-205c-4491-a061-09db7172f636,43.36,RON,Lidl ref 48141360,2026-06-30T20:58:57+00:00,bdd640fb-0667-4ad1-9c80-317fa3b1799d,
177ffb9e-64bf-42e1-a343-ab6b719f815e,37.06,RON,Glovo ref 80583195,2026-06-30T21:17:57+00:00,12cbffe1-d83b-42c0-8120-8703b8fbd5c6,
f8d37880-34e4-4303-a4ea-80adfa1dbc9f,39.69,RON,Mega Image ref 60296495,2026-06-30T22:28:57+00:00,12cbffe1-d83b-42c0-8120-8703b8fbd5c6,
d748a207-4b4f-4462-8d07-9752adef324e,29.79,RON,Farmacia Tei ref 34096967,2026-06-30T22:40:57+00:00,818e12e2-7146-4ffe-a877-ba23cf63df5b,
0a463933-42cf-4979-ad28-09676a098c6c,32.07,RON,Mega Image ref 19210473,2026-06-30T22:50:57+00:00,818e12e2-7146-4ffe-a877-ba23cf63df5b,
6fbc7e71-6876-4aaa-bd64-d654a89f9159,102.84,RON,Carrefour ref 90280878,2026-06-30T22:59:57+00:00,d3228db7-ef32-4e3e-8fa9-f9f8a84cc34d,
e86ae802-a574-49e6-96b3-49ee597dba72,192.13,RON,Kaufland ref 30945326,2026-07-01T00:46:57+00:00,33a2f3d5-7d4c-460f-ba3e-5b7745b7b856,
a4cfde0b-ffc0-491d-a0c7-80f12572b371,106.92,RON,Lidl ref 35984231,2026-07-01T02:15:57+00:00,12cbffe1-d83b-42c0-8120-8703b8fbd5c6,
27c00f89-9e3b-41b3-8330-125c1a9b0d42,99.1,RON,Kaufland ref 21173787,2026-07-01T03:04:57+00:00,bdd640fb-0667-4ad1-9c80-317fa3b1799d,
437c14e2-535f-4ac6-905d-41d86cc31b4a,61.35,RON,Glovo ref 46664946,2026-07-01T03:14:57+00:00,56cc310a-2a4b-4ab3-87df-66009aa0bf74,
ed4b229f-1e4a-4016-83fc-f7b75a19d7ab,122.2,RON,Kaufland ref 70752435,2026-07-01T15:09:57+00:00,0e5779ec-be1a-470f-ad83-a4c869f8d3e4,
adfc11fc-7093-472e-9eeb-afad38ebf35d,204.08,RON,Carrefour ref 36330332,2026-07-01T16:22:57+00:00,02c27ee1-ff57-48d4-82c7-6cf491fd62b9,
ea4cd607-8e48-4a8c-a3e4-79461fcfcb8e,76.75,RON,Carrefour ref 80944243,2026-07-01T16:34:57+00:00,aa7898aa-95b2-468b-ac92-275a68599dc4,
228c4f0c-c49d-44fc-8c64-1c0031b41e88,24.45,RON,Mega Image ref 49347299,2026-07-01T17:20:57+00:00,7bf7bf91-9958-41e0-bb31-0f54e9f410c9,
5ae654b7-9e3b-47e6-b5c4-1c378eea487f,33.14,RON,Mega Image ref 92437710,2026-07-01T17:54:57+00:00,aa7898aa-95b2-468b-ac92-275a68599dc4,
fcbbe186-0042-4dd9-94c7-faa6c4c9921c,49.43,RON,Glovo ref 10197299,2026-07-01T18:54:57+00:00,33a2f3d5-7d4c-460f-ba3e-5b7745b7b856,
4217199a-985a-4a57-a0fd-7ea03616c37c,103.97,RON,Kaufland ref 47749932,2026-07-01T20:52:57+00:00,02c27ee1-ff57-48d4-82c7-6cf491fd62b9,
8c0a268b-496b-45fe-8c5b-59b52e9b8fb5,135.6,RON,Kaufland ref 10936049,2026-07-01T21:14:57+00:00,7bf7bf91-9958-41e0-bb31-0f54e9f410c9,
79da68a7-8694-44b1-8dda-6ecfa171ddd1,132.67,RON,Kaufland ref 95895849,2026-07-01T21:33:57+00:00,d3228db7-ef32-4e3e-8fa9-f9f8a84cc34d,
e736ff52-dba0-4693-a702-75a00770fc79,20.65,RON,Farmacia Tei ref 28770973,2026-07-01T21:47:57+00:00,5588e5c9-786a-4f09-8721-a8cedc57f9c8,
0494284e-b96e-45af-a502-77ea55335456,95.84,RON,Farmacia Tei ref 66319519,2026-07-01T23:16:57+00:00,12cbffe1-d83b-42c0-8120-8703b8fbd5c6,
337636ff-8386-4737-8c32-dc94485ab508,45.07,RON,Glovo ref 98971926,2026-07-02T00:14:57+00:00,6e36dc96-4f61-48f4-b69f-4ca617af9323,
7cb35809-0a66-4d29-a763-735a924dbb78,34.7,RON,Mega Image ref 56759741,2026-07-02T00:19:57+00:00,56cc310a-2a4b-4ab3-87df-66009aa0bf74,
0f8ace7c-1084-461b-a032-3ec52f4cda5e,58.54,RON,Glovo ref 80574608,2026-07-02T00:28:57+00:00,aa7898aa-95b2-468b-ac92-275a68599dc4,
0a17a480-a5a3-482c-a153-281f05815e22,83.35,RON,Mega Image ref 25634510,2026-07-02T00:34:57+00:00,12cbffe1-d83b-42c0-8120-8703b8fbd5c6,
88312e7b-0562-4eef-9c3d-5c131077c18d,211.73,RON,Carrefour ref 43437104,2026-07-02T01:38:57+00:00,12cbffe1-d83b-42c0-8120-8703b8fbd5c6,
5fed36bc-8dd4-4045-b1ab-8db2950998ba,276.99,RON,OMV benzina ref 93701859,2026-07-02T01:59:57+00:00,82112000-16b4-4f2b-9dee-8ec850f886ea,
ced6543c-5ef7-4629-8ac4-8cc3e7089490,77.69,RON,Kaufland ref 50582289,2026-07-02T02:12:57+00:00,82112000-16b4-4f2b-9dee-8ec850f886ea,
8020da65-f864-4f2f-9dfc-55c2772c7498,66.66,RON,Lidl ref 57230948,2026-07-02T02:24:57+00:00,7bf7bf91-9958-41e0-bb31-0f54e9f410c9,
6ea48dc0-65fb-436d-9729-b73b4324805c,106.65,RON,Kaufland ref 71301736,2026-07-02T03:47:57+00:00,56cc310a-2a4b-4ab3-87df-66009aa0bf74,
2e04ac86-0c5c-4f97-a3aa-e48ef9419942,75.99,RON,Glovo ref 80192983,2026-07-02T15:08:57+00:00,12cbffe1-d83b-42c0-8120-8703b8fbd5c6,
0676676d-0d04-479b-bd13-af9e55fda441,73.01,RON,Glovo ref 65979497,2026-07-02T15:09:57+00:00,6e36dc96-4f61-48f4-b69f-4ca617af9323,
2b791286-76d9-4c5d-9601-0bde4c1a3bb4,152.69,RON,Kaufland ref 68708544,2026-07-02T15:13:57+00:00,82112000-16b4-4f2b-9dee-8ec850f886ea,
da38aab5-6561-4fee-ad4a-da4c9e287fb9,16.09,RON,Mega Image ref 87556403,2026-07-02T15:49:57+00:00,5588e5c9-786a-4f09-8721-a8cedc57f9c8,
6009bfce-cdef-43f3-beb2-ebe0a9545955,44.44,RON,Lidl ref 28618806,2026-07-02T16:11:57+00:00,d3228db7-ef32-4e3e-8fa9-f9f8a84cc34d,
762831bf-7603-4d8e-9b79-d9c0ddcb8943,70.87,RON,Glovo ref 47572968,2026-07-02T16:35:57+00:00,02c27ee1-ff57-48d4-82c7-6cf491fd62b9,
9400801a-5273-4979-bd43-0c0888d350b1,65.92,RON,Glovo ref 59085448,2026-07-02T17:30:57+00:00,d3228db7-ef32-4e3e-8fa9-f9f8a84cc34d,
2cf1e070-9225-471c-810f-3ed93276df06,53.84,RON,Mega Image ref 36991833,2026-07-02T18:13:57+00:00,818e12e2-7146-4ffe-a877-ba23cf63df5b,
85f80d9b-0006-4d5a-82b3-c9484db6f475,44.35,RON,Glovo ref 30900054,2026-07-02T19:02:57+00:00,bdd640fb-0667-4ad1-9c80-317fa3b1799d,
2d389d1f-6716-4461-b07f-c5764b43f873,103.25,RON,Lidl ref 36029062,2026-07-02T21:25:57+00:00,0e5779ec-be1a-470f-ad83-a4c869f8d3e4,
a3ffe170-ec41-419b-832a-e4fd04d2c6d5,82.9,RON,Mega Image ref 34727978,2026-07-02T22:56:57+00:00,12cbffe1-d83b-42c0-8120-8703b8fbd5c6,
7940964f-f2cd-4e4b-8c27-7f182d6d0a43,70.5,RON,Kaufland ref 96406343,2026-07-03T01:25:57+00:00,aa7898aa-95b2-468b-ac92-275a68599dc4,
43eeecb8-3df8-448b-915c-b1c672cd11ca,126.56,RON,OMV benzina ref 28461075,2026-07-03T02:16:57+00:00,2eb300a6-bd34-43d9-94c9-8697b97c5ba7,
b121e759-33a3-4ae6-9dac-7a69037614ae,73.4,RON,Farmacia Tei ref 58935206,2026-07-03T02:48:57+00:00,6e36dc96-4f61-48f4-b69f-4ca617af9323,
61ee5c12-67e3-4273-85bf-2d226a265f8d,53.88,RON,Mega Image ref 62218934,2026-07-03T04:19:57+00:00,6e36dc96-4f61-48f4-b69f-4ca617af9323,
cd403fa3-c097-4de5-8ad2-67b40561090e,118.52,RON,Carrefour ref 92450997,2026-07-03T15:06:57+00:00,33a2f3d5-7d4c-460f-ba3e-5b7745b7b856,
39f99c64-4684-433e-99dd-3b908839c8e4,26.96,RON,Mega Image ref 18837886,2026-07-03T15:15:57+00:00,0e5779ec-be1a-470f-ad83-a4c869f8d3e4,
2bbe35ea-b9da-4480-8b8f-05ffad8b0dd9,81.78,RON,Lidl ref 93090797,2026-07-03T15:48:57+00:00,aa7898aa-95b2-468b-ac92-275a68599dc4,
9d3fb2bf-826a-4d17-8a88-2932b255b709,137.76,RON,Kaufland ref 52031854,2026-07-03T18:04:57+00:00,02c27ee1-ff57-48d4-82c7-6cf491fd62b9,
a3fe4ce9-75c2-49e5-803e-ffee7ba6bf6f,36.69,RON,Mega Image ref 66442238,2026-07-03T18:36:57+00:00,5588e5c9-786a-4f09-8721-a8cedc57f9c8,
03aabfac-e819-462b-951b-769c51f694cc,96.63,RON,Carrefour ref 79625801,2026-07-03T19:22:57+00:00,56cc310a-2a4b-4ab3-87df-66009aa0bf74,
1c21dd71-2b53-495c-9d97-d117bd958c13,46.73,RON,Glovo ref 80450634,2026-07-03T19:49:57+00:00,82112000-16b4-4f2b-9dee-8ec850f886ea,
dcaaffc4-d6c8-460f-8978-fcd7ce37237a,99.99,RON,Farmacia Tei ref 75818175,2026-07-03T21:21:57+00:00,5588e5c9-786a-4f09-8721-a8cedc57f9c8,
87400c48-d854-43ef-b9a8-93f3b8e55770,272.98,RON,Dedeman ref 59426552,2026-07-03T21:27:57+00:00,aa7898aa-95b2-468b-ac92-275a68599dc4,
4afcf9e8-cc47-4b72-ae31-0234c4100108,62.45,RON,Lidl ref 11225756,2026-07-03T22:27:57+00:00,bdd640fb-0667-4ad1-9c80-317fa3b1799d,
f9743efb-b9f0-4da3-ac4d-6572db4a6b73,48.9,RON,Lidl ref 60519612,2026-07-03T22:53:57+00:00,d3228db7-ef32-4e3e-8fa9-f9f8a84cc34d,
ee77f590-ea15-41f6-bb87-ebc5d9863b5f,27.44,RON,Glovo ref 87586461,2026-07-04T00:23:57+00:00,7bf7bf91-9958-41e0-bb31-0f54e9f410c9,
db4f6aea-f02a-4b0c-a407-efee1881836e,47.05,RON,Lidl ref 16025870,2026-07-04T00:30:57+00:00,56cc310a-2a4b-4ab3-87df-66009aa0bf74,
7015927e-9ba6-438b-af3c-03410d985a78,65.79,RON,Mega Image ref 88986568,2026-07-04T02:21:57+00:00,12cbffe1-d83b-42c0-8120-8703b8fbd5c6,
9ad576cf-63fa-403b-80b4-2d7367ff1b9f,90.15,RON,Kaufland ref 70953552,2026-07-04T03:19:57+00:00,56cc310a-2a4b-4ab3-87df-66009aa0bf74,
fba8a311-cdad-4826-aa4e-037ca6e47d46,129.37,RON,Carrefour ref 69600484,2026-07-04T03:31:57+00:00,97c83e0a-8a40-4c3e-b8e3-ae37cffa9985,
d0390646-f47a-4d1b-b0e6-7cd5faae7f71,21.71,RON,Mega Image ref 16230475,2026-07-04T14:52:57+00:00,7bf7bf91-9958-41e0-bb31-0f54e9f410c9,
9cfbbce7-e8f2-4584-8cca-1e14c3b8c80f,56.21,RON,Glovo ref 79338228,2026-07-04T16:06:57+00:00,bdd640fb-0667-4ad1-9c80-317fa3b1799d,
6667c06b-f0f4-43a9-8ed3-6e6645233269,85.97,RON,Carrefour ref 27109366,2026-07-04T17:58:57+00:00,56cc310a-2a4b-4ab3-87df-66009aa0bf74,
0e26fb1c-f381-4eee-8309-859af47d7076,29.16,RON,Mega Image ref 84203129,2026-07-04T18:32:57+00:00,818e12e2-7146-4ffe-a877-ba23cf63df5b,
6478eb55-136d-44ff-be76-0bb299dd89b0,106.72,RON,Lidl ref 37008204,2026-07-04T19:04:57+00:00,5588e5c9-786a-4f09-8721-a8cedc57f9c8,
252b473a-d2cd-4683-8c56-4c15e507b981,121.15,RON,Kaufland ref 64569208,2026-07-04T19:42:57+00:00,7bf7bf91-9958-41e0-bb31-0f54e9f410c9,
2373eaf3-3ebe-48a9-ae42-203ab9897c01,57.2,RON,Farmacia Tei ref 41876764,2026-07-04T21:20:57+00:00,d3228db7-ef32-4e3e-8fa9-f9f8a84cc34d,
3865ab28-559c-47ae-9545-afe1f365d9d4,36.3,RON,Glovo ref 60359473,2026-07-04T21:32:57+00:00,33a2f3d5-7d4c-460f-ba3e-5b7745b7b856,
1165cde7-a087-4e7d-be6e-0c6d42745663,81.74,RON,Kaufland ref 42283531,2026-07-04T22:09:57+00:00,2eb300a6-bd34-43d9-94c9-8697b97c5ba7,
e4ee966b-6cfb-438d-bcdc-18a545428172,48.86,RON,Mega Image ref 55864791,2026-07-04T23:39:57+00:00,5588e5c9-786a-4f09-8721-a8cedc57f9c8,
e95ad260-536e-4f7b-8bd8-631b9bea2b80,193.08,RON,OMV benzina ref 18206879,2026-07-05T00:24:57+00:00,d3228db7-ef32-4e3e-8fa9-f9f8a84cc34d,
2f615360-1820-47f7-80cb-9caabbdfb574,64.47,RON,Glovo ref 48651837,2026-07-05T00:57:57+00:00,0e5779ec-be1a-470f-ad83-a4c869f8d3e4,
f8c4c694-6744-40a3-9f1f-28142af1ee3c,44.07,RON,Mega Image ref 92705670,2026-07-05T01:09:57+00:00,d3228db7-ef32-4e3e-8fa9-f9f8a84cc34d,
b6b965f3-bec4-4999-9180-e1ccbc79656c,74.35,RON,Lidl ref 72060344,2026-07-05T02:02:57+00:00,82112000-16b4-4f2b-9dee-8ec850f886ea,
0124051a-ff76-49e1-9dbc-b261252e0902,85.15,RON,Kaufland ref 63411802,2026-07-05T02:23:57+00:00,d3228db7-ef32-4e3e-8fa9-f9f8a84cc34d,
f209329d-4aa7-44e2-a3e3-1ac9d27102f1,32.99,RON,Lidl ref 15473245,2026-07-05T02:55:57+00:00,aa7898aa-95b2-468b-ac92-275a68599dc4,
1e06009c-2f91-45e0-b3e1-366cc2c0f635,127.61,RON,Lidl ref 67206971,2026-07-05T02:58:57+00:00,33a2f3d5-7d4c-460f-ba3e-5b7745b7b856,
630ee896-63e6-47a2-8230-a8901ef736ef,52.11,RON,Mega Image ref 21381979,2026-07-05T03:07:57+00:00,56cc310a-2a4b-4ab3-87df-66009aa0bf74,
685b1640-af6b-4c50-a4d5-5a30a18001e4,45.92,RON,Glovo ref 33545030,2026-07-05T04:15:57+00:00,6e36dc96-4f61-48f4-b69f-4ca617af9323,
9eccf0f5-c0b2-4dd8-8c4e-d43127838835,70.93,RON,Carrefour ref 72877311,2026-07-05T04:38:57+00:00,818e12e2-7146-4ffe-a877-ba23cf63df5b,
44d18524-cf0e-4567-882d-7fc1be3074f8,6750.29,RON,Salariu,2026-07-05T06:39:57+00:00,,bdd640fb-0667-4ad1-9c80-317fa3b1799d
1186da93-da7d-4c53-b020-cf0669b41194,24.99,RON,Spotify,2026-07-05T06:39:57+00:00,bdd640fb-0667-4ad1-9c80-317fa3b1799d,
b01c9191-e81b-40ff-9a41-a15f4e29b9da,12351.06,RON,Salariu,2026-07-05T06:39:57+00:00,,0e5779ec-be1a-470f-ad83-a4c869f8d3e4
ae7303c0-50ab-4660-ab94-5cbb3d162ab9,24.99,RON,Spotify,2026-07-05T06:39:57+00:00,0e5779ec-be1a-470f-ad83-a4c869f8d3e4,
c9e58ebc-673d-4de0-afc4-4d650ad56e56,5381.4,RON,Salariu,2026-07-05T06:39:57+00:00,,aa7898aa-95b2-468b-ac92-275a68599dc4
5e79e796-acfe-42ea-b89b-97223aa4ecd7,24.99,RON,Spotify,2026-07-05T06:39:57+00:00,aa7898aa-95b2-468b-ac92-275a68599dc4,
1ccd3552-b1e0-49ad-bf80-b3f8b3ebc460,5648.15,RON,Salariu,2026-07-05T06:39:57+00:00,,7bf7bf91-9958-41e0-bb31-0f54e9f410c9
38dd9a5e-dd9e-4e73-89c7-0e189eb88096,24.99,RON,Spotify,2026-07-05T06:39:57+00:00,7bf7bf91-9958-41e0-bb31-0f54e9f410c9,
72354181-30b4-4334-9933-78c05aa90609,5655.08,RON,Salariu,2026-07-05T06:39:57+00:00,,02c27ee1-ff57-48d4-82c7-6cf491fd62b9
40f5c102-c986-412d-b5ae-9fb5bff9bf1d,24.99,RON,Spotify,2026-07-05T06:39:57+00:00,02c27ee1-ff57-48d4-82c7-6cf491fd62b9,
ff77cf14-a19e-4e81-aae0-97c79830e432,6060.09,RON,Salariu,2026-07-05T06:39:57+00:00,,56cc310a-2a4b-4ab3-87df-66009aa0bf74
7bad8bc6-69be-4492-acd4-d717c93de1dd,24.99,RON,Spotify,2026-07-05T06:39:57+00:00,56cc310a-2a4b-4ab3-87df-66009aa0bf74,
f7d5d21a-8479-4783-9a91-c613c14b2bad,8327.13,RON,Salariu,2026-07-05T06:39:57+00:00,,5588e5c9-786a-4f09-8721-a8cedc57f9c8
1fe003e1-88a7-4b2a-adc2-e3a480ab4a50,24.99,RON,Spotify,2026-07-05T06:39:57+00:00,5588e5c9-786a-4f09-8721-a8cedc57f9c8,
526d20bb-033f-43c3-8a5f-875bd5d8e0bd,10719.62,RON,Salariu,2026-07-05T06:39:57+00:00,,33a2f3d5-7d4c-460f-ba3e-5b7745b7b856
dfadcd0a-e00c-44e6-86a9-dcde342edb30,24.99,RON,Spotify,2026-07-05T06:39:57+00:00,33a2f3d5-7d4c-460f-ba3e-5b7745b7b856,
42914a52-53e6-41ac-9211-6260dfc0bf10,9195.15,RON,Salariu,2026-07-05T06:39:57+00:00,,6e36dc96-4f61-48f4-b69f-4ca617af9323
6aa57f33-d2bf-4099-bfad-d0bc2865c565,24.99,RON,Spotify,2026-07-05T06:39:57+00:00,6e36dc96-4f61-48f4-b69f-4ca617af9323,
b89764b7-a8b0-456a-b21e-2ae8958d861d,4272.19,RON,Salariu,2026-07-05T06:39:57+00:00,,2eb300a6-bd34-43d9-94c9-8697b97c5ba7
ff66a6b9-f80c-4164-b43a-9ab013cd1ebd,24.99,RON,Spotify,2026-07-05T06:39:57+00:00,2eb300a6-bd34-43d9-94c9-8697b97c5ba7,
636e8be2-dfde-4add-991c-8dbf4493af50,11834.0,RON,Salariu,2026-07-05T06:39:57+00:00,,818e12e2-7146-4ffe-a877-ba23cf63df5b
2444d471-ce75-4d61-93cf-6453b016cb84,24.99,RON,Spotify,2026-07-05T06:39:57+00:00,818e12e2-7146-4ffe-a877-ba23cf63df5b,
4979142b-1b88-4fa4-9491-10af43171bfa,7310.52,RON,Salariu,2026-07-05T06:39:57+00:00,,97c83e0a-8a40-4c3e-b8e3-ae37cffa9985
72b90548-8ef5-420b-81b4-39c68bdf44cd,24.99,RON,Spotify,2026-07-05T06:39:57+00:00,97c83e0a-8a40-4c3e-b8e3-ae37cffa9985,
6657d415-3d7e-44e8-ac30-6bd1b174eb6e,4764.6,RON,Salariu,2026-07-05T06:39:57+00:00,,d3228db7-ef32-4e3e-8fa9-f9f8a84cc34d
416dbb9e-afcf-4c2d-9711-6beab22e88be,24.99,RON,Spotify,2026-07-05T06:39:57+00:00,d3228db7-ef32-4e3e-8fa9-f9f8a84cc34d,
2e238260-d261-4228-801e-49342a3534f2,13610.85,RON,Salariu,2026-07-05T06:39:57+00:00,,12cbffe1-d83b-42c0-8120-8703b8fbd5c6
f86d4cb1-1615-4646-aabf-3ba686259c53,24.99,RON,Spotify,2026-07-05T06:39:57+00:00,12cbffe1-d83b-42c0-8120-8703b8fbd5c6,
b0e971f7-69f2-48ac-a954-e5ca4e5c138e,11396.61,RON,Salariu,2026-07-05T06:39:57+00:00,,82112000-16b4-4f2b-9dee-8ec850f886ea
9d5fa623-821b-442b-aa0c-e260e8ff7567,24.99,RON,Spotify,2026-07-05T06:39:57+00:00,82112000-16b4-4f2b-9dee-8ec850f886ea,
13189bf2-cf3a-4554-8f32-cd1499c69fcf,70.79,RON,Glovo ref 67054128,2026-07-05T14:58:57+00:00,7bf7bf91-9958-41e0-bb31-0f54e9f410c9,
17172654-3b99-4815-8219-a9c7ba23b07a,37.87,RON,Farmacia Tei ref 68843284,2026-07-05T15:57:57+00:00,bdd640fb-0667-4ad1-9c80-317fa3b1799d,
4a64cfcc-dcf3-45c6-87a0-29aecac6a853,47.6,RON,Farmacia Tei ref 65189205,2026-07-05T16:09:57+00:00,aa7898aa-95b2-468b-ac92-275a68599dc4,
918acba6-dfa8-4e53-bc88-0f917f4f6d70,82.37,RON,Kaufland ref 34032400,2026-07-05T16:12:57+00:00,2eb300a6-bd34-43d9-94c9-8697b97c5ba7,
797f6e4d-aa81-4850-8342-96faf6558f35,151.42,RON,Kaufland ref 29036590,2026-07-05T17:00:57+00:00,0e5779ec-be1a-470f-ad83-a4c869f8d3e4,
cd017fed-96fc-4e8b-b7b5-6feb22f81d53,75.83,RON,Kaufland ref 22686205,2026-07-05T17:00:57+00:00,5588e5c9-786a-4f09-8721-a8cedc57f9c8,
6f03800d-7a66-4bed-96c1-63e6609f5aae,132.87,RON,Lidl ref 10870131,2026-07-05T17:05:57+00:00,12cbffe1-d83b-42c0-8120-8703b8fbd5c6,
92f8bc43-bb20-4cd6-a52d-2813f09c8858,110.31,RON,Lidl ref 43091057,2026-07-05T18:25:57+00:00,6e36dc96-4f61-48f4-b69f-4ca617af9323,
15e18488-83db-4c3b-aaa3-6268cc573227,79.78,RON,Glovo ref 33335270,2026-07-05T18:40:57+00:00,6e36dc96-4f61-48f4-b69f-4ca617af9323,
9f6ccab4-b352-4c18-85aa-950373e88db6,112.15,RON,Kaufland ref 92910238,2026-07-05T18:46:57+00:00,bdd640fb-0667-4ad1-9c80-317fa3b1799d,
794ceef2-f833-4fa7-9a26-15f89810b8c1,17.49,RON,Mega Image ref 11306458,2026-07-05T19:35:57+00:00,0e5779ec-be1a-470f-ad83-a4c869f8d3e4,
5b78c8cc-46f3-4d79-b77f-c2bc52a60718,59.31,RON,Mega Image ref 65351302,2026-07-05T19:46:57+00:00,82112000-16b4-4f2b-9dee-8ec850f886ea,
af0e8d04-d24f-4357-bdb6-db75befa9c6d,34.02,RON,Lidl ref 76791660,2026-07-05T20:03:57+00:00,56cc310a-2a4b-4ab3-87df-66009aa0bf74,
bab717db-936e-49e5-b170-e22b7e2e0f6e,66.04,RON,Farmacia Tei ref 93390626,2026-07-05T20:04:57+00:00,82112000-16b4-4f2b-9dee-8ec850f886ea,
262076c3-6af8-4f62-9507-017fe4162f2c,51.01,RON,Mega Image ref 95220908,2026-07-05T22:24:57+00:00,33a2f3d5-7d4c-460f-ba3e-5b7745b7b856,
7b027f18-e389-4e31-8571-3bb558b8978e,25.38,RON,Mega Image ref 15332838,2026-07-05T23:15:57+00:00,97c83e0a-8a40-4c3e-b8e3-ae37cffa9985,
2b8e8027-c514-4e26-96fb-3a9011d9dfb5,32.94,RON,Mega Image ref 26015069,2026-07-06T00:25:57+00:00,d3228db7-ef32-4e3e-8fa9-f9f8a84cc34d,
7a9feedd-0e60-4b33-9e1e-af355a039041,77.82,RON,Glovo ref 24956185,2026-07-06T00:30:57+00:00,33a2f3d5-7d4c-460f-ba3e-5b7745b7b856,
3df881a6-64f4-47ec-9d11-80652d87d889,238.27,RON,OMV benzina ref 32702260,2026-07-06T01:48:57+00:00,d3228db7-ef32-4e3e-8fa9-f9f8a84cc34d,
80ce3505-8678-4a98-ba71-0f9ed5da16fd,98.3,RON,Carrefour ref 49011532,2026-07-06T03:40:57+00:00,0e5779ec-be1a-470f-ad83-a4c869f8d3e4,
25870e9f-7005-4e0c-ad4f-8c5db922183f,74.94,RON,Carrefour ref 62886682,2026-07-06T15:18:57+00:00,6e36dc96-4f61-48f4-b69f-4ca617af9323,
59ccc94a-bc1c-460d-bd9c-03c773deaa56,78.33,RON,Kaufland ref 55053851,2026-07-06T15:45:57+00:00,0e5779ec-be1a-470f-ad83-a4c869f8d3e4,
021cfacb-2673-4d23-85d0-a0ac56e81bc3,40.5,RON,Farmacia Tei ref 17592070,2026-07-06T16:45:57+00:00,56cc310a-2a4b-4ab3-87df-66009aa0bf74,
26c04950-5717-4768-b3fc-fd7df605aa9c,50.04,RON,Kaufland ref 34066772,2026-07-06T16:59:57+00:00,56cc310a-2a4b-4ab3-87df-66009aa0bf74,
84cc98eb-803f-4f00-b289-35e78e5bef68,18.52,RON,Mega Image ref 42405983,2026-07-06T18:25:57+00:00,aa7898aa-95b2-468b-ac92-275a68599dc4,
eae90143-1445-4e72-acb6-0a42075b359e,48.99,RON,Mega Image ref 16176549,2026-07-06T18:35:57+00:00,818e12e2-7146-4ffe-a877-ba23cf63df5b,
4295ecbd-1002-467d-bf85-5109bbb40475,54.54,RON,Kaufland ref 53258571,2026-07-06T19:33:57+00:00,97c83e0a-8a40-4c3e-b8e3-ae37cffa9985,
e0e9f830-63f6-4d73-99a6-ee704f140eba,61.15,RON,Glovo ref 93121196,2026-07-06T20:26:57+00:00,56cc310a-2a4b-4ab3-87df-66009aa0bf74,
cebb1f39-c37e-4c25-9d5e-d747b83df101,45.85,RON,Kaufland ref 73924034,2026-07-06T20:37:57+00:00,7bf7bf91-9958-41e0-bb31-0f54e9f410c9,
d8087935-2da1-44d3-a783-b0bd695c3f04,36.52,RON,Glovo ref 27408236,2026-07-06T21:05:57+00:00,97c83e0a-8a40-4c3e-b8e3-ae37cffa9985,
b5ccdbe6-4d17-4ebc-9a45-b8ead3e763d1,31.87,RON,Mega Image ref 11820133,2026-07-06T21:55:57+00:00,0e5779ec-be1a-470f-ad83-a4c869f8d3e4,
30b3ffe9-0cc2-4560-80a6-cc9f2c08b2f8,200.36,RON,Dedeman ref 22932519,2026-07-06T22:17:57+00:00,82112000-16b4-4f2b-9dee-8ec850f886ea,
f0cf2501-f700-465c-8fec-59e9c34f880d,77.34,RON,Lidl ref 70743272,2026-07-06T22:36:57+00:00,97c83e0a-8a40-4c3e-b8e3-ae37cffa9985,
0f00aaa8-9380-4821-94e7-b6000ec41539,86.54,RON,Kaufland ref 71691827,2026-07-06T23:42:57+00:00,33a2f3d5-7d4c-460f-ba3e-5b7745b7b856,
6b91a4b6-9daa-4003-8569-c3a77610468f,342.05,RON,Dedeman ref 83753201,2026-07-07T00:03:57+00:00,33a2f3d5-7d4c-460f-ba3e-5b7745b7b856,
4bc88991-f7c8-4df0-88f4-f9d0787d8573,18.91,RON,Glovo ref 53541102,2026-07-07T01:23:57+00:00,2eb300a6-bd34-43d9-94c9-8697b97c5ba7,
acbb4d82-6e45-46dd-9bd9-1aed716cb725,53.93,RON,Mega Image ref 72985871,2026-07-07T01:32:57+00:00,33a2f3d5-7d4c-460f-ba3e-5b7745b7b856,
9f3ac133-0f34-4245-b53c-ed5cc6e6921d,98.16,RON,Glovo ref 97475155,2026-07-07T03:09:57+00:00,02c27ee1-ff57-48d4-82c7-6cf491fd62b9,
b94cfcf4-8fb1-43a5-88c5-402b998c6b88,108.11,RON,Farmacia Tei ref 14135520,2026-07-07T03:11:57+00:00,6e36dc96-4f61-48f4-b69f-4ca617af9323,
d17856ae-ba94-4b10-8059-4a18760502cb,78.27,RON,Kaufland ref 93778771,2026-07-07T03:58:57+00:00,12cbffe1-d83b-42c0-8120-8703b8fbd5c6,
71f57def-98c6-4a6d-8ee1-4e1b149cc4a8,89.09,RON,Lidl ref 57605885,2026-07-07T04:09:57+00:00,02c27ee1-ff57-48d4-82c7-6cf491fd62b9,
4ed62ef1-6e1a-440a-b346-0b86b05dd2b5,119.54,RON,Kaufland ref 43549830,2026-07-07T14:40:57+00:00,818e12e2-7146-4ffe-a877-ba23cf63df5b,
e97e55d4-46b0-4ed1-82d4-705de1661e4d,128.35,RON,OMV benzina ref 25903665,2026-07-07T14:59:57+00:00,7bf7bf91-9958-41e0-bb31-0f54e9f410c9,
1c150a13-767c-413f-b320-4ed76ae1a0b7,42.25,RON,Glovo ref 68445607,2026-07-07T16:36:57+00:00,82112000-16b4-4f2b-9dee-8ec850f886ea,
08f0a87a-ecda-4ac9-a393-8d98f757507a,255.87,RON,OMV benzina ref 17461913,2026-07-07T16:37:57+00:00,5588e5c9-786a-4f09-8721-a8cedc57f9c8,
9a384dbb-0794-4b8c-a419-3af82e40db4b,25.84,RON,Mega Image ref 52892574,2026-07-07T16:47:57+00:00,818e12e2-7146-4ffe-a877-ba23cf63df5b,
dbd0aaed-ad39-40d1-925d-f3d8e4652ac7,39.2,RON,Carrefour ref 49335656,2026-07-07T17:44:57+00:00,2eb300a6-bd34-43d9-94c9-8697b97c5ba7,
41f9bf45-86b5-4d45-941a-409331bf8a3c,60.29,RON,Mega Image ref 57655811,2026-07-07T17:52:57+00:00,aa7898aa-95b2-468b-ac92-275a68599dc4,
1bcdd857-a02e-4ff9-a224-a8922f99bf79,60.93,RON,Glovo ref 63877702,2026-07-07T19:00:57+00:00,818e12e2-7146-4ffe-a877-ba23cf63df5b,
d44e6215-f5ef-4ebd-9cd4-a2865452b711,65.24,RON,Glovo ref 12235835,2026-07-07T19:02:57+00:00,56cc310a-2a4b-4ab3-87df-66009aa0bf74,
cceced0c-f566-49d5-bbb2-66f4867c45aa,38.68,RON,Mega Image ref 42771427,2026-07-07T19:25:57+00:00,02c27ee1-ff57-48d4-82c7-6cf491fd62b9,
40a82540-93b7-4dbc-86be-11c0d2055359,360.76,RON,Dedeman ref 96799641,2026-07-07T19:55:57+00:00,818e12e2-7146-4ffe-a877-ba23cf63df5b,
7165e36b-f997-4779-856f-05e662821d61,13.44,RON,Mega Image ref 43415162,2026-07-07T21:32:57+00:00,bdd640fb-0667-4ad1-9c80-317fa3b1799d,
3e8ee36a-07e9-4e6d-bf71-eef65b7117bd,35.76,RON,Glovo ref 29009676,2026-07-07T21:33:57+00:00,0e5779ec-be1a-470f-ad83-a4c869f8d3e4,
cc193642-3b89-4a26-bd10-098b63c3ee60,55.53,RON,Mega Image ref 28265117,2026-07-07T22:02:57+00:00,6e36dc96-4f61-48f4-b69f-4ca617af9323,
14537d9c-2d3c-4b78-87f4-78307bdaffe4,117.03,RON,Kaufland ref 36096719,2026-07-07T23:20:57+00:00,82112000-16b4-4f2b-9dee-8ec850f886ea,
4a97a245-da5b-4081-be3d-81d80eb9daed,29.45,RON,Lidl ref 95776038,2026-07-08T02:00:57+00:00,aa7898aa-95b2-468b-ac92-275a68599dc4,
95e02685-6fc1-4099-8a67-2d0f51f9a9bb,94.13,RON,Kaufland ref 42804170,2026-07-08T02:00:57+00:00,d3228db7-ef32-4e3e-8fa9-f9f8a84cc34d,
bc97b464-8af7-4166-be2f-718ef1008f68,162.64,RON,Kaufland ref 95646248,2026-07-08T03:00:57+00:00,97c83e0a-8a40-4c3e-b8e3-ae37cffa9985,
d76f1e65-e54c-4739-b133-839e2e7d952b,31.19,RON,Lidl ref 73102032,2026-07-08T03:04:57+00:00,bdd640fb-0667-4ad1-9c80-317fa3b1799d,
b9d955d8-5b68-44a9-a5ff-60865f62c1be,189.82,RON,Kaufland ref 64900578,2026-07-08T03:56:57+00:00,02c27ee1-ff57-48d4-82c7-6cf491fd62b9,
7d7667cb-c03e-4e27-ab66-6a8c835b8981,49.93,RON,Mega Image ref 12469456,2026-07-08T04:38:57+00:00,33a2f3d5-7d4c-460f-ba3e-5b7745b7b856,
46fbc5b0-2a98-422b-b788-60baad2493b0,37.56,RON,Lidl ref 95681693,2026-07-08T17:34:57+00:00,97c83e0a-8a40-4c3e-b8e3-ae37cffa9985,
544fcc20-28c6-4bf1-991f-f0de42cfd58b,136.43,RON,Kaufland ref 54734679,2026-07-08T18:15:57+00:00,818e12e2-7146-4ffe-a877-ba23cf63df5b,
928c6aba-c0d4-4bd1-a6e1-ed47d83462c2,43.53,RON,Mega Image ref 42750682,2026-07-08T19:25:57+00:00,5588e5c9-786a-4f09-8721-a8cedc57f9c8,
6471262f-18a9-4290-86f2-e52c0cd8e5f9,89.02,RON,Kaufland ref 52961211,2026-07-08T20:01:57+00:00,6e36dc96-4f61-48f4-b69f-4ca617af9323,
61614e8f-91ca-4b5e-a77f-fb7b2b98f895,71.98,RON,Kaufland ref 68531800,2026-07-08T20:09:57+00:00,12cbffe1-d83b-42c0-8120-8703b8fbd5c6,
8b7fa47e-adc5-4fc7-a07b-f99be08c82ea,36.12,RON,Lidl ref 46765441,2026-07-08T21:19:57+00:00,0e5779ec-be1a-470f-ad83-a4c869f8d3e4,
44c3311b-10af-498d-bab9-6566816c99cd,69.49,RON,Farmacia Tei ref 88877545,2026-07-08T21:37:57+00:00,12cbffe1-d83b-42c0-8120-8703b8fbd5c6,
5697a811-6506-486f-aa44-1b64b4621383,55.96,RON,Glovo ref 21454739,2026-07-08T21:55:57+00:00,6e36dc96-4f61-48f4-b69f-4ca617af9323,
5918eb3d-c3e0-4cc4-8aa1-b8586d94b9c5,29.84,RON,Mega Image ref 75183437,2026-07-08T23:15:57+00:00,12cbffe1-d83b-42c0-8120-8703b8fbd5c6,
e82ccfd9-b1d5-4ea5-83e6-b71f38f230b1,256.33,RON,Dedeman ref 78718631,2026-07-08T23:38:57+00:00,56cc310a-2a4b-4ab3-87df-66009aa0bf74,
67adb841-227c-47df-b77f-0ac27e19cad7,58.23,RON,Glovo ref 36573788,2026-07-08T23:44:57+00:00,aa7898aa-95b2-468b-ac92-275a68599dc4,
9dad9ff2-ed7d-4e5d-82e0-4a3225c3904f,89.07,RON,Farmacia Tei ref 64708566,2026-07-09T00:20:57+00:00,818e12e2-7146-4ffe-a877-ba23cf63df5b,
429e5407-096c-4b05-b53e-0a4cdc986ec2,110.86,RON,Glovo ref 11809088,2026-07-09T01:37:57+00:00,02c27ee1-ff57-48d4-82c7-6cf491fd62b9,
1faff7a0-c991-484d-a0eb-b3c7b8a3f3fa,62.57,RON,Lidl ref 72605861,2026-07-09T02:17:57+00:00,aa7898aa-95b2-468b-ac92-275a68599dc4,
259a3037-e218-4791-95cf-7f1a9ac29486,108.6,RON,Kaufland ref 10889695,2026-07-09T02:24:57+00:00,56cc310a-2a4b-4ab3-87df-66009aa0bf74,
bda5dc22-87f1-4545-bc78-3aaf673c9053,82.18,RON,Lidl ref 93446015,2026-07-09T02:52:57+00:00,33a2f3d5-7d4c-460f-ba3e-5b7745b7b856,
4d9dbcd1-6bfc-4bea-b865-0ef88f7cce9f,29.38,RON,Mega Image ref 92335651,2026-07-09T03:03:57+00:00,818e12e2-7146-4ffe-a877-ba23cf63df5b,
dcb3debf-47f2-415a-933a-121fcc7d0df2,114.8,RON,Carrefour ref 95989974,2026-07-09T03:56:57+00:00,56cc310a-2a4b-4ab3-87df-66009aa0bf74,
35fae7ea-3423-4bae-ac52-4f2a629ced0b,58.56,RON,Carrefour ref 98846671,2026-07-09T04:07:57+00:00,d3228db7-ef32-4e3e-8fa9-f9f8a84cc34d,
aa69aac2-c0e3-49ac-bd56-6c8695bcf1b9,102.52,RON,Kaufland ref 51294087,2026-07-09T15:26:57+00:00,02c27ee1-ff57-48d4-82c7-6cf491fd62b9,
c22664f4-7f25-4778-8140-3ce5c2e8118f,99.36,RON,Lidl ref 92124494,2026-07-09T15:44:57+00:00,aa7898aa-95b2-468b-ac92-275a68599dc4,
46ae7e06-cb5d-4b59-aad8-20ca03db7a2e,42.65,RON,Mega Image ref 53555463,2026-07-09T15:54:57+00:00,bdd640fb-0667-4ad1-9c80-317fa3b1799d,
5dbf0152-f27a-42ca-801a-6259829c6d0a,25.25,RON,Mega Image ref 33802025,2026-07-09T15:58:57+00:00,818e12e2-7146-4ffe-a877-ba23cf63df5b,
ff01a970-a594-47a8-9f47-378c1b1edf7b,61.84,RON,Mega Image ref 41812510,2026-07-09T16:13:57+00:00,12cbffe1-d83b-42c0-8120-8703b8fbd5c6,
c7547e4d-55a7-4731-9b53-b124960a035c,82.78,RON,Farmacia Tei ref 13945762,2026-07-09T16:52:57+00:00,aa7898aa-95b2-468b-ac92-275a68599dc4,
38f64e20-d2fb-4798-af6b-285a0261355b,87.09,RON,Lidl ref 13624791,2026-07-09T17:12:57+00:00,d3228db7-ef32-4e3e-8fa9-f9f8a84cc34d,
5763c5c0-1934-449c-81b6-69c67f6c945f,29.77,RON,Mega Image ref 85536023,2026-07-09T18:16:57+00:00,7bf7bf91-9958-41e0-bb31-0f54e9f410c9,
3304f93e-3988-4ea8-9b32-8860e0f580bb,54.93,RON,Mega Image ref 53619394,2026-07-09T19:32:57+00:00,6e36dc96-4f61-48f4-b69f-4ca617af9323,
aaac826e-dd18-4b28-8d55-9b64e3347bac,48.71,RON,Lidl ref 58375646,2026-07-09T22:19:57+00:00,bdd640fb-0667-4ad1-9c80-317fa3b1799d,
747cb18f-cb9a-4fff-aef7-35aa1f7a63af,46.29,RON,Farmacia Tei ref 92190565,2026-07-09T23:23:57+00:00,0e5779ec-be1a-470f-ad83-a4c869f8d3e4,
cea35945-545b-45b3-be20-3afbe858f4f1,30.95,RON,Lidl ref 70269142,2026-07-09T23:28:57+00:00,7bf7bf91-9958-41e0-bb31-0f54e9f410c9,
e44e923a-8643-4ed7-9d30-24fcb864aaf7,45.4,RON,Glovo ref 84161981,2026-07-09T23:33:57+00:00,aa7898aa-95b2-468b-ac92-275a68599dc4,
c9e6cbd2-c888-49df-8d95-b5bececa16ea,27.36,RON,Mega Image ref 65010316,2026-07-10T00:55:57+00:00,2eb300a6-bd34-43d9-94c9-8697b97c5ba7,
43518e57-5e59-475d-8bb9-1c7bc41d5e44,112.47,RON,Farmacia Tei ref 61081184,2026-07-10T01:11:57+00:00,12cbffe1-d83b-42c0-8120-8703b8fbd5c6,
baa7df4d-9347-4063-9902-3d836a1f6b87,124.11,RON,Carrefour ref 12863873,2026-07-10T01:16:57+00:00,818e12e2-7146-4ffe-a877-ba23cf63df5b,
693c43e4-9826-4af8-9919-4ae310fabe47,43.66,RON,Mega Image ref 56718903,2026-07-10T01:45:57+00:00,97c83e0a-8a40-4c3e-b8e3-ae37cffa9985,
daeccd67-324c-4519-b144-38034968db32,86.02,RON,Lidl ref 23331723,2026-07-10T02:21:57+00:00,818e12e2-7146-4ffe-a877-ba23cf63df5b,
d563680d-662b-401c-bc50-2b2097711705,330.12,RON,OMV benzina ref 86194951,2026-07-10T02:27:57+00:00,02c27ee1-ff57-48d4-82c7-6cf491fd62b9,
09787000-768e-474d-aa2f-32809d34845f,33.48,RON,Glovo ref 41799848,2026-07-10T03:26:57+00:00,2eb300a6-bd34-43d9-94c9-8697b97c5ba7,
fa5a78e7-ce25-4b6d-9fc7-0cf80576efb4,222.17,RON,OMV benzina ref 65040061,2026-07-10T03:31:57+00:00,d3228db7-ef32-4e3e-8fa9-f9f8a84cc34d,
bbfe7e0e-3a22-4851-a928-a048763c714b,23.47,RON,Glovo ref 90337084,2026-07-10T04:19:57+00:00,7bf7bf91-9958-41e0-bb31-0f54e9f410c9,
8b0dc80f-17ae-449b-8a3d-c81495f79ff3,32.77,RON,Mega Image ref 67957249,2026-07-10T04:37:57+00:00,82112000-16b4-4f2b-9dee-8ec850f886ea,
85ef875e-2675-4363-ae50-f96e776094f6,103.19,RON,Lidl ref 29747600,2026-07-10T15:10:57+00:00,0e5779ec-be1a-470f-ad83-a4c869f8d3e4,
27b0ecfb-7416-4778-80fa-44a4a889f38a,97.29,RON,Glovo ref 28066741,2026-07-10T15:52:57+00:00,6e36dc96-4f61-48f4-b69f-4ca617af9323,
7df95cb3-378e-445a-97bd-1f603a63d868,50.97,RON,Mega Image ref 29766571,2026-07-10T16:06:57+00:00,56cc310a-2a4b-4ab3-87df-66009aa0bf74,
99e5dd70-5a76-4315-8175-4cf33241f4f0,256.4,RON,OMV benzina ref 15616959,2026-07-10T16:36:57+00:00,5588e5c9-786a-4f09-8721-a8cedc57f9c8,
e68aa52f-f4f1-4bd7-a2c6-9d34feb12af1,38.97,RON,Mega Image ref 45294260,2026-07-10T18:43:57+00:00,2eb300a6-bd34-43d9-94c9-8697b97c5ba7,
cafecbc1-a79d-4fe1-80cc-69efa32cb76a,175.9,RON,Kaufland ref 82687499,2026-07-10T18:47:57+00:00,5588e5c9-786a-4f09-8721-a8cedc57f9c8,
6d197ef4-a8bb-46ca-9bb8-1cb0836cc47c,64.4,RON,Glovo ref 21058438,2026-07-10T18:50:57+00:00,12cbffe1-d83b-42c0-8120-8703b8fbd5c6,
628f0288-f5d0-4058-a068-1b8d0dd0a151,47.4,RON,Glovo ref 92461906,2026-07-10T20:55:57+00:00,818e12e2-7146-4ffe-a877-ba23cf63df5b,
4da51e0e-4202-424a-8f53-e008124b4f8d,67.75,RON,Kaufland ref 73405851,2026-07-10T23:47:57+00:00,818e12e2-7146-4ffe-a877-ba23cf63df5b,
57e2f513-41c5-42ff-974d-fab78c48c12b,30.47,RON,Glovo ref 22205063,2026-07-10T23:52:57+00:00,d3228db7-ef32-4e3e-8fa9-f9f8a84cc34d,
10d1884d-7a99-4b1a-b5a8-a999e8217381,42.38,RON,Mega Image ref 50913032,2026-07-11T00:04:57+00:00,6e36dc96-4f61-48f4-b69f-4ca617af9323,
9b6b18c7-b0b1-48f0-b9d2-797b32844849,81.18,RON,Dedeman ref 32066093,2026-07-11T00:05:57+00:00,97c83e0a-8a40-4c3e-b8e3-ae37cffa9985,
5115d7ee-3b90-408e-bce3-456320363a73,106.31,RON,Carrefour ref 24413864,2026-07-11T00:48:57+00:00,bdd640fb-0667-4ad1-9c80-317fa3b1799d,
6890d482-f0a7-4e33-9e58-fa8174bc7d29,192.85,RON,Carrefour ref 96762436,2026-07-11T00:57:57+00:00,82112000-16b4-4f2b-9dee-8ec850f886ea,
73cc6596-8fad-4f23-bc7f-56dab7e00b01,51.05,RON,Glovo ref 58492148,2026-07-11T01:38:57+00:00,2eb300a6-bd34-43d9-94c9-8697b97c5ba7,
bab0dbe0-438e-4bb9-bf52-7025b3ed3b04,29.43,RON,Mega Image ref 95474336,2026-07-11T02:03:57+00:00,aa7898aa-95b2-468b-ac92-275a68599dc4,
56a2d49d-9e5f-4273-af9a-116817661795,24.56,RON,Mega Image ref 77098020,2026-07-11T02:44:57+00:00,bdd640fb-0667-4ad1-9c80-317fa3b1799d,
099cfc17-0c4e-4604-a664-4b63bd9d0b71,81.0,RON,Kaufland ref 82442998,2026-07-11T02:58:57+00:00,82112000-16b4-4f2b-9dee-8ec850f886ea,
4f8c2675-dc8c-456b-a68d-f88762038741,118.26,RON,Kaufland ref 86082940,2026-07-11T14:41:57+00:00,56cc310a-2a4b-4ab3-87df-66009aa0bf74,
4e4a516f-7d05-455b-8d9e-13281f997c80,75.68,RON,Kaufland ref 89600725,2026-07-11T14:52:57+00:00,0e5779ec-be1a-470f-ad83-a4c869f8d3e4,
c0994713-4b34-4b1e-b28c-01032eb90755,205.07,RON,OMV benzina ref 81767551,2026-07-11T15:13:57+00:00,33a2f3d5-7d4c-460f-ba3e-5b7745b7b856,
36dd3553-1521-47a4-9fd4-a56cb773293f,17.45,RON,Mega Image ref 72159614,2026-07-11T15:31:57+00:00,2eb300a6-bd34-43d9-94c9-8697b97c5ba7,
9e2e21d1-7be3-4b8d-98e8-4d5ccbc75daf,45.5,RON,Mega Image ref 71821544,2026-07-11T15:48:57+00:00,818e12e2-7146-4ffe-a877-ba23cf63df5b,
c3c8f90b-b845-40b7-8828-f1db0d2ece1d,31.57,RON,Farmacia Tei ref 79637574,2026-07-11T16:26:57+00:00,2eb300a6-bd34-43d9-94c9-8697b97c5ba7,
96f1cfa7-d208-4947-bd03-3d8f9ff6860d,83.19,RON,Lidl ref 93409286,2026-07-11T16:59:57+00:00,5588e5c9-786a-4f09-8721-a8cedc57f9c8,
ce35d5ea-625f-4924-9c95-57ea1f5c5c10,87.65,RON,Lidl ref 72256258,2026-07-11T17:42:57+00:00,7bf7bf91-9958-41e0-bb31-0f54e9f410c9,
69298548-c678-4a62-8de1-4b43dc411edf,103.27,RON,Kaufland ref 58982159,2026-07-11T19:04:57+00:00,6e36dc96-4f61-48f4-b69f-4ca617af9323,
e0f3ee66-59a7-46e4-a341-89c5405df186,95.57,RON,Lidl ref 16697739,2026-07-11T20:21:57+00:00,0e5779ec-be1a-470f-ad83-a4c869f8d3e4,
ce37626d-c13b-4b6a-9dd6-5ae9c5b92e88,91.97,RON,Lidl ref 79701720,2026-07-11T21:01:57+00:00,56cc310a-2a4b-4ab3-87df-66009aa0bf74,
2f8ad8e5-c6bc-40d0-8415-052c87b31442,37.73,RON,Glovo ref 40638003,2026-07-11T21:59:57+00:00,7bf7bf91-9958-41e0-bb31-0f54e9f410c9,
496e186a-9335-4c77-8599-1a45a3a868d7,52.46,RON,Mega Image ref 80593346,2026-07-11T23:43:57+00:00,aa7898aa-95b2-468b-ac92-275a68599dc4,
2248fe75-5885-4ca5-8ac5-ebc79c1817a3,65.15,RON,Kaufland ref 59379352,2026-07-12T00:22:57+00:00,aa7898aa-95b2-468b-ac92-275a68599dc4,
bb5c1b94-c3c4-4892-b232-272261c1721d,41.58,RON,Lidl ref 53960295,2026-07-12T00:44:57+00:00,33a2f3d5-7d4c-460f-ba3e-5b7745b7b856,
b5af9736-8ad0-45ae-8ecd-6d693f350134,58.48,RON,Mega Image ref 28726341,2026-07-12T00:53:57+00:00,5588e5c9-786a-4f09-8721-a8cedc57f9c8,
aa21e153-7b2c-4fe1-bad9-6cc4c0acea64,37.13,RON,Mega Image ref 96062734,2026-07-12T01:09:57+00:00,7bf7bf91-9958-41e0-bb31-0f54e9f410c9,
7c3cc2bc-0a1b-4bd3-a60e-c813402da0fa,41.34,RON,Glovo ref 28083446,2026-07-12T02:03:57+00:00,bdd640fb-0667-4ad1-9c80-317fa3b1799d,
dbc69dfc-a6a1-48c3-abd4-b9a0665f8993,167.88,RON,Carrefour ref 65245190,2026-07-12T02:08:57+00:00,02c27ee1-ff57-48d4-82c7-6cf491fd62b9,
2fc6c4e6-9113-4d7e-b095-26217d76ab58,55.99,RON,Netflix,2026-07-12T06:39:57+00:00,bdd640fb-0667-4ad1-9c80-317fa3b1799d,
bba95ec4-fef4-4c9c-a484-557f454a8e82,55.99,RON,Netflix,2026-07-12T06:39:57+00:00,0e5779ec-be1a-470f-ad83-a4c869f8d3e4,
c1ab5f4c-23a8-4fbe-9628-9af206c0965d,55.99,RON,Netflix,2026-07-12T06:39:57+00:00,aa7898aa-95b2-468b-ac92-275a68599dc4,
53067ada-d8bf-44d5-80d5-4f854d3d22c1,55.99,RON,Netflix,2026-07-12T06:39:57+00:00,7bf7bf91-9958-41e0-bb31-0f54e9f410c9,
25b2e968-e2ac-42f2-8c2c-e5e662267f0b,55.99,RON,Netflix,2026-07-12T06:39:57+00:00,02c27ee1-ff57-48d4-82c7-6cf491fd62b9,
dde957c7-58c9-4f23-9ef6-221af1b479b8,55.99,RON,Netflix,2026-07-12T06:39:57+00:00,56cc310a-2a4b-4ab3-87df-66009aa0bf74,
2a5252c8-d4d6-48b4-a322-5384a1fc53c3,55.99,RON,Netflix,2026-07-12T06:39:57+00:00,5588e5c9-786a-4f09-8721-a8cedc57f9c8,
1e782114-d027-4f86-8fa6-36f8cbba9500,55.99,RON,Netflix,2026-07-12T06:39:57+00:00,33a2f3d5-7d4c-460f-ba3e-5b7745b7b856,
bcc7303f-e1da-414e-b547-c87b60d2dfb7,55.99,RON,Netflix,2026-07-12T06:39:57+00:00,6e36dc96-4f61-48f4-b69f-4ca617af9323,
d0c74f67-50a6-42e9-af8e-a7fff948491b,55.99,RON,Netflix,2026-07-12T06:39:57+00:00,2eb300a6-bd34-43d9-94c9-8697b97c5ba7,
81cef0bd-b14f-4085-b80b-626a136b1f54,55.99,RON,Netflix,2026-07-12T06:39:57+00:00,818e12e2-7146-4ffe-a877-ba23cf63df5b,
7d4b9110-c179-4dea-a8e9-27beb2e32e76,55.99,RON,Netflix,2026-07-12T06:39:57+00:00,97c83e0a-8a40-4c3e-b8e3-ae37cffa9985,
707bf53a-932f-424e-8f92-d87d57617490,55.99,RON,Netflix,2026-07-12T06:39:57+00:00,d3228db7-ef32-4e3e-8fa9-f9f8a84cc34d,
0bafab0b-ac4c-4d73-90d7-fe80db06d394,55.99,RON,Netflix,2026-07-12T06:39:57+00:00,12cbffe1-d83b-42c0-8120-8703b8fbd5c6,
813482f2-aec9-43f6-8d2c-50fab4ce7304,55.99,RON,Netflix,2026-07-12T06:39:57+00:00,82112000-16b4-4f2b-9dee-8ec850f886ea,
6841667c-893e-4de8-8509-c3a2214b1e1c,114.26,RON,Carrefour ref 49453084,2026-07-12T15:23:57+00:00,aa7898aa-95b2-468b-ac92-275a68599dc4,
39829270-1365-4a43-b622-7d7674fe9933,119.39,RON,Kaufland ref 61344947,2026-07-12T15:29:57+00:00,d3228db7-ef32-4e3e-8fa9-f9f8a84cc34d,
fd691098-d8ac-488e-bea1-95e3d6e5a9cd,60.46,RON,Glovo ref 92454575,2026-07-12T17:01:57+00:00,97c83e0a-8a40-4c3e-b8e3-ae37cffa9985,
24c9ec0e-887e-4883-b34a-26e485ce4148,107.68,RON,Kaufland ref 77413355,2026-07-12T18:28:57+00:00,56cc310a-2a4b-4ab3-87df-66009aa0bf74,
e4bc9bef-25c2-48e5-bb34-31dd671fa59b,62.0,RON,Glovo ref 80877336,2026-07-12T19:28:57+00:00,7bf7bf91-9958-41e0-bb31-0f54e9f410c9,
7109f31f-7116-4bde-bdef-397ee83af7ef,52.71,RON,Carrefour ref 99896835,2026-07-12T19:43:57+00:00,97c83e0a-8a40-4c3e-b8e3-ae37cffa9985,
960f08b4-99b3-4de0-ba5a-fb3757d4f8c4,55.08,RON,Lidl ref 64239540,2026-07-12T20:24:57+00:00,02c27ee1-ff57-48d4-82c7-6cf491fd62b9,
567328bc-55cf-485a-8667-b0577387de41,30.53,RON,Glovo ref 42231365,2026-07-13T00:11:57+00:00,aa7898aa-95b2-468b-ac92-275a68599dc4,
5ac92db2-eed4-4005-b922-2d87083a1c27,50.84,RON,Kaufland ref 39374592,2026-07-13T00:37:57+00:00,0e5779ec-be1a-470f-ad83-a4c869f8d3e4,
0dc7ebe4-f3b4-4b25-a431-efa073973573,61.2,RON,Mega Image ref 87509575,2026-07-13T02:55:57+00:00,818e12e2-7146-4ffe-a877-ba23cf63df5b,
be34efe8-b43c-45f2-ad41-7da9d1480c0d,78.63,RON,Lidl ref 70459050,2026-07-13T04:22:57+00:00,d3228db7-ef32-4e3e-8fa9-f9f8a84cc34d,
55df2c2c-e499-44b8-93fd-d7b638b87bf0,41.7,RON,Mega Image ref 40447363,2026-07-13T16:00:57+00:00,d3228db7-ef32-4e3e-8fa9-f9f8a84cc34d,
91878942-c198-4ea6-b0c9-eab0293c8915,38.88,RON,Glovo ref 42053645,2026-07-13T16:11:57+00:00,5588e5c9-786a-4f09-8721-a8cedc57f9c8,
b590ceea-9275-428c-8e6c-cf9afbc2d1ba,211.78,RON,OMV benzina ref 46874819,2026-07-13T16:47:57+00:00,6e36dc96-4f61-48f4-b69f-4ca617af9323,
0cea7f59-860b-4ee0-b2c7-eaf4f8a2c004,133.86,RON,Kaufland ref 92605671,2026-07-13T17:46:57+00:00,97c83e0a-8a40-4c3e-b8e3-ae37cffa9985,
760cf9e4-88a4-4b0d-b7c6-29a48cd439a2,131.35,RON,Kaufland ref 73133953,2026-07-13T18:15:57+00:00,5588e5c9-786a-4f09-8721-a8cedc57f9c8,
2cbb71d7-6c1d-42fa-88f7-b88e9f863762,128.23,RON,Carrefour ref 42476548,2026-07-13T19:32:57+00:00,02c27ee1-ff57-48d4-82c7-6cf491fd62b9,
4e268f27-bbd1-4f4b-aea5-3d7b4dca04c1,107.47,RON,Carrefour ref 16463786,2026-07-13T19:36:57+00:00,33a2f3d5-7d4c-460f-ba3e-5b7745b7b856,
653f4313-ef82-4ab3-be0c-52863cd68ac3,42.23,RON,Kaufland ref 55297384,2026-07-13T20:19:57+00:00,aa7898aa-95b2-468b-ac92-275a68599dc4,
83b2923c-3eda-4437-bd40-31ea4deba12c,387.25,RON,OMV benzina ref 73212500,2026-07-13T20:44:57+00:00,82112000-16b4-4f2b-9dee-8ec850f886ea,
0bcabfe1-54c4-421c-8676-47128db4b491,40.34,RON,Mega Image ref 35040493,2026-07-13T22:12:57+00:00,56cc310a-2a4b-4ab3-87df-66009aa0bf74,
cbdac20c-15f6-4117-89e7-3823fbbf9df8,101.3,RON,Lidl ref 72972746,2026-07-14T00:05:57+00:00,33a2f3d5-7d4c-460f-ba3e-5b7745b7b856,
4e4aa9dc-4c0d-491b-8c6f-0834fcf7a79b,46.37,RON,Mega Image ref 15713836,2026-07-14T01:16:57+00:00,12cbffe1-d83b-42c0-8120-8703b8fbd5c6,
b18aaed2-c656-469d-a6a1-6894e85faf14,33.91,RON,Glovo ref 97637149,2026-07-14T01:31:57+00:00,818e12e2-7146-4ffe-a877-ba23cf63df5b,
13166bfc-ba24-492b-833d-842b1b3073cb,56.3,RON,Mega Image ref 58932860,2026-07-14T01:32:57+00:00,33a2f3d5-7d4c-460f-ba3e-5b7745b7b856,
f185e00c-7fa6-4d29-b70b-8712020597ce,121.13,RON,Carrefour ref 35990963,2026-07-14T02:27:57+00:00,12cbffe1-d83b-42c0-8120-8703b8fbd5c6,
b9f5643c-cfd0-4abe-9484-8ad363e5eabd,46.45,RON,Glovo ref 65820179,2026-07-14T03:31:57+00:00,2eb300a6-bd34-43d9-94c9-8697b97c5ba7,
08405335-6047-4b30-a377-ff85882cd5af,70.94,RON,Kaufland ref 21843295,2026-07-14T15:01:57+00:00,02c27ee1-ff57-48d4-82c7-6cf491fd62b9,
241c55b3-d066-4b33-b48a-d2fff16f2ce4,26.63,RON,Mega Image ref 27891612,2026-07-14T15:31:57+00:00,818e12e2-7146-4ffe-a877-ba23cf63df5b,
b2408040-b4ee-4443-9229-f8354c9a360d,187.02,RON,OMV benzina ref 76457090,2026-07-14T17:13:57+00:00,56cc310a-2a4b-4ab3-87df-66009aa0bf74,
19960b40-367d-4053-bec2-e40df0b81b29,53.82,RON,Farmacia Tei ref 53000435,2026-07-14T17:22:57+00:00,aa7898aa-95b2-468b-ac92-275a68599dc4,
c342adc9-df09-451f-9173-bd6d16a00e13,44.45,RON,Glovo ref 91527526,2026-07-14T18:02:57+00:00,aa7898aa-95b2-468b-ac92-275a68599dc4,
b5663d62-60fd-444f-aa42-cb5161336c44,28.36,RON,Mega Image ref 68404599,2026-07-14T19:07:57+00:00,56cc310a-2a4b-4ab3-87df-66009aa0bf74,
b864cdd6-528a-42ef-9521-0e2d66430a86,81.02,RON,Mega Image ref 80626938,2026-07-14T20:53:57+00:00,12cbffe1-d83b-42c0-8120-8703b8fbd5c6,
8d2cfe83-c407-4654-bf5f-61aaaee7c7a5,42.97,RON,Glovo ref 80339453,2026-07-14T23:31:57+00:00,bdd640fb-0667-4ad1-9c80-317fa3b1799d,
9a8ed6e8-5bae-4471-a36b-c49cb10e91b4,42.86,RON,Glovo ref 66045156,2026-07-14T23:37:57+00:00,7bf7bf91-9958-41e0-bb31-0f54e9f410c9,
a6f1e2b1-4eef-4dfd-815a-e5c21211994d,32.47,RON,Lidl ref 80842119,2026-07-14T23:39:57+00:00,d3228db7-ef32-4e3e-8fa9-f9f8a84cc34d,
56eefd68-8016-45ef-bd9b-3532bbb51d4b,40.5,RON,Glovo ref 70905716,2026-07-15T00:32:57+00:00,02c27ee1-ff57-48d4-82c7-6cf491fd62b9,
b7051e66-afb0-487f-bb02-c0d28efd1d92,52.28,RON,Kaufland ref 32110827,2026-07-15T02:15:57+00:00,97c83e0a-8a40-4c3e-b8e3-ae37cffa9985,
2c8fb197-6009-480f-8be0-73095d40dce8,62.6,RON,Glovo ref 61907374,2026-07-15T02:34:57+00:00,818e12e2-7146-4ffe-a877-ba23cf63df5b,
5a6c9f6d-8791-483f-9ca6-86e39da6b60d,203.23,RON,Kaufland ref 47698693,2026-07-15T02:52:57+00:00,82112000-16b4-4f2b-9dee-8ec850f886ea,
1f56278d-78cf-4ea4-8121-54e0e0a10e5c,29.16,RON,Mega Image ref 32393437,2026-07-15T03:03:57+00:00,5588e5c9-786a-4f09-8721-a8cedc57f9c8,
e082bf2d-a70a-41e6-9165-62f497b302ec,32.46,RON,Mega Image ref 87220298,2026-07-15T15:03:57+00:00,d3228db7-ef32-4e3e-8fa9-f9f8a84cc34d,
265d985f-81a0-4b6c-9cb5-436b10f40aea,103.35,RON,Glovo ref 47532758,2026-07-15T15:27:57+00:00,12cbffe1-d83b-42c0-8120-8703b8fbd5c6,
22808829-9b55-4dd2-8d7b-e55d8f05d5d9,78.07,RON,Glovo ref 99240417,2026-07-15T17:24:57+00:00,5588e5c9-786a-4f09-8721-a8cedc57f9c8,
7d6ab7c2-a86d-4706-a37b-3648d617b9c0,14.34,RON,Mega Image ref 96134450,2026-07-15T17:45:57+00:00,bdd640fb-0667-4ad1-9c80-317fa3b1799d,
701e1d87-48e3-43ac-a630-57d4104853ed,56.14,RON,Mega Image ref 22516924,2026-07-15T17:58:57+00:00,818e12e2-7146-4ffe-a877-ba23cf63df5b,
bf0dcfc6-e5ae-465c-ae15-fd4e04459990,70.35,RON,Lidl ref 23839405,2026-07-15T20:17:57+00:00,02c27ee1-ff57-48d4-82c7-6cf491fd62b9,
c9c7eb4c-58cb-4de8-818a-f2d2427c3d5f,70.9,RON,Carrefour ref 41583718,2026-07-15T20:28:57+00:00,7bf7bf91-9958-41e0-bb31-0f54e9f410c9,
a05a53c4-7c42-43c7-9bd8-978e92714fea,39.93,RON,Mega Image ref 68551203,2026-07-15T21:11:57+00:00,aa7898aa-95b2-468b-ac92-275a68599dc4,
a8979483-dd4f-43bc-ba9b-a186075dac99,298.17,RON,OMV benzina ref 73166856,2026-07-15T21:40:57+00:00,12cbffe1-d83b-42c0-8120-8703b8fbd5c6,
1948ac3e-2526-441c-ae5c-fd0725ddb62c,65.79,RON,Mega Image ref 46696983,2026-07-15T22:09:57+00:00,6e36dc96-4f61-48f4-b69f-4ca617af9323,
9d7e4eb7-23fd-4ade-817f-cf1916a34833,140.89,RON,Carrefour ref 66494741,2026-07-15T22:40:57+00:00,0e5779ec-be1a-470f-ad83-a4c869f8d3e4,
5b88fc72-b66c-4b02-af66-dc57ef544897,84.11,RON,Lidl ref 77620927,2026-07-15T23:07:57+00:00,0e5779ec-be1a-470f-ad83-a4c869f8d3e4,
fa36cada-9f4b-4588-9298-d56dfa1e9f29,190.71,RON,Kaufland ref 94016755,2026-07-15T23:15:57+00:00,33a2f3d5-7d4c-460f-ba3e-5b7745b7b856,
6b09ea42-93e4-45f7-b334-2b797969748f,229.39,RON,Dedeman ref 29433419,2026-07-15T23:32:57+00:00,7bf7bf91-9958-41e0-bb31-0f54e9f410c9,
ec138ff9-d3ad-4e5d-ac39-16ada3f74a0e,126.69,RON,Farmacia Tei ref 16708244,2026-07-15T23:33:57+00:00,33a2f3d5-7d4c-460f-ba3e-5b7745b7b856,
bb9855ce-e5c6-4198-8e23-f880a964b0f1,162.07,RON,Kaufland ref 54678387,2026-07-15T23:35:57+00:00,97c83e0a-8a40-4c3e-b8e3-ae37cffa9985,
33bb7382-0801-4e83-9f9d-39102dbb45bd,29.06,RON,Lidl ref 27418007,2026-07-16T00:43:57+00:00,bdd640fb-0667-4ad1-9c80-317fa3b1799d,
8af2b429-3f81-449d-bcca-192decd399cc,105.74,RON,Lidl ref 91158781,2026-07-16T00:55:57+00:00,12cbffe1-d83b-42c0-8120-8703b8fbd5c6,
85f801f0-efa5-4ccb-ab24-4b05845aede2,13.99,RON,Mega Image ref 45332312,2026-07-16T01:23:57+00:00,7bf7bf91-9958-41e0-bb31-0f54e9f410c9,
1cb9f9bd-250d-4a85-9088-3ee965408099,34.61,RON,Carrefour ref 56544336,2026-07-16T01:30:57+00:00,d3228db7-ef32-4e3e-8fa9-f9f8a84cc34d,
72f6ab54-d446-4f77-b00e-00655753a760,78.06,RON,Lidl ref 17580669,2026-07-16T04:09:57+00:00,5588e5c9-786a-4f09-8721-a8cedc57f9c8,
30887587-9aab-4c3c-9c22-e9c18e31aa5e,20.67,RON,Mega Image ref 62348398,2026-07-16T04:31:57+00:00,56cc310a-2a4b-4ab3-87df-66009aa0bf74,
ffb9d609-47b6-42f2-a750-d3d08deb45c9,100.32,RON,Farmacia Tei ref 56256721,2026-07-16T15:00:57+00:00,33a2f3d5-7d4c-460f-ba3e-5b7745b7b856,
8642e18b-77a5-4009-8c02-b5ba92dbfe01,35.72,RON,Glovo ref 13771060,2026-07-16T15:03:57+00:00,2eb300a6-bd34-43d9-94c9-8697b97c5ba7,
0237b7a6-301a-4db9-ac9f-f95f81674d9b,111.14,RON,Glovo ref 20248176,2026-07-16T15:52:57+00:00,02c27ee1-ff57-48d4-82c7-6cf491fd62b9,
b42e3239-3a40-4475-9df2-58471f5fd722,78.61,RON,Mega Image ref 88437778,2026-07-16T16:05:57+00:00,82112000-16b4-4f2b-9dee-8ec850f886ea,
fb306592-40b0-4f61-a762-42fef49bf8fc,56.62,RON,Glovo ref 86830303,2026-07-16T16:25:57+00:00,818e12e2-7146-4ffe-a877-ba23cf63df5b,
46d00572-8674-4303-9c32-fd49d96d0974,118.14,RON,Kaufland ref 62663428,2026-07-16T16:55:57+00:00,2eb300a6-bd34-43d9-94c9-8697b97c5ba7,
0f8a0c2c-a390-4bc0-8d0f-a4a677d2b94f,95.33,RON,Kaufland ref 20731620,2026-07-16T18:20:57+00:00,bdd640fb-0667-4ad1-9c80-317fa3b1799d,
bc9b5872-0eca-4630-b342-64e16957a9dd,99.68,RON,Carrefour ref 53173686,2026-07-16T18:22:57+00:00,7bf7bf91-9958-41e0-bb31-0f54e9f410c9,
31ae84be-c7be-45c6-b28a-c5fdfc32964b,53.85,RON,Glovo ref 80841442,2026-07-16T19:36:57+00:00,aa7898aa-95b2-468b-ac92-275a68599dc4,
8a5adf79-5d87-404d-ad98-dc6d97469f46,31.19,RON,Glovo ref 33710478,2026-07-16T19:45:57+00:00,6e36dc96-4f61-48f4-b69f-4ca617af9323,
fc1a0c31-b872-4792-a7cd-b7cb4a7ff09e,105.61,RON,Carrefour ref 67134914,2026-07-16T20:48:57+00:00,2eb300a6-bd34-43d9-94c9-8697b97c5ba7,
6f206e2c-fb44-4fcd-89e5-25b1d95b99eb,19.9,RON,Mega Image ref 50770819,2026-07-16T21:10:57+00:00,d3228db7-ef32-4e3e-8fa9-f9f8a84cc34d,
e5d2c9b6-70e8-4f11-9e80-cb91794b0d65,89.45,RON,Kaufland ref 20851785,2026-07-16T21:12:57+00:00,12cbffe1-d83b-42c0-8120-8703b8fbd5c6,
9fce91c3-80e4-48e6-9b86-8adc08933949,158.02,RON,Kaufland ref 46214099,2026-07-16T21:59:57+00:00,5588e5c9-786a-4f09-8721-a8cedc57f9c8,
41e33d02-3b8a-4161-aab0-ccb6073bc0a7,59.71,RON,Mega Image ref 87354996,2026-07-16T22:44:57+00:00,6e36dc96-4f61-48f4-b69f-4ca617af9323,
f1d188b9-13f3-4289-8dcc-b05dd59ef0fd,88.61,RON,Carrefour ref 19447334,2026-07-16T23:56:57+00:00,bdd640fb-0667-4ad1-9c80-317fa3b1799d,
78029a36-dd8c-43ff-a379-b8e268c32e2c,41.23,RON,Glovo ref 10262883,2026-07-16T23:56:57+00:00,33a2f3d5-7d4c-460f-ba3e-5b7745b7b856,
309c33ac-ede0-4dd7-b4d6-69bf11ea4ad3,35.91,RON,Lidl ref 66338808,2026-07-17T00:55:57+00:00,818e12e2-7146-4ffe-a877-ba23cf63df5b,
c25d8eef-7a16-4931-9a52-d6161894939e,72.85,RON,Mega Image ref 62175696,2026-07-17T01:06:57+00:00,33a2f3d5-7d4c-460f-ba3e-5b7745b7b856,
7d2236af-701a-4eaf-a0c9-49b503515198,16.17,RON,Mega Image ref 66055457,2026-07-17T01:32:57+00:00,5588e5c9-786a-4f09-8721-a8cedc57f9c8,
506713ea-4c65-4db5-863e-cc1219e31a3f,179.14,RON,Dedeman ref 73613189,2026-07-17T01:52:57+00:00,6e36dc96-4f61-48f4-b69f-4ca617af9323,
ddf7e954-ecf8-4922-8f62-4e9b69e2fcb5,121.97,RON,Lidl ref 64530952,2026-07-17T02:22:57+00:00,02c27ee1-ff57-48d4-82c7-6cf491fd62b9,
ce2622a3-03e5-4d74-9f2d-0d95d1ac8431,30.26,RON,Glovo ref 95304807,2026-07-17T02:55:57+00:00,56cc310a-2a4b-4ab3-87df-66009aa0bf74,
c353ac87-ceb7-438a-b67a-92b701862029,50.13,RON,Carrefour ref 99936512,2026-07-17T04:04:57+00:00,0e5779ec-be1a-470f-ad83-a4c869f8d3e4,
2ccaa9cb-edc6-4a13-a992-680878dec02e,37.09,RON,Glovo ref 90141248,2026-07-17T04:20:57+00:00,5588e5c9-786a-4f09-8721-a8cedc57f9c8,
18ef2501-9826-455f-955f-2bf41b678ec1,95.22,RON,Lidl ref 97225409,2026-07-17T14:56:57+00:00,0e5779ec-be1a-470f-ad83-a4c869f8d3e4,
39edeb7a-4d73-4fb7-a218-21b2cab4f0e6,72.88,RON,Dedeman ref 37651781,2026-07-17T15:27:57+00:00,56cc310a-2a4b-4ab3-87df-66009aa0bf74,
aefb8106-1f5a-48fb-8f8e-e3cd18c053dd,45.26,RON,Mega Image ref 74266790,2026-07-17T16:17:57+00:00,56cc310a-2a4b-4ab3-87df-66009aa0bf74,
8519d0eb-c94f-4f2e-bf15-047b10831398,165.74,RON,Dedeman ref 59056607,2026-07-17T17:42:57+00:00,33a2f3d5-7d4c-460f-ba3e-5b7745b7b856,
4b75301d-b57e-453d-ac0d-4e02fc158826,58.57,RON,Mega Image ref 37079325,2026-07-17T17:59:57+00:00,6e36dc96-4f61-48f4-b69f-4ca617af9323,
91ed554a-3fae-4f01-a829-0f3c86b4852c,55.38,RON,Lidl ref 35920053,2026-07-17T18:13:57+00:00,bdd640fb-0667-4ad1-9c80-317fa3b1799d,
b19aadda-2af4-4faa-a340-02665d5ba987,112.59,RON,Glovo ref 82204352,2026-07-17T18:18:57+00:00,02c27ee1-ff57-48d4-82c7-6cf491fd62b9,
09950822-b531-4b8c-b44c-e24ab64bcd2d,68.4,RON,Kaufland ref 95450230,2026-07-17T18:42:57+00:00,818e12e2-7146-4ffe-a877-ba23cf63df5b,
ce87f4f5-f8f9-40ca-8cea-2f3db81bebe9,37.62,RON,Glovo ref 69512466,2026-07-17T20:27:57+00:00,5588e5c9-786a-4f09-8721-a8cedc57f9c8,
27f2cfa9-72ee-4ee1-9b18-7e811fb055bc,58.2,RON,Lidl ref 46359069,2026-07-17T20:37:57+00:00,818e12e2-7146-4ffe-a877-ba23cf63df5b,
b2b103ab-423e-4555-b2b1-cb9b7a04166d,126.38,RON,Kaufland ref 65593942,2026-07-17T20:57:57+00:00,5588e5c9-786a-4f09-8721-a8cedc57f9c8,
71d61d83-fc8b-4cda-8e29-5b50b51f8713,36.14,RON,Mega Image ref 75258733,2026-07-17T21:03:57+00:00,d3228db7-ef32-4e3e-8fa9-f9f8a84cc34d,
ffffa27d-e4d1-417b-9083-8ffcf75cc946,74.26,RON,Glovo ref 94931084,2026-07-17T21:43:57+00:00,6e36dc96-4f61-48f4-b69f-4ca617af9323,
50da6274-7384-4caa-aef8-803356ca8ab2,64.02,RON,Mega Image ref 99889900,2026-07-17T22:03:57+00:00,97c83e0a-8a40-4c3e-b8e3-ae37cffa9985,
344923f9-e1ff-4a14-adf7-dec39d0e56d2,127.41,RON,Carrefour ref 78502989,2026-07-17T23:36:57+00:00,d3228db7-ef32-4e3e-8fa9-f9f8a84cc34d,
24e72383-8429-412c-b47f-1a8cb39a442b,92.14,RON,Carrefour ref 17116259,2026-07-18T00:22:57+00:00,0e5779ec-be1a-470f-ad83-a4c869f8d3e4,
5edd3492-aac2-4302-9a3b-c8d80daba507,57.29,RON,Glovo ref 26661403,2026-07-18T01:02:57+00:00,aa7898aa-95b2-468b-ac92-275a68599dc4,
e200c157-6d54-495a-aa4d-52a8b3da5808,71.03,RON,Carrefour ref 71568435,2026-07-18T01:15:57+00:00,bdd640fb-0667-4ad1-9c80-317fa3b1799d,
4fd7ecd2-761b-4e02-b534-2b645a3f3952,96.79,RON,Kaufland ref 51056009,2026-07-18T03:34:57+00:00,56cc310a-2a4b-4ab3-87df-66009aa0bf74,
86e76c6c-c800-49fb-94c7-ca673dc1e882,53.0,RON,Glovo ref 13707261,2026-07-18T03:43:57+00:00,7bf7bf91-9958-41e0-bb31-0f54e9f410c9,
9f49e457-2a25-49c0-b36f-bac9eece65eb,63.67,RON,Glovo ref 87930625,2026-07-18T03:54:57+00:00,56cc310a-2a4b-4ab3-87df-66009aa0bf74,
6d0982b7-7d76-4a43-a312-e7dda6b83e23,46.34,RON,Glovo ref 59793666,2026-07-18T16:32:57+00:00,7bf7bf91-9958-41e0-bb31-0f54e9f410c9,
1a85fd69-344c-46cc-bf48-e5f018cc0e29,132.42,RON,Carrefour ref 79769403,2026-07-18T17:17:57+00:00,0e5779ec-be1a-470f-ad83-a4c869f8d3e4,
92f765e7-4927-4b4a-8a12-d0d4cda42f85,108.88,RON,Kaufland ref 18702667,2026-07-18T20:15:57+00:00,aa7898aa-95b2-468b-ac92-275a68599dc4,
afaeb523-26ff-48c3-85ee-d8b02d96364e,92.93,RON,Lidl ref 68412066,2026-07-18T20:16:57+00:00,33a2f3d5-7d4c-460f-ba3e-5b7745b7b856,
1cf99c46-2e8c-4926-a274-7125bb95c11c,74.26,RON,Mega Image ref 83765779,2026-07-18T20:29:57+00:00,82112000-16b4-4f2b-9dee-8ec850f886ea,
a23e0ab6-a391-427c-afd1-3d603e3c54d1,33.84,RON,Mega Image ref 38343695,2026-07-18T20:34:57+00:00,6e36dc96-4f61-48f4-b69f-4ca617af9323,
0201ef75-9a71-4624-9d71-986c1f22310c,24.39,RON,Mega Image ref 25823568,2026-07-18T20:50:57+00:00,12cbffe1-d83b-42c0-8120-8703b8fbd5c6,
b4c70241-990c-48bf-8197-8cb867218261,41.52,RON,Mega Image ref 32226595,2026-07-18T21:55:57+00:00,aa7898aa-95b2-468b-ac92-275a68599dc4,
9cb16d9c-2cbb-4d3c-bcd8-9cc431b4b166,160.93,RON,Carrefour ref 19079064,2026-07-18T22:38:57+00:00,82112000-16b4-4f2b-9dee-8ec850f886ea,
ff7a3f96-f89b-4ffc-abba-25b5eaab212d,41.58,RON,Mega Image ref 20197356,2026-07-19T00:12:57+00:00,02c27ee1-ff57-48d4-82c7-6cf491fd62b9,
fd397fe7-b819-415d-8f96-8a84a0d44d24,97.05,RON,Lidl ref 50385068,2026-07-19T01:19:57+00:00,0e5779ec-be1a-470f-ad83-a4c869f8d3e4,
51b464c4-165c-4443-9b3e-0f66162a36b7,130.55,RON,Lidl ref 72403021,2026-07-19T01:41:57+00:00,82112000-16b4-4f2b-9dee-8ec850f886ea,
25b08a57-a4ba-4e5c-b195-dc4c2ce9b6cb,20.91,RON,Mega Image ref 33630872,2026-07-19T01:52:57+00:00,7bf7bf91-9958-41e0-bb31-0f54e9f410c9,
9447b3be-0afa-4dfa-adcb-14d5aff4fc8d,64.22,RON,Lidl ref 28762438,2026-07-19T02:12:57+00:00,2eb300a6-bd34-43d9-94c9-8697b97c5ba7,
ab01bf7e-dbdd-46e8-9a97-5f81e9a7abf3,87.33,RON,Kaufland ref 10749951,2026-07-19T02:50:57+00:00,818e12e2-7146-4ffe-a877-ba23cf63df5b,
0858d8f4-25a9-45a3-ac8e-0f04b0787008,121.55,RON,Carrefour ref 28890075,2026-07-19T03:05:57+00:00,6e36dc96-4f61-48f4-b69f-4ca617af9323,
97a6565b-c5bb-482f-b23d-2cb09393e2d9,20.76,RON,Mega Image ref 76894182,2026-07-19T04:29:57+00:00,d3228db7-ef32-4e3e-8fa9-f9f8a84cc34d,
575b21bf-12f0-43cd-807c-1a86f522f2db,44.65,RON,Kaufland ref 34383206,2026-07-19T15:48:57+00:00,2eb300a6-bd34-43d9-94c9-8697b97c5ba7,
d904b887-d77b-43b3-bc24-3b45d1fd4711,33.88,RON,Mega Image ref 34701959,2026-07-19T15:58:57+00:00,0e5779ec-be1a-470f-ad83-a4c869f8d3e4,
db422295-95a2-47e4-b513-99ed020359c1,66.57,RON,Glovo ref 87656343,2026-07-19T16:45:57+00:00,7bf7bf91-9958-41e0-bb31-0f54e9f410c9,
4d93c9ce-a8a5-4970-a52f-a661f6b38c33,70.4,RON,Kaufland ref 33246404,2026-07-19T18:10:57+00:00,97c83e0a-8a40-4c3e-b8e3-ae37cffa9985,
f4604426-c31f-4749-8851-7e044fa0e7f4,41.08,RON,Glovo ref 39573433,2026-07-19T18:33:57+00:00,02c27ee1-ff57-48d4-82c7-6cf491fd62b9,
dc629367-22e3-4be7-8290-d27c152f1d44,74.04,RON,Glovo ref 15086682,2026-07-19T19:43:57+00:00,33a2f3d5-7d4c-460f-ba3e-5b7745b7b856,
cfd632ec-5bc1-4d0c-a9a3-d78639658ef7,90.19,RON,Kaufland ref 71260378,2026-07-19T21:04:57+00:00,d3228db7-ef32-4e3e-8fa9-f9f8a84cc34d,
59638af7-47da-4b5b-b43b-cabf3930043d,88.0,RON,Glovo ref 65524368,2026-07-19T21:26:57+00:00,12cbffe1-d83b-42c0-8120-8703b8fbd5c6,
3771af9e-0aa1-4a2e-b33b-57e8c9bb859f,26.08,RON,Mega Image ref 53204926,2026-07-19T21:40:57+00:00,818e12e2-7146-4ffe-a877-ba23cf63df5b,
3978c80a-c3c5-4fbd-9356-0e3a2503af11,30.7,RON,Lidl ref 30355172,2026-07-19T22:51:57+00:00,818e12e2-7146-4ffe-a877-ba23cf63df5b,
bc5e4371-508e-4f13-9cba-4396d1a5b29a,178.09,RON,Kaufland ref 23827875,2026-07-19T23:02:57+00:00,5588e5c9-786a-4f09-8721-a8cedc57f9c8,
f2b219fc-0dbe-442b-a749-de8d830116f6,87.33,RON,Kaufland ref 73909465,2026-07-19T23:12:57+00:00,56cc310a-2a4b-4ab3-87df-66009aa0bf74,
6fe61bfa-74d2-4eb6-b7a4-465141500063,26.94,RON,Glovo ref 91470757,2026-07-20T00:16:57+00:00,56cc310a-2a4b-4ab3-87df-66009aa0bf74,
44a912f7-49f8-4292-9d30-6afa5f380b5b,55.63,RON,Kaufland ref 82906443,2026-07-20T02:57:57+00:00,7bf7bf91-9958-41e0-bb31-0f54e9f410c9,
f6888073-2dbc-4322-b19a-69a4e1bf0464,191.12,RON,Kaufland ref 81811680,2026-07-20T03:46:57+00:00,82112000-16b4-4f2b-9dee-8ec850f886ea,
c4057420-6004-4231-b6c3-fe858bae295e,45.0,RON,Digi internet,2026-07-20T06:39:57+00:00,bdd640fb-0667-4ad1-9c80-317fa3b1799d,
058b5ee1-a2dd-415a-a570-66e86eaebb60,45.0,RON,Digi internet,2026-07-20T06:39:57+00:00,0e5779ec-be1a-470f-ad83-a4c869f8d3e4,
e39f6cc7-16f3-4bed-b4c9-abd9daacfe2b,45.0,RON,Digi internet,2026-07-20T06:39:57+00:00,aa7898aa-95b2-468b-ac92-275a68599dc4,
f6096928-feb1-4270-a9c8-0b17bf335ada,45.0,RON,Digi internet,2026-07-20T06:39:57+00:00,7bf7bf91-9958-41e0-bb31-0f54e9f410c9,
fe2507bc-0e34-481c-bb7a-9b9f0a8267b1,45.0,RON,Digi internet,2026-07-20T06:39:57+00:00,02c27ee1-ff57-48d4-82c7-6cf491fd62b9,
de1386dd-9557-4591-89d8-e8e0e72c7890,45.0,RON,Digi internet,2026-07-20T06:39:57+00:00,56cc310a-2a4b-4ab3-87df-66009aa0bf74,
fe417eb2-7e93-49de-aba3-414cbc6c5e7c,45.0,RON,Digi internet,2026-07-20T06:39:57+00:00,5588e5c9-786a-4f09-8721-a8cedc57f9c8,
2246d044-d5c6-48ba-9f6d-6c8ceea8e390,45.0,RON,Digi internet,2026-07-20T06:39:57+00:00,33a2f3d5-7d4c-460f-ba3e-5b7745b7b856,
58b8ebfb-4dbb-48c3-ae62-735c8320fadc,45.0,RON,Digi internet,2026-07-20T06:39:57+00:00,6e36dc96-4f61-48f4-b69f-4ca617af9323,
1bb14dc6-d718-4a26-8a68-6466531fecdc,45.0,RON,Digi internet,2026-07-20T06:39:57+00:00,2eb300a6-bd34-43d9-94c9-8697b97c5ba7,
23b76e40-6900-4510-88ed-d1e331a0932f,45.0,RON,Digi internet,2026-07-20T06:39:57+00:00,818e12e2-7146-4ffe-a877-ba23cf63df5b,
855ab411-061e-4762-a555-9f5cf70b3a05,45.0,RON,Digi internet,2026-07-20T06:39:57+00:00,97c83e0a-8a40-4c3e-b8e3-ae37cffa9985,
8a02c635-b407-4d87-ad86-725dc1c0fdad,45.0,RON,Digi internet,2026-07-20T06:39:57+00:00,d3228db7-ef32-4e3e-8fa9-f9f8a84cc34d,
b41398ee-0887-4edc-8638-b99c43e30865,45.0,RON,Digi internet,2026-07-20T06:39:57+00:00,12cbffe1-d83b-42c0-8120-8703b8fbd5c6,
5df0b99c-c2d1-40c1-879a-9a823bf47811,45.0,RON,Digi internet,2026-07-20T06:39:57+00:00,82112000-16b4-4f2b-9dee-8ec850f886ea,
4d457ea5-e3ec-4f6a-be50-3fdc2294fa0a,63.04,RON,Farmacia Tei ref 79472352,2026-07-20T14:57:57+00:00,bdd640fb-0667-4ad1-9c80-317fa3b1799d,
6e5038dd-b9b2-46ec-b6c7-87a0288e68fb,19.64,RON,Glovo ref 33609620,2026-07-20T15:27:57+00:00,2eb300a6-bd34-43d9-94c9-8697b97c5ba7,
052dc231-ee88-4dc0-a1fc-2f32f0704835,57.74,RON,Carrefour ref 68362139,2026-07-20T15:36:57+00:00,d3228db7-ef32-4e3e-8fa9-f9f8a84cc34d,
78ef930e-06a5-42bb-a156-b1cdc880b163,152.23,RON,Carrefour ref 53854803,2026-07-20T15:53:57+00:00,12cbffe1-d83b-42c0-8120-8703b8fbd5c6,
ff6f4f21-ce64-489a-b74e-3e12ebed65d4,46.33,RON,Glovo ref 12593999,2026-07-20T16:07:57+00:00,7bf7bf91-9958-41e0-bb31-0f54e9f410c9,
b0916fb7-f17f-4f92-926a-a790c5828939,122.17,RON,Carrefour ref 12912708,2026-07-20T17:52:57+00:00,bdd640fb-0667-4ad1-9c80-317fa3b1799d,
9a220af4-def6-4ab7-baa7-11b52fabe638,46.88,RON,Kaufland ref 32465246,2026-07-20T17:52:57+00:00,56cc310a-2a4b-4ab3-87df-66009aa0bf74,
3d65c0da-4974-4670-bf38-d4b7826d1a1b,61.99,RON,Farmacia Tei ref 72316510,2026-07-20T17:57:57+00:00,2eb300a6-bd34-43d9-94c9-8697b97c5ba7,
7f875546-73b7-41bb-a7f2-6c47dc0f891c,10.82,RON,Mega Image ref 82131979,2026-07-20T18:10:57+00:00,2eb300a6-bd34-43d9-94c9-8697b97c5ba7,
0f8034cc-13d2-4821-942d-e47a7ed62e8c,43.92,RON,Mega Image ref 46055931,2026-07-20T18:50:57+00:00,7bf7bf91-9958-41e0-bb31-0f54e9f410c9,
8b6aa701-9bc7-4652-b876-4c84025de8b8,138.17,RON,Kaufland ref 81411562,2026-07-20T19:42:57+00:00,5588e5c9-786a-4f09-8721-a8cedc57f9c8,
b41da663-208b-4fee-8255-684630677475,204.11,RON,Kaufland ref 61697915,2026-07-20T22:43:57+00:00,02c27ee1-ff57-48d4-82c7-6cf491fd62b9,
31c78a33-db59-43d3-b990-03d8cad413f4,39.81,RON,Glovo ref 93051731,2026-07-20T23:35:57+00:00,aa7898aa-95b2-468b-ac92-275a68599dc4,
ccc34f70-b299-4e18-a2c5-26ab6424fa05,44.46,RON,Glovo ref 46934215,2026-07-21T00:10:57+00:00,0e5779ec-be1a-470f-ad83-a4c869f8d3e4,
fd46e78e-79fc-49b4-90cf-9dc217d3862d,20.39,RON,Mega Image ref 27152110,2026-07-21T00:16:57+00:00,97c83e0a-8a40-4c3e-b8e3-ae37cffa9985,
3dfe5ff4-d757-4743-be9b-ab1a769b80ab,107.52,RON,Glovo ref 87072286,2026-07-21T02:17:57+00:00,02c27ee1-ff57-48d4-82c7-6cf491fd62b9,
259d537f-3f8a-46b8-919a-5591f3b20598,72.46,RON,Lidl ref 95466762,2026-07-21T03:02:57+00:00,aa7898aa-95b2-468b-ac92-275a68599dc4,
8bf349a3-b31a-4d22-bddd-bd3682f2a59e,121.66,RON,Kaufland ref 32921098,2026-07-21T04:26:57+00:00,0e5779ec-be1a-470f-ad83-a4c869f8d3e4,
9fd74a4a-0be6-4b5f-80d6-485d577062a1,88.63,RON,Lidl ref 93505513,2026-07-21T14:45:57+00:00,d3228db7-ef32-4e3e-8fa9-f9f8a84cc34d,
514b04d1-f073-44f6-82d3-57fa44a5df17,42.0,RON,Mega Image ref 34263740,2026-07-21T15:14:57+00:00,82112000-16b4-4f2b-9dee-8ec850f886ea,
46c65b1e-9a1e-4227-a7c8-48d97a2f8c41,332.73,RON,Dedeman ref 55482501,2026-07-21T15:59:57+00:00,33a2f3d5-7d4c-460f-ba3e-5b7745b7b856,
1736aadc-4b91-4450-b175-0735e7940b08,76.48,RON,Lidl ref 73375181,2026-07-21T16:11:57+00:00,02c27ee1-ff57-48d4-82c7-6cf491fd62b9,
ff690ec4-6d3c-4428-8935-5466fd491137,27.28,RON,Glovo ref 31183718,2026-07-21T16:15:57+00:00,97c83e0a-8a40-4c3e-b8e3-ae37cffa9985,
f285090c-7bea-428c-8b58-c283d3efc660,34.61,RON,Farmacia Tei ref 41777707,2026-07-21T18:19:57+00:00,82112000-16b4-4f2b-9dee-8ec850f886ea,
4cf79d96-3e84-497c-a696-3ba493fd4ccd,39.55,RON,Glovo ref 82542014,2026-07-21T18:33:57+00:00,5588e5c9-786a-4f09-8721-a8cedc57f9c8,
d10c796c-dbe9-44bc-8807-e6d28279251f,113.02,RON,Glovo ref 96490527,2026-07-21T20:05:57+00:00,12cbffe1-d83b-42c0-8120-8703b8fbd5c6,
25f0698e-5029-4140-b62c-ff1fca2710ec,99.54,RON,Lidl ref 11691403,2026-07-21T20:44:57+00:00,97c83e0a-8a40-4c3e-b8e3-ae37cffa9985,
7f1212f2-dbc6-44a9-b91a-44cd78bab052,42.45,RON,Glovo ref 71717565,2026-07-21T21:14:57+00:00,56cc310a-2a4b-4ab3-87df-66009aa0bf74,
a525dcd0-08b9-42e9-8d81-c859949e24ad,110.21,RON,Kaufland ref 11479031,2026-07-21T21:46:57+00:00,0e5779ec-be1a-470f-ad83-a4c869f8d3e4,
a027a9a4-ebf7-450d-bfa5-d42d0d3702ba,117.07,RON,Kaufland ref 67488952,2026-07-21T21:59:57+00:00,5588e5c9-786a-4f09-8721-a8cedc57f9c8,
3ff69f41-9508-4801-a3be-7ca05df924fb,30.09,RON,Glovo ref 45566111,2026-07-21T22:01:57+00:00,bdd640fb-0667-4ad1-9c80-317fa3b1799d,
5ee83986-bdcc-4eeb-9c43-d8ebbe587107,88.81,RON,Kaufland ref 98411989,2026-07-21T22:50:57+00:00,33a2f3d5-7d4c-460f-ba3e-5b7745b7b856,
39347ab6-521b-4730-9011-d01af3c7f5f2,109.53,RON,Carrefour ref 17244245,2026-07-22T01:01:57+00:00,02c27ee1-ff57-48d4-82c7-6cf491fd62b9,
1b55d3a7-320a-46c5-9ae4-597998cfe11a,109.43,RON,Kaufland ref 49371043,2026-07-22T01:50:57+00:00,6e36dc96-4f61-48f4-b69f-4ca617af9323,
3b61260f-fc00-4a3c-b7e0-829623ec8054,54.76,RON,Glovo ref 38032933,2026-07-22T02:42:57+00:00,2eb300a6-bd34-43d9-94c9-8697b97c5ba7,
f5ebb7f9-8f52-4f8a-905c-be00677a72f6,50.9,RON,Mega Image ref 67696791,2026-07-22T02:48:57+00:00,aa7898aa-95b2-468b-ac92-275a68599dc4,
323ab634-6cd6-4361-835b-0b86790c71d2,105.93,RON,Carrefour ref 30726415,2026-07-22T03:41:57+00:00,818e12e2-7146-4ffe-a877-ba23cf63df5b,
4d9698aa-8c8d-43d0-9d29-4bd25c4dd3e6,157.41,RON,Lidl ref 64662464,2026-07-22T15:18:57+00:00,02c27ee1-ff57-48d4-82c7-6cf491fd62b9,
b4cb22f4-e70d-4d07-994d-30a935f5afea,68.27,RON,Lidl ref 77539115,2026-07-22T17:01:57+00:00,0e5779ec-be1a-470f-ad83-a4c869f8d3e4,
dbd165a3-b716-407d-b5a0-987556dbc7ac,61.52,RON,Glovo ref 85584413,2026-07-22T17:01:57+00:00,0e5779ec-be1a-470f-ad83-a4c869f8d3e4,
d438ebbe-94be-482c-9ef4-c29e2086f1d3,94.35,RON,Carrefour ref 82311958,2026-07-22T17:29:57+00:00,56cc310a-2a4b-4ab3-87df-66009aa0bf74,
6e5b005d-14ec-4004-a2d2-d921d94497fe,124.51,RON,Kaufland ref 49028771,2026-07-22T18:05:57+00:00,6e36dc96-4f61-48f4-b69f-4ca617af9323,
27ff70a8-f3d9-4893-9c0b-a5a8d69ef2b5,53.38,RON,Glovo ref 30575553,2026-07-22T18:53:57+00:00,97c83e0a-8a40-4c3e-b8e3-ae37cffa9985,
b65365bf-abf5-40bc-9683-f3298867260d,60.85,RON,Kaufland ref 69183451,2026-07-22T18:57:57+00:00,02c27ee1-ff57-48d4-82c7-6cf491fd62b9,
28efd75b-70c9-4b33-8eef-5d5cdcef3d32,103.22,RON,Kaufland ref 25184381,2026-07-22T19:03:57+00:00,7bf7bf91-9958-41e0-bb31-0f54e9f410c9,
535a4f53-b337-4810-894e-a3c21df5a6de,109.24,RON,Glovo ref 30419411,2026-07-22T21:37:57+00:00,12cbffe1-d83b-42c0-8120-8703b8fbd5c6,
ec1d2664-3ea0-4741-92d7-b20b5c7c7760,122.32,RON,Kaufland ref 11270021,2026-07-22T22:01:57+00:00,d3228db7-ef32-4e3e-8fa9-f9f8a84cc34d,
a99c706e-ab8e-4995-9366-3145386bf5fc,24.3,RON,Mega Image ref 91434066,2026-07-22T23:25:57+00:00,aa7898aa-95b2-468b-ac92-275a68599dc4,
2837527d-3f98-4a5a-b9ed-f9fcce5502c9,96.15,RON,Glovo ref 59447401,2026-07-22T23:27:57+00:00,33a2f3d5-7d4c-460f-ba3e-5b7745b7b856,
8cb42d42-fe12-45e9-9ad4-a6f3297c62fa,38.16,RON,Glovo ref 28689791,2026-07-23T01:07:57+00:00,56cc310a-2a4b-4ab3-87df-66009aa0bf74,
6b4589b1-7e8c-40ca-b3d4-8a3ad2f1d8c0,74.33,RON,Carrefour ref 56856904,2026-07-23T02:26:57+00:00,82112000-16b4-4f2b-9dee-8ec850f886ea,
bfd096b4-2c85-4b3f-b126-36bba455ea22,103.67,RON,Lidl ref 14096369,2026-07-23T03:05:57+00:00,aa7898aa-95b2-468b-ac92-275a68599dc4,
05142483-ae94-4125-b3e2-85f639fd015e,67.71,RON,Lidl ref 42347489,2026-07-23T03:39:57+00:00,6e36dc96-4f61-48f4-b69f-4ca617af9323,
db4c4ff9-65d0-454d-943e-d6ce3648bdc2,70.81,RON,Glovo ref 54435793,2026-07-23T15:23:57+00:00,818e12e2-7146-4ffe-a877-ba23cf63df5b,
6aa12abd-6f2e-42b9-9130-32dbe13a14ca,113.46,RON,Carrefour ref 56698401,2026-07-23T15:37:57+00:00,bdd640fb-0667-4ad1-9c80-317fa3b1799d,
edff0b3b-b71b-4d2d-a923-f2d1c5dcad93,106.06,RON,Carrefour ref 62302462,2026-07-23T16:21:57+00:00,5588e5c9-786a-4f09-8721-a8cedc57f9c8,
5b1005e5-2635-45ad-9476-4010e1174c66,45.67,RON,Mega Image ref 99295491,2026-07-23T17:44:57+00:00,2eb300a6-bd34-43d9-94c9-8697b97c5ba7,
f625ccca-2a8b-4b9f-8dd9-630833d8fd67,81.27,RON,Lidl ref 95877362,2026-07-23T18:13:57+00:00,5588e5c9-786a-4f09-8721-a8cedc57f9c8,
598c1a48-e187-4b6d-a801-8e890f94e2f9,143.12,RON,Kaufland ref 44911314,2026-07-23T21:27:57+00:00,7bf7bf91-9958-41e0-bb31-0f54e9f410c9,
6b68a616-9cde-4374-b5b3-20bf9a3e602d,101.94,RON,Kaufland ref 55805486,2026-07-23T21:35:57+00:00,2eb300a6-bd34-43d9-94c9-8697b97c5ba7,
a05ec760-bf48-430e-ba60-db1b16795035,115.26,RON,Farmacia Tei ref 15246069,2026-07-23T21:44:57+00:00,82112000-16b4-4f2b-9dee-8ec850f886ea,
be7ac57a-e98d-4961-b614-966560f0332f,72.57,RON,Carrefour ref 60241877,2026-07-23T22:57:57+00:00,d3228db7-ef32-4e3e-8fa9-f9f8a84cc34d,
0fdcc78f-d70f-4844-9735-2a30dbdfc062,27.92,RON,Mega Image ref 44993008,2026-07-24T02:14:57+00:00,82112000-16b4-4f2b-9dee-8ec850f886ea,
9695574a-8a73-446d-9349-b583a66addb1,55.64,RON,Mega Image ref 30021227,2026-07-24T03:08:57+00:00,d3228db7-ef32-4e3e-8fa9-f9f8a84cc34d,
593e285f-e4c1-4c90-96e9-cc7c9b2cc6b2,161.41,RON,Kaufland ref 64791659,2026-07-24T03:42:57+00:00,818e12e2-7146-4ffe-a877-ba23cf63df5b,
c10fc4c1-7de1-40e4-a1c2-45d7e3fabd29,216.08,RON,OMV benzina ref 92482618,2026-07-24T04:16:57+00:00,d3228db7-ef32-4e3e-8fa9-f9f8a84cc34d,
f35333c2-f9aa-4d30-aa38-dd49e7e96c17,101.24,RON,Lidl ref 85963912,2026-07-24T14:43:57+00:00,97c83e0a-8a40-4c3e-b8e3-ae37cffa9985,
89516fc6-a1c3-4d95-a5bc-77259b8a512d,81.03,RON,Glovo ref 27505273,2026-07-24T15:46:57+00:00,818e12e2-7146-4ffe-a877-ba23cf63df5b,
b0a54369-616a-444a-a405-ff2dfb719d04,108.27,RON,Farmacia Tei ref 61330934,2026-07-24T16:37:57+00:00,02c27ee1-ff57-48d4-82c7-6cf491fd62b9,
2e50fad1-a06c-4906-9312-a340ab9c0a80,133.47,RON,Dedeman ref 94534851,2026-07-24T17:33:57+00:00,818e12e2-7146-4ffe-a877-ba23cf63df5b,
8c9bcaa6-07aa-440c-9762-0a6f6f24564d,122.49,RON,Kaufland ref 91873755,2026-07-24T17:36:57+00:00,aa7898aa-95b2-468b-ac92-275a68599dc4,
597493a0-91a5-4f7a-b45b-2edcbd1f8d7f,107.55,RON,Lidl ref 22885366,2026-07-24T17:55:57+00:00,33a2f3d5-7d4c-460f-ba3e-5b7745b7b856,
6e4eb84f-d6a9-4899-bf90-96f496132301,58.27,RON,Glovo ref 96415678,2026-07-24T19:25:57+00:00,56cc310a-2a4b-4ab3-87df-66009aa0bf74,
1a5cd165-cdbe-4893-bbd6-8d8cead82bb6,91.16,RON,Glovo ref 92963151,2026-07-24T20:58:57+00:00,02c27ee1-ff57-48d4-82c7-6cf491fd62b9,
d7764d95-2fbb-4ea0-a5c4-559cd1319a8d,80.19,RON,Carrefour ref 97502338,2026-07-24T22:32:57+00:00,2eb300a6-bd34-43d9-94c9-8697b97c5ba7,
b2a0f778-809d-4444-93ab-3cce264ae04f,27.88,RON,Mega Image ref 85821325,2026-07-24T22:41:57+00:00,bdd640fb-0667-4ad1-9c80-317fa3b1799d,
5470ea74-c4b3-486f-868a-acecec528ec3,20.82,RON,Mega Image ref 27127059,2026-07-24T22:46:57+00:00,2eb300a6-bd34-43d9-94c9-8697b97c5ba7,
88ebca7c-abc8-415b-8210-7fb4e6ac8a68,36.34,RON,Mega Image ref 89076170,2026-07-24T23:21:57+00:00,d3228db7-ef32-4e3e-8fa9-f9f8a84cc34d,
4c683609-0c39-4e51-a6f7-b85d591a91ea,87.3,RON,Lidl ref 39824343,2026-07-24T23:46:57+00:00,7bf7bf91-9958-41e0-bb31-0f54e9f410c9,
6645d8aa-a2f4-420e-97e7-bec6ac01eb57,47.21,RON,Mega Image ref 32912599,2026-07-25T00:59:57+00:00,12cbffe1-d83b-42c0-8120-8703b8fbd5c6,
6d1a6677-9815-42d1-bcbe-228923f30208,75.48,RON,Glovo ref 70539079,2026-07-25T01:03:57+00:00,6e36dc96-4f61-48f4-b69f-4ca617af9323,
1646113d-dc76-49e5-8a79-9c752e206e6f,150.11,RON,Kaufland ref 76203738,2026-07-25T01:49:57+00:00,7bf7bf91-9958-41e0-bb31-0f54e9f410c9,
38da9a90-170f-4d32-8135-f15a9343e6ea,75.45,RON,Glovo ref 89877290,2026-07-25T02:04:57+00:00,bdd640fb-0667-4ad1-9c80-317fa3b1799d,
c704e80e-a246-4cd7-82ed-5d15edbc36d8,124.96,RON,Kaufland ref 90839556,2026-07-25T02:53:57+00:00,bdd640fb-0667-4ad1-9c80-317fa3b1799d,
a4c63f8a-61ad-48a0-b62d-eea57f6149c4,41.46,RON,Mega Image ref 94033966,2026-07-25T03:09:57+00:00,82112000-16b4-4f2b-9dee-8ec850f886ea,
aa05fbd5-28f8-444e-a1e5-eed2a2ee459d,457.68,RON,Dedeman ref 80657083,2026-07-25T03:35:57+00:00,02c27ee1-ff57-48d4-82c7-6cf491fd62b9,
2622800a-30e7-4bf2-a44d-cf612996e716,205.84,RON,Kaufland ref 51499554,2026-07-25T15:21:57+00:00,82112000-16b4-4f2b-9dee-8ec850f886ea,
85639b3f-570d-4126-bf9c-780534a126a6,91.2,RON,Carrefour ref 45517218,2026-07-25T17:55:57+00:00,56cc310a-2a4b-4ab3-87df-66009aa0bf74,
424fb149-b59f-4391-ab99-e38a0327201a,86.92,RON,Kaufland ref 12550813,2026-07-25T18:35:57+00:00,33a2f3d5-7d4c-460f-ba3e-5b7745b7b856,
1b10114b-fa4c-4d81-8183-76299da90ea1,147.39,RON,Kaufland ref 18748806,2026-07-25T20:49:57+00:00,6e36dc96-4f61-48f4-b69f-4ca617af9323,
874c146c-cea6-4978-b0b6-9f93c438c125,33.9,RON,Mega Image ref 29557879,2026-07-25T22:30:57+00:00,aa7898aa-95b2-468b-ac92-275a68599dc4,
afe027b4-26e5-4d77-a03d-fc74ecd06b5a,49.8,RON,Mega Image ref 77572962,2026-07-25T22:48:57+00:00,02c27ee1-ff57-48d4-82c7-6cf491fd62b9,
ec67f7b7-12a3-4b04-a15e-cdba682c3bb2,107.93,RON,Kaufland ref 56267189,2026-07-25T23:03:57+00:00,aa7898aa-95b2-468b-ac92-275a68599dc4,
76048ab3-e0b6-4f9b-b39c-b97bf5d415bd,238.02,RON,OMV benzina ref 64666181,2026-07-25T23:58:57+00:00,82112000-16b4-4f2b-9dee-8ec850f886ea,
3a2e4515-a411-414a-b08a-7bbffa7cdb14,189.65,RON,Carrefour ref 75115794,2026-07-26T00:40:57+00:00,12cbffe1-d83b-42c0-8120-8703b8fbd5c6,
2c654ace-9b0d-470a-9f25-ca97bcfba7e4,64.48,RON,Glovo ref 25776146,2026-07-26T00:52:57+00:00,82112000-16b4-4f2b-9dee-8ec850f886ea,
71a3750c-c1e6-411f-8f6d-9e147836a506,34.94,RON,Mega Image ref 47461403,2026-07-26T01:14:57+00:00,5588e5c9-786a-4f09-8721-a8cedc57f9c8,
c83be551-a67f-4850-aba5-d62a66f09429,276.15,RON,OMV benzina ref 95635822,2026-07-26T03:10:57+00:00,02c27ee1-ff57-48d4-82c7-6cf491fd62b9,
8a93cd0f-8fa0-4d80-ad7d-9c70c36b36e0,20.83,RON,Mega Image ref 87048462,2026-07-26T03:23:57+00:00,82112000-16b4-4f2b-9dee-8ec850f886ea,
2c8b2151-e179-4fcd-a658-eb6a1afd943c,76.97,RON,Glovo ref 41758221,2026-07-26T03:30:57+00:00,0e5779ec-be1a-470f-ad83-a4c869f8d3e4,
968e83ca-3495-4ef4-ba2b-c70f5b1c1cd7,38.12,RON,Mega Image ref 50764930,2026-07-26T03:49:57+00:00,7bf7bf91-9958-41e0-bb31-0f54e9f410c9,
966db02f-3d98-4395-a621-b8998a9da702,117.57,RON,Carrefour ref 63508647,2026-07-26T03:51:57+00:00,aa7898aa-95b2-468b-ac92-275a68599dc4,
9268c73d-b951-45ec-adc9-510727af31ec,154.56,RON,Carrefour ref 91968126,2026-07-26T03:51:57+00:00,5588e5c9-786a-4f09-8721-a8cedc57f9c8,
ef29f413-7fda-4666-9b31-4321aa4e8b03,40.32,RON,Lidl ref 22957438,2026-07-26T04:25:57+00:00,0e5779ec-be1a-470f-ad83-a4c869f8d3e4,
01aadb80-0040-4b20-b946-ad23c098e2b4,276.19,RON,OMV benzina ref 74212086,2026-07-26T15:32:57+00:00,aa7898aa-95b2-468b-ac92-275a68599dc4,
e02113f9-b04b-4d28-ad20-aba4d7b63729,128.51,RON,Kaufland ref 19630428,2026-07-26T16:09:57+00:00,97c83e0a-8a40-4c3e-b8e3-ae37cffa9985,
a32c5e99-fd26-441b-a21a-7c4e60ac4a64,153.08,RON,OMV benzina ref 70332161,2026-07-26T16:59:57+00:00,0e5779ec-be1a-470f-ad83-a4c869f8d3e4,
4c9e7893-f1ca-4560-9345-85a2c6d130fa,41.41,RON,Carrefour ref 59848952,2026-07-26T17:28:57+00:00,7bf7bf91-9958-41e0-bb31-0f54e9f410c9,
29656d2d-4a35-4351-87c2-93a39fb06de3,123.5,RON,Carrefour ref 79345995,2026-07-26T17:28:57+00:00,d3228db7-ef32-4e3e-8fa9-f9f8a84cc34d,
161b0d82-b55a-4750-aeb1-ae97ccb49d2d,107.03,RON,Kaufland ref 86898062,2026-07-26T18:19:57+00:00,02c27ee1-ff57-48d4-82c7-6cf491fd62b9,
596fb4c1-26ef-4489-b731-e2d5a9b542b5,65.31,RON,Glovo ref 15112090,2026-07-26T18:21:57+00:00,d3228db7-ef32-4e3e-8fa9-f9f8a84cc34d,
9b45c430-5fd3-42e2-836b-08907108022a,30.35,RON,Lidl ref 19782015,2026-07-26T18:46:57+00:00,0e5779ec-be1a-470f-ad83-a4c869f8d3e4,
6d593fc0-18e7-4630-8754-84e96b8288ff,71.6,RON,Glovo ref 22139380,2026-07-26T20:00:57+00:00,12cbffe1-d83b-42c0-8120-8703b8fbd5c6,
2e00cd93-bf9d-4e39-b0d0-c34f85856e65,56.44,RON,Glovo ref 56613678,2026-07-26T20:50:57+00:00,33a2f3d5-7d4c-460f-ba3e-5b7745b7b856,
86351a54-bc54-48c1-bf40-8dcc9db1f7f9,39.75,RON,Mega Image ref 85318641,2026-07-26T21:20:57+00:00,bdd640fb-0667-4ad1-9c80-317fa3b1799d,
d82d6078-d7a7-44f6-b5b7-741490a6c5b4,57.27,RON,Glovo ref 23862374,2026-07-26T22:39:57+00:00,7bf7bf91-9958-41e0-bb31-0f54e9f410c9,
8a062575-d7e3-42cb-907e-1a8147386d66,202.44,RON,OMV benzina ref 59399772,2026-07-26T23:02:57+00:00,5588e5c9-786a-4f09-8721-a8cedc57f9c8,
f27aa368-efde-46bc-ac27-e52da223621e,29.72,RON,Mega Image ref 95113478,2026-07-26T23:53:57+00:00,02c27ee1-ff57-48d4-82c7-6cf491fd62b9,
1ea29c4c-3a88-4db2-93e4-05a2b30f6083,102.54,RON,Lidl ref 66483709,2026-07-27T00:49:57+00:00,12cbffe1-d83b-42c0-8120-8703b8fbd5c6,
f21b4152-9267-457f-bb17-dde3e2d35726,31.99,RON,Glovo ref 67613440,2026-07-27T02:57:57+00:00,2eb300a6-bd34-43d9-94c9-8697b97c5ba7,
69e08370-abf7-45d0-9cce-c1ef16efacdf,39.41,RON,Glovo ref 87311859,2026-07-27T03:06:57+00:00,bdd640fb-0667-4ad1-9c80-317fa3b1799d,
b27c2198-c0f0-4059-82ab-748e23b622c3,180.14,RON,Kaufland ref 39919845,2026-07-27T03:24:57+00:00,5588e5c9-786a-4f09-8721-a8cedc57f9c8,
402e4222-946b-435d-af69-789b3d9b6ef6,67.17,RON,Lidl ref 56777235,2026-07-27T03:33:57+00:00,5588e5c9-786a-4f09-8721-a8cedc57f9c8,
3f2bde3f-5832-497b-9d16-5771a3603c11,196.04,RON,OMV benzina ref 29303247,2026-07-27T03:35:57+00:00,6e36dc96-4f61-48f4-b69f-4ca617af9323,
7c88e882-d575-41d1-86c3-f36fcce7f720,66.94,RON,Kaufland ref 65729326,2026-07-27T03:46:57+00:00,2eb300a6-bd34-43d9-94c9-8697b97c5ba7,
fe6441f0-7ec2-4ade-bf88-f7496b2fa6bc,87.05,RON,Kaufland ref 10374362,2026-07-27T04:13:57+00:00,7bf7bf91-9958-41e0-bb31-0f54e9f410c9,
446fd414-d864-4c33-a9b1-c858769aff7e,152.72,RON,Lidl ref 98719014,2026-07-27T14:41:57+00:00,02c27ee1-ff57-48d4-82c7-6cf491fd62b9,
917bc866-6874-4b44-863e-23bf5c0c309c,31.05,RON,Glovo ref 10702802,2026-07-27T15:30:57+00:00,0e5779ec-be1a-470f-ad83-a4c869f8d3e4,
09cfdc5a-07e7-4f06-ba50-8aa5a6081c6a,83.74,RON,Glovo ref 19289786,2026-07-27T16:02:57+00:00,82112000-16b4-4f2b-9dee-8ec850f886ea,
4b045067-1481-496b-877c-bc8ca5f604d7,91.16,RON,Carrefour ref 92150325,2026-07-27T16:03:57+00:00,aa7898aa-95b2-468b-ac92-275a68599dc4,
4d81faed-aaf0-4f7e-938d-de3030d738c3,23.97,RON,Mega Image ref 73732408,2026-07-27T17:11:57+00:00,5588e5c9-786a-4f09-8721-a8cedc57f9c8,
d5185b72-30ac-4fda-bf05-5b1087352231,116.05,RON,Carrefour ref 96198970,2026-07-27T17:22:57+00:00,0e5779ec-be1a-470f-ad83-a4c869f8d3e4,
da7f6f61-5813-426f-94d5-a185ce2c1dad,179.31,RON,OMV benzina ref 97506740,2026-07-27T17:30:57+00:00,7bf7bf91-9958-41e0-bb31-0f54e9f410c9,
5b867d34-3ea3-4052-aaf3-2711f51875ec,22.11,RON,Mega Image ref 10880540,2026-07-27T17:54:57+00:00,7bf7bf91-9958-41e0-bb31-0f54e9f410c9,
7134ae6e-cd84-4a47-bd7b-1279d2535515,101.8,RON,Lidl ref 92707781,2026-07-27T18:49:57+00:00,bdd640fb-0667-4ad1-9c80-317fa3b1799d,
8ead3242-77ba-4b10-bc2b-836cbfd6277e,46.97,RON,Kaufland ref 62183668,2026-07-27T18:50:57+00:00,56cc310a-2a4b-4ab3-87df-66009aa0bf74,
e614a0d9-2c60-4815-b9a4-c71d95b43eed,68.43,RON,Lidl ref 14643233,2026-07-27T19:13:57+00:00,7bf7bf91-9958-41e0-bb31-0f54e9f410c9,
81b32638-de72-4157-9c77-b2cfa3c99529,169.77,RON,Kaufland ref 94562069,2026-07-27T21:35:57+00:00,33a2f3d5-7d4c-460f-ba3e-5b7745b7b856,
716a569f-5c3b-4ecf-a15b-8f41f3835772,80.15,RON,Glovo ref 83371941,2026-07-27T22:16:57+00:00,5588e5c9-786a-4f09-8721-a8cedc57f9c8,
8cc35932-5c03-4a06-96a2-8d57c2e4c5f9,57.38,RON,Mega Image ref 77764960,2026-07-27T23:10:57+00:00,97c83e0a-8a40-4c3e-b8e3-ae37cffa9985,
83d9d707-799d-4357-8c74-ac32c8c4621c,77.84,RON,Kaufland ref 87782484,2026-07-27T23:42:57+00:00,818e12e2-7146-4ffe-a877-ba23cf63df5b,
84b26961-776c-45cd-b494-1ef89a1e373b,51.37,RON,Glovo ref 41655142,2026-07-28T01:36:57+00:00,97c83e0a-8a40-4c3e-b8e3-ae37cffa9985,
072a5b8c-3983-4fbf-a6ff-8fe358df3df6,35.62,RON,Lidl ref 41171048,2026-07-28T02:39:57+00:00,5588e5c9-786a-4f09-8721-a8cedc57f9c8,
d076ddad-317e-43a4-ab16-b1fd14ca728c,37.68,RON,Mega Image ref 20073945,2026-07-28T03:03:57+00:00,aa7898aa-95b2-468b-ac92-275a68599dc4,
229f2bc4-79ea-4fe1-b646-aee580e0736e,42.81,RON,Glovo ref 56299841,2026-07-28T04:01:57+00:00,2eb300a6-bd34-43d9-94c9-8697b97c5ba7,
a10db956-0634-4af6-9505-06dd16054b9e,54.1,RON,Mega Image ref 35809507,2026-07-28T04:12:57+00:00,0e5779ec-be1a-470f-ad83-a4c869f8d3e4,
daa68993-ede9-467f-a991-424ed068998f,19.59,RON,Mega Image ref 68903290,2026-07-28T14:50:57+00:00,2eb300a6-bd34-43d9-94c9-8697b97c5ba7,
a79238d1-27d9-499b-9b3c-cf068f4ff98e,145.98,RON,Carrefour ref 52546042,2026-07-28T15:25:57+00:00,12cbffe1-d83b-42c0-8120-8703b8fbd5c6,
c9f16408-11e9-4ad3-88d7-72d1b4f6d2ae,41.01,RON,Carrefour ref 75387965,2026-07-28T15:32:57+00:00,97c83e0a-8a40-4c3e-b8e3-ae37cffa9985,
2f2b8a74-4e42-41e1-a38c-ee092794c9a4,61.03,RON,Lidl ref 91327959,2026-07-28T17:10:57+00:00,2eb300a6-bd34-43d9-94c9-8697b97c5ba7,
fe5dae35-68a5-4c9b-b8d2-5d63152b7fbd,83.82,RON,Kaufland ref 99173310,2026-07-28T17:27:57+00:00,33a2f3d5-7d4c-460f-ba3e-5b7745b7b856,
2c30c392-6af6-49a5-8646-39ae0f475b4b,57.28,RON,Mega Image ref 59215766,2026-07-28T17:28:57+00:00,5588e5c9-786a-4f09-8721-a8cedc57f9c8,
7e5ede56-f6dd-4142-91b1-05d04ebc8ad0,75.6,RON,Farmacia Tei ref 95563981,2026-07-28T18:06:57+00:00,2eb300a6-bd34-43d9-94c9-8697b97c5ba7,
0642b41a-bf4c-428d-b301-3149f0eda506,341.04,RON,OMV benzina ref 95350476,2026-07-28T19:51:57+00:00,33a2f3d5-7d4c-460f-ba3e-5b7745b7b856,
70ce68ab-7ec9-4f95-a54d-ce58044e2d9b,102.78,RON,Carrefour ref 46255095,2026-07-28T19:53:57+00:00,aa7898aa-95b2-468b-ac92-275a68599dc4,
f082d7e5-26bf-4a83-a689-48091e27bf33,43.54,RON,Farmacia Tei ref 43448596,2026-07-28T20:43:57+00:00,d3228db7-ef32-4e3e-8fa9-f9f8a84cc34d,
96c5d1e1-d18a-42a7-ab0c-e10970a44f2a,38.65,RON,Mega Image ref 56398291,2026-07-28T21:09:57+00:00,6e36dc96-4f61-48f4-b69f-4ca617af9323,
b1f4dd88-48eb-44a5-8f6d-56fdcefc3837,48.5,RON,Glovo ref 84408160,2026-07-28T21:16:57+00:00,7bf7bf91-9958-41e0-bb31-0f54e9f410c9,
c87e332c-6b23-486b-8346-7306431c17b6,79.79,RON,Carrefour ref 34418079,2026-07-28T22:40:57+00:00,02c27ee1-ff57-48d4-82c7-6cf491fd62b9,
b7ca739e-ac60-4420-8532-718fb7d91155,95.49,RON,Carrefour ref 81778448,2026-07-28T23:13:57+00:00,d3228db7-ef32-4e3e-8fa9-f9f8a84cc34d,
cfb80b6d-b79b-4014-a6a5-cf842faf265c,74.69,RON,Kaufland ref 54919602,2026-07-29T00:01:57+00:00,02c27ee1-ff57-48d4-82c7-6cf491fd62b9,
21fbf28e-a4cd-4401-adf8-1e94586a903e,100.6,RON,Carrefour ref 16505555,2026-07-29T01:02:57+00:00,818e12e2-7146-4ffe-a877-ba23cf63df5b,
25bd4ead-ee03-418e-b4dc-fd7105e7c959,143.8,RON,Lidl ref 96237487,2026-07-29T01:11:57+00:00,02c27ee1-ff57-48d4-82c7-6cf491fd62b9,
ba67ed5a-00ad-4b72-9ed8-fea2b5dd80c5,97.4,RON,Carrefour ref 87686636,2026-07-29T01:18:57+00:00,2eb300a6-bd34-43d9-94c9-8697b97c5ba7,
ad5e84ea-689f-4d10-b255-c51c646ee45b,54.71,RON,Carrefour ref 57329749,2026-07-29T01:27:57+00:00,6e36dc96-4f61-48f4-b69f-4ca617af9323,
d51b1974-de66-4dd0-a5ce-2a21ed3e2846,44.42,RON,Lidl ref 93349536,2026-07-29T01:42:57+00:00,bdd640fb-0667-4ad1-9c80-317fa3b1799d,
a1295a39-dce6-4a64-ad5c-4588c60e35b6,46.17,RON,Kaufland ref 64732787,2026-07-29T01:59:57+00:00,aa7898aa-95b2-468b-ac92-275a68599dc4,
bcf4fa3d-5c86-4717-acfb-bed95980395c,42.33,RON,Mega Image ref 87763631,2026-07-29T02:05:57+00:00,56cc310a-2a4b-4ab3-87df-66009aa0bf74,
3581a632-54f5-4f70-85d2-d205789fed96,144.63,RON,OMV benzina ref 70406241,2026-07-29T02:30:57+00:00,bdd640fb-0667-4ad1-9c80-317fa3b1799d,
e693b913-9629-4b2f-95de-df04d41a0075,48.12,RON,Mega Image ref 93704201,2026-07-29T04:24:57+00:00,12cbffe1-d83b-42c0-8120-8703b8fbd5c6,
887c1c52-0d13-4b18-b1a9-a4677faf4b30,51.8,RON,Mega Image ref 72403896,2026-07-29T15:29:57+00:00,818e12e2-7146-4ffe-a877-ba23cf63df5b,
c5e880d7-9442-4f34-8f80-4a25db7ee6d6,119.27,RON,Kaufland ref 51152265,2026-07-29T16:20:57+00:00,12cbffe1-d83b-42c0-8120-8703b8fbd5c6,
b998d301-7df9-4116-9f58-c65fbef0e0f1,14.18,RON,Mega Image ref 22357361,2026-07-29T17:01:57+00:00,aa7898aa-95b2-468b-ac92-275a68599dc4,
4377be10-c719-45ea-84e4-992911196b23,109.32,RON,Carrefour ref 90771986,2026-07-29T17:15:57+00:00,aa7898aa-95b2-468b-ac92-275a68599dc4,
df5864d5-1165-4b1e-9b9f-acdeb409b855,71.7,RON,Glovo ref 62402145,2026-07-29T19:38:57+00:00,0e5779ec-be1a-470f-ad83-a4c869f8d3e4,
8a60b332-99fb-48a9-8d2d-ba723b06dd82,18.69,RON,Mega Image ref 76936024,2026-07-29T22:58:57+00:00,0e5779ec-be1a-470f-ad83-a4c869f8d3e4,
33e1f2af-32cc-4a25-b1fd-1e5ef86561ef,221.19,RON,Dedeman ref 19013806,2026-07-29T23:22:57+00:00,aa7898aa-95b2-468b-ac92-275a68599dc4,
c3580e4c-3565-4761-9aba-0afcebe09d13,86.61,RON,Kaufland ref 36485662,2026-07-29T23:54:57+00:00,56cc310a-2a4b-4ab3-87df-66009aa0bf74,
31798117-1f97-481b-a31b-8c2ebc903cc7,36.35,RON,Mega Image ref 55269427,2026-07-30T00:21:57+00:00,82112000-16b4-4f2b-9dee-8ec850f886ea,
939d5aab-0531-411f-b5fd-933c2cc23f40,62.09,RON,Mega Image ref 82244794,2026-07-30T01:12:57+00:00,5588e5c9-786a-4f09-8721-a8cedc57f9c8,
76124039-6655-44f8-bd26-01192d614f9c,25.81,RON,Mega Image ref 76645106,2026-07-30T02:04:57+00:00,56cc310a-2a4b-4ab3-87df-66009aa0bf74,
abe07080-6961-4383-9cee-a2ebc351c359,96.77,RON,Lidl ref 64119168,2026-07-30T02:07:57+00:00,aa7898aa-95b2-468b-ac92-275a68599dc4,
fff44899-89d2-4791-bd8c-182fbf228ef3,36.26,RON,Carrefour ref 85743176,2026-07-30T03:13:57+00:00,7bf7bf91-9958-41e0-bb31-0f54e9f410c9,
6e713999-5abb-4671-974b-9eeaa0836609,84.66,RON,Mega Image ref 54188355,2026-07-30T14:45:57+00:00,02c27ee1-ff57-48d4-82c7-6cf491fd62b9,
8a24d2fe-2f2f-42e9-8181-2fdf3f884377,392.33,RON,Dedeman ref 54663800,2026-07-30T15:34:57+00:00,33a2f3d5-7d4c-460f-ba3e-5b7745b7b856,
823f1ac1-fce2-44af-af10-c013e1f6b543,114.38,RON,OMV benzina ref 26203862,2026-07-30T16:35:57+00:00,2eb300a6-bd34-43d9-94c9-8697b97c5ba7,
75b4849c-7b2a-41ba-9343-d7f932b5e3d0,73.74,RON,Glovo ref 63886874,2026-07-30T16:54:57+00:00,7bf7bf91-9958-41e0-bb31-0f54e9f410c9,
4ebd8e73-8a6e-4860-bbec-16275a79a994,58.08,RON,Farmacia Tei ref 28349043,2026-07-30T17:15:57+00:00,818e12e2-7146-4ffe-a877-ba23cf63df5b,
f605070b-ea73-4391-9840-f42533decf96,51.41,RON,Lidl ref 32984583,2026-07-30T17:38:57+00:00,aa7898aa-95b2-468b-ac92-275a68599dc4,
f1f71605-a79e-4626-b707-ac0e0d96feb3,79.36,RON,Lidl ref 46410780,2026-07-30T18:29:57+00:00,bdd640fb-0667-4ad1-9c80-317fa3b1799d,
d11756d5-8c0d-4a8b-b448-a24723a86b61,131.12,RON,Dedeman ref 17971455,2026-07-30T20:55:57+00:00,0e5779ec-be1a-470f-ad83-a4c869f8d3e4,
04e25132-1b9e-45f9-9d41-9a675c375254,25.62,RON,Mega Image ref 98597172,2026-07-30T21:21:57+00:00,bdd640fb-0667-4ad1-9c80-317fa3b1799d,
5e3607d4-ba1a-4281-9809-b2914d48b771,219.04,RON,OMV benzina ref 52536994,2026-07-30T22:15:57+00:00,d3228db7-ef32-4e3e-8fa9-f9f8a84cc34d,
64e5cdc7-be85-400c-a85e-db0278163f76,209.96,RON,Dedeman ref 23841579,2026-07-30T22:57:57+00:00,5588e5c9-786a-4f09-8721-a8cedc57f9c8,
6183c623-e14c-4ea0-ba5e-8d20715b2d6d,78.06,RON,Glovo ref 78511494,2026-07-30T23:10:57+00:00,02c27ee1-ff57-48d4-82c7-6cf491fd62b9,
6c4b1a3a-4d76-4f01-bbae-681ded1e65f8,65.57,RON,Lidl ref 18489636,2026-07-30T23:38:57+00:00,97c83e0a-8a40-4c3e-b8e3-ae37cffa9985,
665622c5-4fc6-4b92-b907-c5164df59f6c,47.59,RON,Mega Image ref 48561656,2026-07-30T23:38:57+00:00,d3228db7-ef32-4e3e-8fa9-f9f8a84cc34d,
43577225-fc24-4159-aada-2885efda70bf,27.27,RON,Farmacia Tei ref 73213691,2026-07-31T02:36:57+00:00,0e5779ec-be1a-470f-ad83-a4c869f8d3e4,
c994391e-1a9c-44c5-a1d1-185c96832dba,137.46,RON,Carrefour ref 70247013,2026-07-31T02:48:57+00:00,818e12e2-7146-4ffe-a877-ba23cf63df5b,
9c9a3db3-dfe3-4af0-a85d-4aae50247f99,81.94,RON,Lidl ref 62723649,2026-07-31T03:00:57+00:00,7bf7bf91-9958-41e0-bb31-0f54e9f410c9,
cbcf85a2-788a-41fe-b79c-ac862c6007f7,53.3,RON,Glovo ref 49381796,2026-07-31T03:34:57+00:00,97c83e0a-8a40-4c3e-b8e3-ae37cffa9985,
64637483-6f86-4cc9-949a-7833814b939a,171.42,RON,Kaufland ref 88440014,2026-07-31T03:44:57+00:00,02c27ee1-ff57-48d4-82c7-6cf491fd62b9,
418d10b3-f287-4924-9dbb-5fd24b678c95,74.27,RON,Carrefour ref 11403382,2026-07-31T03:44:57+00:00,d3228db7-ef32-4e3e-8fa9-f9f8a84cc34d,
3183fa23-3a92-4168-8037-0694e92d60b4,53.24,RON,Lidl ref 82716100,2026-07-31T04:00:57+00:00,12cbffe1-d83b-42c0-8120-8703b8fbd5c6,
12ae6855-987a-4e9a-bf98-6fe441c02d97,44.5,RON,Lidl ref 75166233,2026-07-31T04:28:57+00:00,56cc310a-2a4b-4ab3-87df-66009aa0bf74,
946cf4be-e134-4504-a964-aa991728c576,68.31,RON,Kaufland ref 46268695,2026-07-31T04:29:57+00:00,7bf7bf91-9958-41e0-bb31-0f54e9f410c9,
f78e7361-8693-4b96-8ed5-b24555957d5f,51.51,RON,Carrefour ref 24262277,2026-07-31T15:44:57+00:00,56cc310a-2a4b-4ab3-87df-66009aa0bf74,
d33e2b2c-3ceb-4c1d-ac01-9c07c016215d,31.66,RON,Mega Image ref 39376377,2026-07-31T16:39:57+00:00,aa7898aa-95b2-468b-ac92-275a68599dc4,
622bd1ea-5bff-44ad-b7ef-d7b4936ba68c,42.22,RON,Glovo ref 41546108,2026-07-31T16:41:57+00:00,2eb300a6-bd34-43d9-94c9-8697b97c5ba7,
d3a9972f-abf6-4871-a0f1-bdcc18e12cbf,65.87,RON,Carrefour ref 28405649,2026-07-31T17:10:57+00:00,818e12e2-7146-4ffe-a877-ba23cf63df5b,
0a2d36a6-0580-4493-b664-6199ed25459e,75.21,RON,Glovo ref 85254207,2026-07-31T18:11:57+00:00,bdd640fb-0667-4ad1-9c80-317fa3b1799d,
9e5459c5-7fd8-4ca0-8049-0600f8c93397,246.32,RON,Dedeman ref 65391407,2026-07-31T18:50:57+00:00,56cc310a-2a4b-4ab3-87df-66009aa0bf74,
a51d61bc-c540-40ea-8292-9163c8147819,51.09,RON,Mega Image ref 78352741,2026-07-31T20:12:57+00:00,818e12e2-7146-4ffe-a877-ba23cf63df5b,
dcaffa81-8bec-42ae-888a-037b30c8e42f,64.49,RON,Farmacia Tei ref 58506248,2026-07-31T20:34:57+00:00,12cbffe1-d83b-42c0-8120-8703b8fbd5c6,
67276f71-20f9-43ab-9fd5-7acfff88c1cd,49.96,RON,Glovo ref 31058693,2026-07-31T20:35:57+00:00,97c83e0a-8a40-4c3e-b8e3-ae37cffa9985,
ed6f37cb-e292-439c-a0c3-18d5a5abe7f9,88.87,RON,Mega Image ref 65927247,2026-07-31T21:21:57+00:00,02c27ee1-ff57-48d4-82c7-6cf491fd62b9,
5caa3783-8322-4450-bf4a-b8ce68c77394,73.28,RON,Mega Image ref 72563890,2026-08-01T00:08:57+00:00,6e36dc96-4f61-48f4-b69f-4ca617af9323,
726d94e0-d96b-4a7b-9225-7538620a79b9,30.6,RON,Carrefour ref 66997919,2026-08-01T00:12:57+00:00,2eb300a6-bd34-43d9-94c9-8697b97c5ba7,
5d0280d2-1d6f-4d42-a7f2-6386d97a7657,19.91,RON,Glovo ref 75767828,2026-08-01T00:17:57+00:00,56cc310a-2a4b-4ab3-87df-66009aa0bf74,
4fc4c893-67bc-4e05-a3fb-18a3b374a71d,52.71,RON,Lidl ref 37848128,2026-08-01T02:39:57+00:00,5588e5c9-786a-4f09-8721-a8cedc57f9c8,
9799b097-49ae-4959-aae4-c783bcd9fe51,99.76,RON,Kaufland ref 83223034,2026-08-01T03:03:57+00:00,12cbffe1-d83b-42c0-8120-8703b8fbd5c6,
2547e898-f8b8-4a83-97c3-33ffffe024f0,29.25,RON,Mega Image ref 10554038,2026-08-01T04:36:57+00:00,97c83e0a-8a40-4c3e-b8e3-ae37cffa9985,
c4c331e2-3c20-475d-a97c-04e363605db5,279.22,RON,OMV benzina ref 23142777,2026-08-01T15:42:57+00:00,5588e5c9-786a-4f09-8721-a8cedc57f9c8,
d1b6f1fe-826a-4da3-b721-9885406086e7,81.59,RON,Kaufland ref 23653605,2026-08-01T15:53:57+00:00,97c83e0a-8a40-4c3e-b8e3-ae37cffa9985,
dd2f8c09-00a6-4f7b-9647-a8490344a683,137.89,RON,Kaufland ref 91028434,2026-08-01T15:55:57+00:00,56cc310a-2a4b-4ab3-87df-66009aa0bf74,
8d2a3484-e334-4bd8-94a1-c64bedeac5b8,43.57,RON,Mega Image ref 92199318,2026-08-01T16:05:57+00:00,0e5779ec-be1a-470f-ad83-a4c869f8d3e4,
b515d58c-a6e9-4577-9a6d-8271410e78b0,158.46,RON,Kaufland ref 42150820,2026-08-01T16:06:57+00:00,5588e5c9-786a-4f09-8721-a8cedc57f9c8,
52167d39-90f9-42e1-b1ad-1918fa802511,43.7,RON,Lidl ref 77427612,2026-08-01T16:07:57+00:00,12cbffe1-d83b-42c0-8120-8703b8fbd5c6,
7b4b4a29-1991-4116-baa4-fcd6b3f731b7,55.06,RON,Lidl ref 20202362,2026-08-01T16:50:57+00:00,7bf7bf91-9958-41e0-bb31-0f54e9f410c9,
80942743-fe9f-4fd2-a189-86b0ffe6b62c,46.19,RON,Mega Image ref 62880140,2026-08-01T17:24:57+00:00,97c83e0a-8a40-4c3e-b8e3-ae37cffa9985,
de2089c9-efb8-4090-b5b7-afeb9d06f57b,104.79,RON,Kaufland ref 25066957,2026-08-01T17:34:57+00:00,82112000-16b4-4f2b-9dee-8ec850f886ea,
43bcbd12-4e9d-4db6-8bf6-60638b917e2d,32.37,RON,Lidl ref 99640817,2026-08-01T18:07:57+00:00,aa7898aa-95b2-468b-ac92-275a68599dc4,
e70d9181-727c-481c-80d4-173baa5840e6,79.62,RON,Mega Image ref 47190954,2026-08-01T19:09:57+00:00,02c27ee1-ff57-48d4-82c7-6cf491fd62b9,
47bac8aa-f2f9-4b2c-8e10-814ff1b2f143,42.95,RON,Glovo ref 13954845,2026-08-01T19:35:57+00:00,bdd640fb-0667-4ad1-9c80-317fa3b1799d,
963cae6e-8563-42f8-bea9-c616db59ba43,423.98,RON,Dedeman ref 44406841,2026-08-01T19:46:57+00:00,02c27ee1-ff57-48d4-82c7-6cf491fd62b9,
fa6e3743-fef9-4d57-bc77-ea4a4d654036,52.81,RON,Lidl ref 93917080,2026-08-01T20:22:57+00:00,bdd640fb-0667-4ad1-9c80-317fa3b1799d,
9b089bb1-b43b-4f97-b5d4-353ed3552ef4,222.81,RON,OMV benzina ref 43566415,2026-08-01T21:28:57+00:00,56cc310a-2a4b-4ab3-87df-66009aa0bf74,
da614a73-aaf3-4dd5-a6b1-6c7c5189579a,72.86,RON,Glovo ref 73545725,2026-08-01T21:33:57+00:00,7bf7bf91-9958-41e0-bb31-0f54e9f410c9,
10c40d85-8dbc-42c3-be79-6cca32b27459,365.0,RON,OMV benzina ref 71408296,2026-08-01T23:14:57+00:00,82112000-16b4-4f2b-9dee-8ec850f886ea,
f91bad40-0b02-4156-82a0-f6e94b44aa71,24.8,RON,Glovo ref 63094995,2026-08-01T23:59:57+00:00,aa7898aa-95b2-468b-ac92-275a68599dc4,
59aa7cd5-a67c-4bd7-b9a9-a8a981f25a73,28.89,RON,Glovo ref 76652083,2026-08-02T01:41:57+00:00,0e5779ec-be1a-470f-ad83-a4c869f8d3e4,
c4db0e36-1980-4e61-b893-76e59d25386f,55.1,RON,Glovo ref 85867937,2026-08-02T03:08:57+00:00,2eb300a6-bd34-43d9-94c9-8697b97c5ba7,
cd865569-6082-41be-b31e-f94f1c19b22e,27.83,RON,Glovo ref 80687355,2026-08-02T03:53:57+00:00,d3228db7-ef32-4e3e-8fa9-f9f8a84cc34d,
02dc92cb-1bc2-4c7c-95ca-4e0d64a71e8c,41.94,RON,Carrefour ref 58255204,2026-08-02T04:16:57+00:00,d3228db7-ef32-4e3e-8fa9-f9f8a84cc34d,
16ed9108-f4aa-4228-9218-87aa9a503b59,68.36,RON,Glovo ref 98405689,2026-08-02T04:19:57+00:00,56cc310a-2a4b-4ab3-87df-66009aa0bf74,
611f98ef-dc3c-423a-9bae-fd9e88c06786,90.61,RON,Lidl ref 36330066,2026-08-02T14:40:57+00:00,0e5779ec-be1a-470f-ad83-a4c869f8d3e4,
121fc3b1-5a07-46a6-a06f-771caea8fc8e,91.59,RON,Lidl ref 78786333,2026-08-02T15:08:57+00:00,d3228db7-ef32-4e3e-8fa9-f9f8a84cc34d,
6fc0174f-57d7-44f1-b192-c29c5a0ed9b7,103.58,RON,Carrefour ref 59353022,2026-08-02T16:36:57+00:00,0e5779ec-be1a-470f-ad83-a4c869f8d3e4,
8641262e-605a-4d9b-b3cc-a899ee0b86be,81.75,RON,Lidl ref 79714015,2026-08-02T17:07:57+00:00,12cbffe1-d83b-42c0-8120-8703b8fbd5c6,
cf03c9ad-72d5-48d4-9ed6-d4366cfc3638,40.65,RON,Kaufland ref 93323819,2026-08-02T17:23:57+00:00,7bf7bf91-9958-41e0-bb31-0f54e9f410c9,
54f51900-dc2c-41c4-baf3-1608b0ead4df,26.76,RON,Glovo ref 57490644,2026-08-02T17:24:57+00:00,7bf7bf91-9958-41e0-bb31-0f54e9f410c9,
acb456d3-3945-474b-8e38-b2d46eae629c,48.71,RON,Carrefour ref 34320824,2026-08-02T17:27:57+00:00,56cc310a-2a4b-4ab3-87df-66009aa0bf74,
0d9eacb7-592f-48b8-bcc2-68bed44354c3,36.88,RON,Glovo ref 42027630,2026-08-02T17:46:57+00:00,2eb300a6-bd34-43d9-94c9-8697b97c5ba7,
120f70c2-b0f7-4249-adbe-f17804af167d,90.23,RON,Kaufland ref 19822716,2026-08-02T19:27:57+00:00,818e12e2-7146-4ffe-a877-ba23cf63df5b,
6dfad4ba-b78b-449a-b648-cba55d74ff7f,30.99,RON,Mega Image ref 77465708,2026-08-02T21:11:57+00:00,2eb300a6-bd34-43d9-94c9-8697b97c5ba7,
1bb868d5-88c0-43d7-b86c-014f65fae4a1,120.93,RON,Kaufland ref 23638593,2026-08-02T21:52:57+00:00,aa7898aa-95b2-468b-ac92-275a68599dc4,
631947b6-3b2d-4945-aa93-13da7637dd64,88.17,RON,Lidl ref 61122198,2026-08-02T22:18:57+00:00,56cc310a-2a4b-4ab3-87df-66009aa0bf74,
dfe328d5-50be-4294-84c1-a38ce702c0d8,19.9,RON,Mega Image ref 81544236,2026-08-03T00:16:57+00:00,7bf7bf91-9958-41e0-bb31-0f54e9f410c9,
932f1565-e522-42ae-a9af-f7f526fabe7d,56.09,RON,Glovo ref 60782951,2026-08-03T01:00:57+00:00,5588e5c9-786a-4f09-8721-a8cedc57f9c8,
3a38b844-afbf-4de4-a022-6155df695d17,98.72,RON,Kaufland ref 92201431,2026-08-03T02:03:57+00:00,bdd640fb-0667-4ad1-9c80-317fa3b1799d,
f717909b-3651-497a-9c78-8b435ef43ea4,202.26,RON,Kaufland ref 68682668,2026-08-03T02:46:57+00:00,6e36dc96-4f61-48f4-b69f-4ca617af9323,
2344ec54-8cae-49ec-ad44-f723b38adf82,75.12,RON,Farmacia Tei ref 67675860,2026-08-03T03:03:57+00:00,0e5779ec-be1a-470f-ad83-a4c869f8d3e4,
ebc7ed95-c3bc-4c80-8d1c-846d5625f816,59.59,RON,Carrefour ref 16910166,2026-08-03T04:06:57+00:00,d3228db7-ef32-4e3e-8fa9-f9f8a84cc34d,
cd409bc9-fdae-4920-8bb8-382f916ba250,61.1,RON,Lidl ref 81969904,2026-08-03T14:53:57+00:00,0e5779ec-be1a-470f-ad83-a4c869f8d3e4,
708f5753-2555-4f55-b8b5-91e8c38295b5,127.79,RON,Farmacia Tei ref 82697491,2026-08-03T16:09:57+00:00,82112000-16b4-4f2b-9dee-8ec850f886ea,
28ec1167-cb14-4792-82f6-457e9f3f8376,60.58,RON,Glovo ref 28807354,2026-08-03T17:09:57+00:00,d3228db7-ef32-4e3e-8fa9-f9f8a84cc34d,
5713412e-8bce-4a58-9290-a83a2bef4363,90.28,RON,Carrefour ref 66353692,2026-08-03T17:55:57+00:00,aa7898aa-95b2-468b-ac92-275a68599dc4,
a283d323-3e4a-4b4e-8a2b-631b4ec28d7d,51.48,RON,Glovo ref 17652879,2026-08-03T18:34:57+00:00,818e12e2-7146-4ffe-a877-ba23cf63df5b,
d29bb0b9-5b43-47fe-9e80-2777c6bd98f2,195.58,RON,OMV benzina ref 62843715,2026-08-03T18:59:57+00:00,82112000-16b4-4f2b-9dee-8ec850f886ea,
c62dde22-fb80-4727-bb2a-4f0561f55560,105.65,RON,Kaufland ref 14883525,2026-08-03T19:12:57+00:00,5588e5c9-786a-4f09-8721-a8cedc57f9c8,
c0bf7641-d820-4738-aa21-75811a82cc30,37.43,RON,Glovo ref 72944417,2026-08-03T19:37:57+00:00,56cc310a-2a4b-4ab3-87df-66009aa0bf74,
dcfc5fa5-2b75-4c53-b39f-85fb3340f3fe,47.07,RON,Mega Image ref 80667358,2026-08-03T20:36:57+00:00,82112000-16b4-4f2b-9dee-8ec850f886ea,
e5b75fb4-6e67-4568-905f-fe10be40fb58,96.5,RON,Carrefour ref 95323519,2026-08-03T21:17:57+00:00,2eb300a6-bd34-43d9-94c9-8697b97c5ba7,
8475f248-0ca3-4885-9760-7ffeaa8b73eb,33.12,RON,Lidl ref 41911980,2026-08-04T00:19:57+00:00,7bf7bf91-9958-41e0-bb31-0f54e9f410c9,
f32b6a35-a260-4aea-8db4-02b1b49f6c20,44.82,RON,Mega Image ref 22795568,2026-08-04T00:19:57+00:00,818e12e2-7146-4ffe-a877-ba23cf63df5b,
7293d172-0e8f-42d2-848e-fc4435aed717,64.1,RON,Mega Image ref 26377771,2026-08-04T00:22:57+00:00,33a2f3d5-7d4c-460f-ba3e-5b7745b7b856,
44d1e260-ad36-4172-81a2-cc6bd4c45e2e,174.81,RON,Kaufland ref 64740331,2026-08-04T00:52:57+00:00,33a2f3d5-7d4c-460f-ba3e-5b7745b7b856,
347ff149-3428-4d71-a34e-22bb73ecd4e4,197.11,RON,Kaufland ref 61844970,2026-08-04T01:26:57+00:00,82112000-16b4-4f2b-9dee-8ec850f886ea,
6b390893-4bd3-42de-8191-8e38e4193e52,18.84,RON,Mega Image ref 62273245,2026-08-04T01:29:57+00:00,5588e5c9-786a-4f09-8721-a8cedc57f9c8,
91ff4231-6eb9-4015-ba98-b1e8ea73b7a7,359.25,RON,OMV benzina ref 15954521,2026-08-04T01:35:57+00:00,33a2f3d5-7d4c-460f-ba3e-5b7745b7b856,
2e3b5fd6-7045-42d5-a070-73f00e80ea41,54.29,RON,Mega Image ref 20282645,2026-08-04T01:54:57+00:00,0e5779ec-be1a-470f-ad83-a4c869f8d3e4,
f9cc83ed-e8b4-4c6a-bee5-43b36e18b184,71.42,RON,Glovo ref 28153282,2026-08-04T02:24:57+00:00,bdd640fb-0667-4ad1-9c80-317fa3b1799d,
0f90927f-f382-4026-95d5-f672c8db3d4e,43.54,RON,Kaufland ref 72145105,2026-08-04T03:51:57+00:00,2eb300a6-bd34-43d9-94c9-8697b97c5ba7,
7168bdec-4da8-48b7-a947-cbacf610f40d,50.25,RON,Lidl ref 65571528,2026-08-04T15:27:57+00:00,bdd640fb-0667-4ad1-9c80-317fa3b1799d,
64d2e86a-baeb-4ab7-a852-71652047bbff,80.93,RON,Glovo ref 39670530,2026-08-04T15:31:57+00:00,02c27ee1-ff57-48d4-82c7-6cf491fd62b9,
98287910-9ddb-4559-9666-e238226aef9f,29.15,RON,Mega Image ref 75013777,2026-08-04T15:58:57+00:00,82112000-16b4-4f2b-9dee-8ec850f886ea,
a3d781ac-fe37-4a37-b52c-4b2cf67cb759,41.1,RON,Mega Image ref 67008343,2026-08-04T16:07:57+00:00,818e12e2-7146-4ffe-a877-ba23cf63df5b,
e12ff6cd-d6ea-4269-914e-13532f237c4d,100.14,RON,Kaufland ref 25889673,2026-08-04T16:14:57+00:00,bdd640fb-0667-4ad1-9c80-317fa3b1799d,
03c40337-60b1-43b9-bb0a-d480fffb6cbf,136.28,RON,Lidl ref 79296165,2026-08-04T20:48:57+00:00,33a2f3d5-7d4c-460f-ba3e-5b7745b7b856,
f0390686-400d-483a-938d-800613a96a92,121.67,RON,Kaufland ref 98126056,2026-08-04T21:09:57+00:00,0e5779ec-be1a-470f-ad83-a4c869f8d3e4,
9dc94cec-26e7-46c8-b86e-dfd784c97e1a,184.81,RON,Kaufland ref 36800734,2026-08-04T21:21:57+00:00,33a2f3d5-7d4c-460f-ba3e-5b7745b7b856,
ad8632d1-4ee9-43bf-95ec-b00dae690e2b,23.6,RON,Lidl ref 25519799,2026-08-04T22:08:57+00:00,56cc310a-2a4b-4ab3-87df-66009aa0bf74,
b3157055-b41f-4b64-aede-f0199e67e1a7,64.86,RON,Glovo ref 40206164,2026-08-04T22:49:57+00:00,97c83e0a-8a40-4c3e-b8e3-ae37cffa9985,
c9c1872b-1ed5-4758-916c-84eb369e4297,75.78,RON,Lidl ref 39066788,2026-08-04T23:10:57+00:00,97c83e0a-8a40-4c3e-b8e3-ae37cffa9985,
fa0b2f06-8765-4d10-a8d2-9c08e987a8de,63.28,RON,Carrefour ref 21129169,2026-08-04T23:40:57+00:00,818e12e2-7146-4ffe-a877-ba23cf63df5b,
5d59b2a3-564d-4fc3-861d-f44111c0fb09,40.75,RON,Glovo ref 63678197,2026-08-05T01:27:57+00:00,818e12e2-7146-4ffe-a877-ba23cf63df5b,
80709d95-17ea-47fa-b882-ee16274055a9,66.25,RON,Kaufland ref 27621753,2026-08-05T02:26:57+00:00,7bf7bf91-9958-41e0-bb31-0f54e9f410c9,
b514d520-bfcc-456a-94c3-2f57866e7521,89.36,RON,Glovo ref 30135246,2026-08-05T02:54:57+00:00,12cbffe1-d83b-42c0-8120-8703b8fbd5c6,
1295594c-4707-4ff2-8ff0-816fe6ca51f9,36.94,RON,Mega Image ref 27998275,2026-08-05T04:25:57+00:00,5588e5c9-786a-4f09-8721-a8cedc57f9c8,
c32fc21b-06b4-4d27-af4b-8be821acfdb5,6750.29,RON,Salariu,2026-08-05T06:39:57+00:00,,bdd640fb-0667-4ad1-9c80-317fa3b1799d
44511ba0-9df0-44d3-9caa-d37cfc6795e2,24.99,RON,Spotify,2026-08-05T06:39:57+00:00,bdd640fb-0667-4ad1-9c80-317fa3b1799d,
8d28eef5-c7bb-4cf8-9def-5cc2f1015bfe,12351.06,RON,Salariu,2026-08-05T06:39:57+00:00,,0e5779ec-be1a-470f-ad83-a4c869f8d3e4
3e84455f-a755-4468-9e74-e1224aed4cc8,24.99,RON,Spotify,2026-08-05T06:39:57+00:00,0e5779ec-be1a-470f-ad83-a4c869f8d3e4,
83eab8b5-d91b-4378-9d6f-affbe06bae1f,5381.4,RON,Salariu,2026-08-05T06:39:57+00:00,,aa7898aa-95b2-468b-ac92-275a68599dc4
fef44a33-ae78-4d3f-8b23-96072d5e114d,24.99,RON,Spotify,2026-08-05T06:39:57+00:00,aa7898aa-95b2-468b-ac92-275a68599dc4,
ed7bd78d-bc67-4747-ae2a-485c97382a4d,5648.15,RON,Salariu,2026-08-05T06:39:57+00:00,,7bf7bf91-9958-41e0-bb31-0f54e9f410c9
c58b8f79-4d71-4e47-81e6-8457f818b7eb,24.99,RON,Spotify,2026-08-05T06:39:57+00:00,7bf7bf91-9958-41e0-bb31-0f54e9f410c9,
676d5654-845e-4f4e-8256-f22482b248b6,5655.08,RON,Salariu,2026-08-05T06:39:57+00:00,,02c27ee1-ff57-48d4-82c7-6cf491fd62b9
bf8aff19-875a-4a92-a075-46aad08faff0,24.99,RON,Spotify,2026-08-05T06:39:57+00:00,02c27ee1-ff57-48d4-82c7-6cf491fd62b9,
012d9ebf-69e8-41d3-999c-b917d63183b3,6060.09,RON,Salariu,2026-08-05T06:39:57+00:00,,56cc310a-2a4b-4ab3-87df-66009aa0bf74
6c8bf454-9613-4b63-b766-c361d131276b,24.99,RON,Spotify,2026-08-05T06:39:57+00:00,56cc310a-2a4b-4ab3-87df-66009aa0bf74,
ee0e2646-dfa6-455f-b87b-c08cfc9bba52,8327.13,RON,Salariu,2026-08-05T06:39:57+00:00,,5588e5c9-786a-4f09-8721-a8cedc57f9c8
25c2a5a6-d3e4-4de1-992e-c68938898d3e,24.99,RON,Spotify,2026-08-05T06:39:57+00:00,5588e5c9-786a-4f09-8721-a8cedc57f9c8,
a6a33f30-6be8-47a8-bed6-e3530ea6d1fe,10719.62,RON,Salariu,2026-08-05T06:39:57+00:00,,33a2f3d5-7d4c-460f-ba3e-5b7745b7b856
5c3c3c5d-0331-472b-a24c-55b630ce7ed5,24.99,RON,Spotify,2026-08-05T06:39:57+00:00,33a2f3d5-7d4c-460f-ba3e-5b7745b7b856,
d53187a5-b368-4a24-b451-f36c949442f4,9195.15,RON,Salariu,2026-08-05T06:39:57+00:00,,6e36dc96-4f61-48f4-b69f-4ca617af9323
e9914227-4c98-4134-9dc2-4142c4cb8f3d,24.99,RON,Spotify,2026-08-05T06:39:57+00:00,6e36dc96-4f61-48f4-b69f-4ca617af9323,
b6db52bd-2a73-4d4b-872e-7b061ebf4bcc,4272.19,RON,Salariu,2026-08-05T06:39:57+00:00,,2eb300a6-bd34-43d9-94c9-8697b97c5ba7
0470d067-0223-4d3c-8e15-5309814979e3,24.99,RON,Spotify,2026-08-05T06:39:57+00:00,2eb300a6-bd34-43d9-94c9-8697b97c5ba7,
750c81de-6d88-48ec-acc2-9194df2aa87e,11834.0,RON,Salariu,2026-08-05T06:39:57+00:00,,818e12e2-7146-4ffe-a877-ba23cf63df5b
4b202e83-6226-494c-9861-5a4b704a178c,24.99,RON,Spotify,2026-08-05T06:39:57+00:00,818e12e2-7146-4ffe-a877-ba23cf63df5b,
78e6e8a2-87a4-4552-a1bc-46a43413fdca,7310.52,RON,Salariu,2026-08-05T06:39:57+00:00,,97c83e0a-8a40-4c3e-b8e3-ae37cffa9985
51a33e02-ec39-428b-9f59-083c0caf3e0a,24.99,RON,Spotify,2026-08-05T06:39:57+00:00,97c83e0a-8a40-4c3e-b8e3-ae37cffa9985,
27a791b7-cb97-4041-bf13-263fbf3fbbe0,4764.6,RON,Salariu,2026-08-05T06:39:57+00:00,,d3228db7-ef32-4e3e-8fa9-f9f8a84cc34d
525751cf-99de-4e34-8bda-394a50cb4bd4,24.99,RON,Spotify,2026-08-05T06:39:57+00:00,d3228db7-ef32-4e3e-8fa9-f9f8a84cc34d,
d22096f1-1b13-4984-92ed-a4008b798d0d,13610.85,RON,Salariu,2026-08-05T06:39:57+00:00,,12cbffe1-d83b-42c0-8120-8703b8fbd5c6
5f568d53-d7e1-40cc-820b-c80ba3c6f96c,24.99,RON,Spotify,2026-08-05T06:39:57+00:00,12cbffe1-d83b-42c0-8120-8703b8fbd5c6,
21d80051-418b-4cd5-a6e5-e61c230a326a,11396.61,RON,Salariu,2026-08-05T06:39:57+00:00,,82112000-16b4-4f2b-9dee-8ec850f886ea
fdcab04e-3253-4b6b-a460-e6a882c68bbf,24.99,RON,Spotify,2026-08-05T06:39:57+00:00,82112000-16b4-4f2b-9dee-8ec850f886ea,
d7b6e3b3-766d-4951-a6c0-d3b5946d5fe2,47.78,RON,Glovo ref 14452665,2026-08-05T16:01:57+00:00,6e36dc96-4f61-48f4-b69f-4ca617af9323,
7800e27a-9ace-43cc-989c-83f68098580d,64.81,RON,Glovo ref 27996802,2026-08-05T16:23:57+00:00,bdd640fb-0667-4ad1-9c80-317fa3b1799d,
2be9cf5e-c185-476b-b6cc-4aa5afe0558c,104.63,RON,Dedeman ref 12055098,2026-08-05T16:30:57+00:00,5588e5c9-786a-4f09-8721-a8cedc57f9c8,
3917aff4-b097-46dc-8acc-d5c0af63920f,32.35,RON,Glovo ref 98989638,2026-08-05T16:48:57+00:00,2eb300a6-bd34-43d9-94c9-8697b97c5ba7,
df652d96-2f81-49c4-a9de-64a388e86648,98.82,RON,Glovo ref 98909550,2026-08-05T17:02:57+00:00,02c27ee1-ff57-48d4-82c7-6cf491fd62b9,
865b611b-c631-4c59-b622-333ee59be1f3,54.12,RON,Mega Image ref 30518708,2026-08-05T17:37:57+00:00,5588e5c9-786a-4f09-8721-a8cedc57f9c8,
96af3fcb-b3eb-4780-891d-95c77e29d9a1,86.04,RON,Lidl ref 13076093,2026-08-05T18:15:57+00:00,aa7898aa-95b2-468b-ac92-275a68599dc4,
e97c0ea5-341c-4d10-9415-0ad9479fea14,78.94,RON,Glovo ref 75257692,2026-08-05T21:24:57+00:00,0e5779ec-be1a-470f-ad83-a4c869f8d3e4,
84add36e-67b3-4154-a67a-e19a3c6736b0,41.75,RON,Carrefour ref 76634324,2026-08-05T22:23:57+00:00,aa7898aa-95b2-468b-ac92-275a68599dc4,
3d8119ab-7986-4b75-8207-713a0469f55d,29.38,RON,Mega Image ref 23102455,2026-08-05T22:56:57+00:00,2eb300a6-bd34-43d9-94c9-8697b97c5ba7,
2b095746-51b0-49f1-b6d9-92a423e2441b,131.57,RON,Carrefour ref 19840600,2026-08-06T00:03:57+00:00,33a2f3d5-7d4c-460f-ba3e-5b7745b7b856,
f3d1746a-2523-47eb-bafc-d2b72ca09349,78.8,RON,Mega Image ref 26203439,2026-08-06T00:42:57+00:00,82112000-16b4-4f2b-9dee-8ec850f886ea,
fc82f603-cd2e-47a3-80f7-2a78ef2388aa,47.26,RON,Glovo ref 11604365,2026-08-06T03:00:57+00:00,82112000-16b4-4f2b-9dee-8ec850f886ea,
f696acde-f0d6-4307-8292-1b523633c719,110.76,RON,Kaufland ref 24729072,2026-08-06T03:39:57+00:00,2eb300a6-bd34-43d9-94c9-8697b97c5ba7,
57489269-3ed2-4d7d-8d62-753ae6511c00,116.88,RON,Farmacia Tei ref 10154572,2026-08-06T14:40:57+00:00,12cbffe1-d83b-42c0-8120-8703b8fbd5c6,
69bd40d8-f340-4dd3-8515-75b9ece9504b,28.17,RON,Lidl ref 12015179,2026-08-06T17:53:57+00:00,bdd640fb-0667-4ad1-9c80-317fa3b1799d,
08c21b99-7a10-4b0d-8ffc-e5950a626589,173.02,RON,Kaufland ref 93158506,2026-08-06T18:05:57+00:00,97c83e0a-8a40-4c3e-b8e3-ae37cffa9985,
adc25f16-64b3-4768-bdfd-984e16107d90,30.18,RON,Mega Image ref 31369764,2026-08-06T18:19:57+00:00,aa7898aa-95b2-468b-ac92-275a68599dc4,
7fb866b2-0573-4d10-9d3e-be5bf3fac150,48.77,RON,Glovo ref 70903036,2026-08-06T18:23:57+00:00,0e5779ec-be1a-470f-ad83-a4c869f8d3e4,
b11822ff-ab73-49a1-be9d-d3cc28aca4da,77.5,RON,Mega Image ref 59668050,2026-08-06T18:40:57+00:00,6e36dc96-4f61-48f4-b69f-4ca617af9323,
0e8d5cc7-f695-4b3e-a1fc-e5a57838ceb3,29.18,RON,Glovo ref 79144247,2026-08-06T19:03:57+00:00,818e12e2-7146-4ffe-a877-ba23cf63df5b,
30cae543-5acb-418c-96cf-54e681e55410,131.19,RON,Kaufland ref 64552292,2026-08-06T19:12:57+00:00,818e12e2-7146-4ffe-a877-ba23cf63df5b,
8b43316f-a1f2-433f-880a-4635dec3d883,45.91,RON,Farmacia Tei ref 70122979,2026-08-06T19:45:57+00:00,82112000-16b4-4f2b-9dee-8ec850f886ea,
7087759c-bd9e-4554-86f4-fa53f8bcf56f,41.22,RON,Mega Image ref 19978340,2026-08-06T19:50:57+00:00,12cbffe1-d83b-42c0-8120-8703b8fbd5c6,
89fc023d-7639-40d3-9e7b-e4cd67a57f8c,28.52,RON,Lidl ref 76278265,2026-08-06T19:56:57+00:00,2eb300a6-bd34-43d9-94c9-8697b97c5ba7,
4662477c-6eec-48ad-b5c4-dab44a32b32a,79.3,RON,Lidl ref 99323531,2026-08-06T20:08:57+00:00,7bf7bf91-9958-41e0-bb31-0f54e9f410c9,
3d1da436-c08d-4fd2-9bbf-77f87fe45303,82.24,RON,Carrefour ref 45987794,2026-08-06T20:49:57+00:00,2eb300a6-bd34-43d9-94c9-8697b97c5ba7,
312dd27a-87c8-4c01-86fc-96c7bc38bf24,41.98,RON,Mega Image ref 58221378,2026-08-06T23:00:57+00:00,7bf7bf91-9958-41e0-bb31-0f54e9f410c9,
07f30993-c334-42bc-a233-93abef9c783e,274.96,RON,OMV benzina ref 79657898,2026-08-06T23:35:57+00:00,33a2f3d5-7d4c-460f-ba3e-5b7745b7b856,
f1587598-9e15-4705-9f63-2d7a5ba3d1da,86.5,RON,Kaufland ref 22787594,2026-08-07T00:14:57+00:00,7bf7bf91-9958-41e0-bb31-0f54e9f410c9,
78dd9af3-866f-44eb-b013-6c9d006e11e9,74.04,RON,Lidl ref 90062327,2026-08-07T00:36:57+00:00,818e12e2-7146-4ffe-a877-ba23cf63df5b,
fcb55da2-da3a-4d6a-9616-da8d99347137,16.28,RON,Farmacia Tei ref 57177057,2026-08-07T00:42:57+00:00,2eb300a6-bd34-43d9-94c9-8697b97c5ba7,
fc5217cc-f467-4866-ad56-a2a02d54ff2b,48.53,RON,Mega Image ref 18876667,2026-08-07T00:51:57+00:00,bdd640fb-0667-4ad1-9c80-317fa3b1799d,
0339a5f9-1aeb-466e-aca9-f58c47051139,45.75,RON,Mega Image ref 25742468,2026-08-07T00:58:57+00:00,97c83e0a-8a40-4c3e-b8e3-ae37cffa9985,
07ca5902-bfc0-4ea7-ae1d-1945a38172d5,16.89,RON,Mega Image ref 56446975,2026-08-07T01:21:57+00:00,5588e5c9-786a-4f09-8721-a8cedc57f9c8,
545a4758-44c1-407f-bc3d-65c2b87e5b4a,113.99,RON,Kaufland ref 38061829,2026-08-07T01:48:57+00:00,2eb300a6-bd34-43d9-94c9-8697b97c5ba7,
1598203e-24c4-46ca-8a66-1d776049315b,83.18,RON,Kaufland ref 10302186,2026-08-07T02:39:57+00:00,aa7898aa-95b2-468b-ac92-275a68599dc4,
0aaf1b46-35ac-471b-9f9e-c8e93ed71432,101.57,RON,Lidl ref 30704750,2026-08-07T02:46:57+00:00,02c27ee1-ff57-48d4-82c7-6cf491fd62b9,
808ab9bc-16a1-4d90-887b-34138c5dcee5,20.21,RON,Mega Image ref 37805454,2026-08-07T03:14:57+00:00,d3228db7-ef32-4e3e-8fa9-f9f8a84cc34d,
f6bada63-638f-475c-acd3-3927a463adb6,35.52,RON,Glovo ref 89032950,2026-08-07T14:47:57+00:00,2eb300a6-bd34-43d9-94c9-8697b97c5ba7,
4e1e2f3d-a910-42b8-8d60-e36488516447,164.95,RON,OMV benzina ref 67859244,2026-08-07T18:03:57+00:00,0e5779ec-be1a-470f-ad83-a4c869f8d3e4,
efe3a150-c524-41be-a6bb-b51c85d8acf3,107.52,RON,Kaufland ref 19779395,2026-08-07T19:04:57+00:00,aa7898aa-95b2-468b-ac92-275a68599dc4,
9303087e-d132-472b-a747-799ec3fc6ad4,219.28,RON,OMV benzina ref 54170608,2026-08-07T22:26:57+00:00,82112000-16b4-4f2b-9dee-8ec850f886ea,
7d0e73b9-9b8f-4e1e-8fda-94a29201b567,123.25,RON,Farmacia Tei ref 69265527,2026-08-07T22:29:57+00:00,6e36dc96-4f61-48f4-b69f-4ca617af9323,
c0f54d3a-4aee-4506-aa74-1f92b1eb8a39,79.23,RON,Glovo ref 84142308,2026-08-08T00:37:57+00:00,5588e5c9-786a-4f09-8721-a8cedc57f9c8,
41665491-5b59-434d-9119-1c04c2a6b7be,29.86,RON,Mega Image ref 87163248,2026-08-08T02:44:57+00:00,5588e5c9-786a-4f09-8721-a8cedc57f9c8,
2015949c-7b75-40b5-a5dc-ae7f4420ccd0,26.54,RON,Lidl ref 78171248,2026-08-08T02:50:57+00:00,7bf7bf91-9958-41e0-bb31-0f54e9f410c9,
a750b8bb-c940-4d8b-9b46-118f127d556d,249.55,RON,Dedeman ref 83668652,2026-08-08T02:50:57+00:00,5588e5c9-786a-4f09-8721-a8cedc57f9c8,
ec35fb0c-5612-46fb-a4a6-bf51c125798e,78.15,RON,Glovo ref 91703604,2026-08-08T03:01:57+00:00,0e5779ec-be1a-470f-ad83-a4c869f8d3e4,
b0980298-f811-444f-8e09-29a016d2bd10,36.43,RON,Mega Image ref 41033126,2026-08-08T03:03:57+00:00,818e12e2-7146-4ffe-a877-ba23cf63df5b,
a1e41b94-43ca-4fde-861a-263a243004f4,115.52,RON,Carrefour ref 41910902,2026-08-08T03:12:57+00:00,818e12e2-7146-4ffe-a877-ba23cf63df5b,
71ab4711-6279-4a6e-a1f1-4c98dcdeadc8,32.85,RON,Mega Image ref 12529799,2026-08-08T04:18:57+00:00,0e5779ec-be1a-470f-ad83-a4c869f8d3e4,
482ebe2c-9b4a-4f5a-bf83-e6da57829d6c,102.6,RON,Farmacia Tei ref 50777653,2026-08-08T04:28:57+00:00,97c83e0a-8a40-4c3e-b8e3-ae37cffa9985,
e8fff869-f759-4b46-9126-4de7c43cd8ec,161.59,RON,Kaufland ref 57464211,2026-08-08T15:04:57+00:00,6e36dc96-4f61-48f4-b69f-4ca617af9323,
84c9b276-3ee7-4d31-beef-21f8e0b62f90,194.94,RON,OMV benzina ref 15692967,2026-08-08T16:07:57+00:00,bdd640fb-0667-4ad1-9c80-317fa3b1799d,
2b0238ae-67de-4fca-a2b8-9e20ef0f3c04,116.4,RON,Dedeman ref 99078726,2026-08-08T16:13:57+00:00,7bf7bf91-9958-41e0-bb31-0f54e9f410c9,
af05977a-5838-4d77-a5b0-69f552875036,84.07,RON,Carrefour ref 74099153,2026-08-08T20:19:57+00:00,02c27ee1-ff57-48d4-82c7-6cf491fd62b9,
6c9ebbcd-a869-4c6d-be27-ca2cd6f3c4dc,33.53,RON,Lidl ref 63098323,2026-08-08T20:51:57+00:00,56cc310a-2a4b-4ab3-87df-66009aa0bf74,
65e5f13f-7086-4a45-8a8a-bb17309a083a,112.87,RON,Carrefour ref 16616323,2026-08-08T21:12:57+00:00,bdd640fb-0667-4ad1-9c80-317fa3b1799d,
7375e185-337c-4af7-9864-97c7dfb843aa,63.12,RON,Mega Image ref 87241350,2026-08-08T21:33:57+00:00,97c83e0a-8a40-4c3e-b8e3-ae37cffa9985,
70c3c87f-d841-4480-9c54-634123814cdc,165.76,RON,Kaufland ref 57541951,2026-08-08T23:16:57+00:00,5588e5c9-786a-4f09-8721-a8cedc57f9c8,
27271498-836c-4a41-8cc4-67327fc01356,49.24,RON,Glovo ref 18394560,2026-08-09T01:41:57+00:00,6e36dc96-4f61-48f4-b69f-4ca617af9323,
bc441fbc-edb6-4854-baae-905cc8594dfb,78.16,RON,Lidl ref 67384680,2026-08-09T02:32:57+00:00,0e5779ec-be1a-470f-ad83-a4c869f8d3e4,
aa737744-e836-4e4e-b4cb-91ef59768f62,41.44,RON,Glovo ref 21781934,2026-08-09T03:25:57+00:00,82112000-16b4-4f2b-9dee-8ec850f886ea,
3a7ca8ae-f75e-4d0d-8ccc-b213d399b415,37.02,RON,Lidl ref 32760862,2026-08-09T03:57:57+00:00,6e36dc96-4f61-48f4-b69f-4ca617af9323,
ce7b8cb6-b7ee-45fa-988e-5a83fdc2b1d6,60.87,RON,Glovo ref 29299441,2026-08-09T14:42:57+00:00,97c83e0a-8a40-4c3e-b8e3-ae37cffa9985,
bac97a02-b119-4d16-9aec-319ff38ef31f,52.74,RON,Lidl ref 14551461,2026-08-09T15:33:57+00:00,aa7898aa-95b2-468b-ac92-275a68599dc4,
a54b820d-9d45-4072-af68-6b0f67247b00,45.62,RON,Glovo ref 79393054,2026-08-09T15:38:57+00:00,818e12e2-7146-4ffe-a877-ba23cf63df5b,
b5f9b098-b6c5-41f8-8a4f-ff19dbdfc40b,83.12,RON,Kaufland ref 67919457,2026-08-09T16:32:57+00:00,33a2f3d5-7d4c-460f-ba3e-5b7745b7b856,
a6330928-4a44-4c7b-92b7-ae3aef8a213b,162.7,RON,Kaufland ref 52207500,2026-08-09T17:03:57+00:00,97c83e0a-8a40-4c3e-b8e3-ae37cffa9985,
48ffaa3f-9db4-47cf-a5c5-ab036eedd448,55.19,RON,Lidl ref 11649850,2026-08-09T18:22:57+00:00,d3228db7-ef32-4e3e-8fa9-f9f8a84cc34d,
d473e687-76ad-4c33-a469-d0c2e7574997,56.12,RON,Mega Image ref 79386491,2026-08-09T19:18:57+00:00,bdd640fb-0667-4ad1-9c80-317fa3b1799d,
474f8ae0-22c8-418b-b663-7a23fca252b1,54.25,RON,Kaufland ref 40598024,2026-08-09T20:27:57+00:00,5588e5c9-786a-4f09-8721-a8cedc57f9c8,
ec4044f4-4096-4b3e-b2a3-4542e954fd29,124.08,RON,Carrefour ref 30068906,2026-08-09T21:16:57+00:00,818e12e2-7146-4ffe-a877-ba23cf63df5b,
4960ab1d-a387-416a-a54d-ef5e2bfde673,204.44,RON,OMV benzina ref 60345945,2026-08-09T21:24:57+00:00,82112000-16b4-4f2b-9dee-8ec850f886ea,
8be15610-b234-4948-a4f2-ae4cf016716b,31.41,RON,Glovo ref 88577462,2026-08-09T22:46:57+00:00,bdd640fb-0667-4ad1-9c80-317fa3b1799d,
7b490ffb-3d9a-4129-a065-7718526eb0dd,81.97,RON,Glovo ref 59679891,2026-08-09T23:42:57+00:00,6e36dc96-4f61-48f4-b69f-4ca617af9323,
5034f6d1-4aff-41ab-851d-f0cab3c675df,274.91,RON,Dedeman ref 74436474,2026-08-10T00:37:57+00:00,6e36dc96-4f61-48f4-b69f-4ca617af9323,
5b1c0589-b031-49b5-95cb-eb8b2de900c1,98.81,RON,Lidl ref 10586896,2026-08-10T01:52:57+00:00,6e36dc96-4f61-48f4-b69f-4ca617af9323,
22c49c1d-8d33-43c0-b97e-c8a1bc430e68,27.95,RON,Lidl ref 39980572,2026-08-10T01:52:57+00:00,2eb300a6-bd34-43d9-94c9-8697b97c5ba7,
f48c7b01-6c1a-4469-a7c5-a6a37fa9b419,81.1,RON,Kaufland ref 66801019,2026-08-10T01:56:57+00:00,d3228db7-ef32-4e3e-8fa9-f9f8a84cc34d,
f21d96e7-d9e0-4cbd-9734-295703411e59,69.04,RON,Glovo ref 96720635,2026-08-10T02:55:57+00:00,7bf7bf91-9958-41e0-bb31-0f54e9f410c9,
d4374745-aca8-4361-a722-ec5841b81000,23.25,RON,Mega Image ref 69217565,2026-08-10T03:26:57+00:00,6e36dc96-4f61-48f4-b69f-4ca617af9323,
81e26ceb-4032-4c40-b100-0314b77cff4c,34.25,RON,Mega Image ref 90292116,2026-08-10T04:13:57+00:00,aa7898aa-95b2-468b-ac92-275a68599dc4,
1634cfd5-a635-49e7-aa6a-eb6c9abd68be,42.87,RON,Mega Image ref 32103201,2026-08-10T04:35:57+00:00,818e12e2-7146-4ffe-a877-ba23cf63df5b,
a26c1bf4-7c7c-4c92-8d7a-51cdf846317e,60.86,RON,Lidl ref 84379601,2026-08-10T15:43:57+00:00,82112000-16b4-4f2b-9dee-8ec850f886ea,
f661cfdb-7537-4b16-81ed-ceb38bb27f15,30.06,RON,Mega Image ref 94029135,2026-08-10T15:57:57+00:00,aa7898aa-95b2-468b-ac92-275a68599dc4,
fcec3641-b704-452a-9deb-235681ad7c3b,31.41,RON,Mega Image ref 42823340,2026-08-10T18:19:57+00:00,2eb300a6-bd34-43d9-94c9-8697b97c5ba7,
4ebadc94-e441-4bde-8b45-fc2e8edfd442,99.61,RON,Glovo ref 95167712,2026-08-10T18:31:57+00:00,6e36dc96-4f61-48f4-b69f-4ca617af9323,
88c54763-9591-4599-9659-a110997932d9,107.92,RON,Kaufland ref 62317386,2026-08-10T19:59:57+00:00,d3228db7-ef32-4e3e-8fa9-f9f8a84cc34d,
e8394e03-717f-4b70-9a8a-094c466b654d,100.0,RON,Kaufland ref 42026149,2026-08-10T20:32:57+00:00,56cc310a-2a4b-4ab3-87df-66009aa0bf74,
7e7ba65b-dc9e-4eac-bd73-2526348ff692,40.68,RON,Glovo ref 20282015,2026-08-10T21:21:57+00:00,97c83e0a-8a40-4c3e-b8e3-ae37cffa9985,
9e6ae5ed-9dfa-40db-8a37-78da1e293577,74.56,RON,Mega Image ref 97498378,2026-08-10T21:59:57+00:00,02c27ee1-ff57-48d4-82c7-6cf491fd62b9,
fed2b9ef-81f1-40e3-bc6f-bdfe5ac942f4,30.6,RON,Lidl ref 87291175,2026-08-10T22:37:57+00:00,97c83e0a-8a40-4c3e-b8e3-ae37cffa9985,
b2cc35e5-4c0a-4e17-a454-0aa38331aee5,118.22,RON,Lidl ref 41264011,2026-08-10T22:42:57+00:00,33a2f3d5-7d4c-460f-ba3e-5b7745b7b856,
200acf88-ffbd-4367-87c2-64937ea59d3e,51.14,RON,Glovo ref 84845602,2026-08-10T23:46:57+00:00,12cbffe1-d83b-42c0-8120-8703b8fbd5c6,
38f63274-b7b2-4259-b3c8-7667acaaf309,191.69,RON,OMV benzina ref 43499670,2026-08-10T23:57:57+00:00,d3228db7-ef32-4e3e-8fa9-f9f8a84cc34d,
b3c120c3-9b01-48d2-8371-1d3fc9be5dce,57.6,RON,Kaufland ref 11536077,2026-08-11T00:15:57+00:00,7bf7bf91-9958-41e0-bb31-0f54e9f410c9,
400564b8-1716-43b1-b466-1e6fe1eeb1f1,120.91,RON,Kaufland ref 37102854,2026-08-11T00:36:57+00:00,bdd640fb-0667-4ad1-9c80-317fa3b1799d,
2b6e6210-7ec2-4a2f-b153-b57a3dc84bf1,148.68,RON,OMV benzina ref 58928382,2026-08-11T00:47:57+00:00,56cc310a-2a4b-4ab3-87df-66009aa0bf74,
edb51a50-fb96-4c66-a327-929daf1458cf,153.97,RON,Lidl ref 61777402,2026-08-11T00:57:57+00:00,02c27ee1-ff57-48d4-82c7-6cf491fd62b9,
8618e40d-15d6-4658-9ce9-dbbca25291f3,26.48,RON,Glovo ref 70317234,2026-08-11T01:46:57+00:00,bdd640fb-0667-4ad1-9c80-317fa3b1799d,
e0e50bc4-5098-44a6-a5fb-2b3e9c73c398,62.49,RON,Farmacia Tei ref 80359390,2026-08-11T01:56:57+00:00,56cc310a-2a4b-4ab3-87df-66009aa0bf74,
d971e5db-af12-4ed7-825b-4029326a4f3d,68.89,RON,Glovo ref 93136276,2026-08-11T02:49:57+00:00,82112000-16b4-4f2b-9dee-8ec850f886ea,
2ae107fb-bc41-4e7c-b6ee-fd41dfbc10c4,114.67,RON,Lidl ref 72488975,2026-08-11T03:04:57+00:00,12cbffe1-d83b-42c0-8120-8703b8fbd5c6,
f563cc71-5456-47b7-bcfb-777df7f3cf58,80.0,RON,Mega Image ref 86503390,2026-08-11T03:16:57+00:00,33a2f3d5-7d4c-460f-ba3e-5b7745b7b856,
8e7de390-d825-4478-a343-21bf7aeee7df,21.22,RON,Farmacia Tei ref 58147073,2026-08-11T15:08:57+00:00,0e5779ec-be1a-470f-ad83-a4c869f8d3e4,
413290ab-ca34-456e-855d-7944a96d645f,67.74,RON,Mega Image ref 64437048,2026-08-11T16:06:57+00:00,6e36dc96-4f61-48f4-b69f-4ca617af9323,
6c447b8b-06e4-4f0a-87a2-6844dc04f145,76.07,RON,Carrefour ref 60556636,2026-08-11T17:52:57+00:00,82112000-16b4-4f2b-9dee-8ec850f886ea,
94918c65-6725-483d-acc7-16cb5f331961,30.06,RON,Glovo ref 81629042,2026-08-11T18:13:57+00:00,56cc310a-2a4b-4ab3-87df-66009aa0bf74,
a7c6464b-20e4-4081-b107-6d69736a9f97,86.73,RON,Glovo ref 55478310,2026-08-11T18:14:57+00:00,82112000-16b4-4f2b-9dee-8ec850f886ea,
27f904e1-1213-482f-8081-f1f9acdaa216,78.09,RON,Lidl ref 80106691,2026-08-11T18:53:57+00:00,818e12e2-7146-4ffe-a877-ba23cf63df5b,
c58536b7-cf6d-4a9d-a72d-0bf4c84d16c0,27.09,RON,Mega Image ref 43623322,2026-08-11T19:02:57+00:00,0e5779ec-be1a-470f-ad83-a4c869f8d3e4,
ed610ea2-4a68-4f49-becf-b5c1dfda5c11,149.21,RON,Carrefour ref 42626478,2026-08-11T20:19:57+00:00,6e36dc96-4f61-48f4-b69f-4ca617af9323,
1c971914-3e60-442b-a57c-b3d19989456f,63.5,RON,Mega Image ref 94548314,2026-08-11T20:25:57+00:00,97c83e0a-8a40-4c3e-b8e3-ae37cffa9985,
79aeef7b-4529-4a7e-b144-08c0997ca608,45.53,RON,Glovo ref 21189743,2026-08-11T20:34:57+00:00,818e12e2-7146-4ffe-a877-ba23cf63df5b,
379aa5e0-01e3-41f6-a33c-ef9c4f25baff,132.35,RON,Carrefour ref 69158496,2026-08-11T21:01:57+00:00,33a2f3d5-7d4c-460f-ba3e-5b7745b7b856,
08546b42-f11d-444a-9ded-21d78dd0b121,79.58,RON,Lidl ref 47535023,2026-08-11T22:30:57+00:00,56cc310a-2a4b-4ab3-87df-66009aa0bf74,
df0ddef1-90c4-4e45-95cf-37bae98965f2,29.07,RON,Lidl ref 32935793,2026-08-11T23:03:57+00:00,bdd640fb-0667-4ad1-9c80-317fa3b1799d,
f8dc2c64-c4e4-4753-8a0d-9af8322c519f,93.0,RON,Kaufland ref 74102579,2026-08-11T23:04:57+00:00,aa7898aa-95b2-468b-ac92-275a68599dc4,
176c496e-992f-4b73-aa87-9ac076706b08,64.94,RON,Mega Image ref 47483456,2026-08-11T23:33:57+00:00,33a2f3d5-7d4c-460f-ba3e-5b7745b7b856,
c44768e5-c059-4682-815f-90acfc6c9ffe,90.04,RON,Lidl ref 82324621,2026-08-12T00:03:57+00:00,12cbffe1-d83b-42c0-8120-8703b8fbd5c6,
b82b2b93-1040-4bf3-9d30-b0f7f6a97c38,26.57,RON,Mega Image ref 20467889,2026-08-12T00:07:57+00:00,aa7898aa-95b2-468b-ac92-275a68599dc4,
76751903-719d-422f-adc4-d065d8fbd542,41.72,RON,Glovo ref 45502943,2026-08-12T00:21:57+00:00,0e5779ec-be1a-470f-ad83-a4c869f8d3e4,
53dd437f-0691-4c1d-bc8e-92ea48f50a26,73.3,RON,Glovo ref 91754677,2026-08-12T00:58:57+00:00,97c83e0a-8a40-4c3e-b8e3-ae37cffa9985,
35e274e1-41c3-4685-9ad2-de25649aa3e6,194.99,RON,OMV benzina ref 96215899,2026-08-12T01:32:57+00:00,5588e5c9-786a-4f09-8721-a8cedc57f9c8,
16d586c1-4b6a-44ad-a34b-f2fe8f24b037,92.92,RON,Lidl ref 17122637,2026-08-12T01:57:57+00:00,6e36dc96-4f61-48f4-b69f-4ca617af9323,
9ae55786-45f0-4dea-95dd-f0bb555c9462,48.09,RON,Farmacia Tei ref 23879062,2026-08-12T02:23:57+00:00,97c83e0a-8a40-4c3e-b8e3-ae37cffa9985,
f2c2f813-74b8-47e3-bc55-6b99e7afb1ef,344.27,RON,OMV benzina ref 96165968,2026-08-12T02:30:57+00:00,82112000-16b4-4f2b-9dee-8ec850f886ea,
ff0f6b76-c89d-4f14-a22e-ea256b79ed8f,67.1,RON,Carrefour ref 54304754,2026-08-12T02:42:57+00:00,97c83e0a-8a40-4c3e-b8e3-ae37cffa9985,
65cf46e5-434d-43fe-a058-fd249bcd1427,108.23,RON,Lidl ref 61035736,2026-08-12T03:53:57+00:00,97c83e0a-8a40-4c3e-b8e3-ae37cffa9985,
132ac1fa-9d51-4508-bb4a-17cdb798e034,98.75,RON,Carrefour ref 12518334,2026-08-12T03:57:57+00:00,7bf7bf91-9958-41e0-bb31-0f54e9f410c9,
61bbbc90-39f6-412d-9e3d-eb41e259aa32,141.02,RON,Lidl ref 59517476,2026-08-12T04:18:57+00:00,82112000-16b4-4f2b-9dee-8ec850f886ea,
ded4b12d-d749-4973-ba81-88ac3fe60736,74.55,RON,Farmacia Tei ref 70236759,2026-08-12T04:30:57+00:00,2eb300a6-bd34-43d9-94c9-8697b97c5ba7,
f601e005-c4c4-469f-baeb-e15d4f3c9771,55.99,RON,Netflix,2026-08-12T06:39:57+00:00,bdd640fb-0667-4ad1-9c80-317fa3b1799d,
e5a4b1b4-46c5-44a5-945d-2f7ef057712b,55.99,RON,Netflix,2026-08-12T06:39:57+00:00,0e5779ec-be1a-470f-ad83-a4c869f8d3e4,
93188472-9fa6-43ea-9b65-e8d62660f73f,55.99,RON,Netflix,2026-08-12T06:39:57+00:00,aa7898aa-95b2-468b-ac92-275a68599dc4,
383819b8-932e-42cc-959b-61c3c2a04830,55.99,RON,Netflix,2026-08-12T06:39:57+00:00,7bf7bf91-9958-41e0-bb31-0f54e9f410c9,
02081c96-b8fd-4f81-af74-19b83cd23aaf,55.99,RON,Netflix,2026-08-12T06:39:57+00:00,02c27ee1-ff57-48d4-82c7-6cf491fd62b9,
4d8dba8d-6138-4cfd-99d0-5cf068368237,55.99,RON,Netflix,2026-08-12T06:39:57+00:00,56cc310a-2a4b-4ab3-87df-66009aa0bf74,
864896a5-bcc4-42a6-9b3a-910cc1ec8152,55.99,RON,Netflix,2026-08-12T06:39:57+00:00,5588e5c9-786a-4f09-8721-a8cedc57f9c8,
2207c621-1b5d-4620-b667-2667afa0375b,55.99,RON,Netflix,2026-08-12T06:39:57+00:00,33a2f3d5-7d4c-460f-ba3e-5b7745b7b856,
7be97332-aecf-418d-bc3e-3aa5f716be44,55.99,RON,Netflix,2026-08-12T06:39:57+00:00,6e36dc96-4f61-48f4-b69f-4ca617af9323,
314dbc34-5c81-481a-ac17-9e9c0c16d3e7,55.99,RON,Netflix,2026-08-12T06:39:57+00:00,2eb300a6-bd34-43d9-94c9-8697b97c5ba7,
1bca5095-442f-4014-a5aa-d0d94c1d1f89,55.99,RON,Netflix,2026-08-12T06:39:57+00:00,818e12e2-7146-4ffe-a877-ba23cf63df5b,
629f69fa-e419-4fd4-82ba-f6b8fa50810e,55.99,RON,Netflix,2026-08-12T06:39:57+00:00,97c83e0a-8a40-4c3e-b8e3-ae37cffa9985,
7ee70329-7559-4ea6-afc9-1a2092d2bab5,55.99,RON,Netflix,2026-08-12T06:39:57+00:00,d3228db7-ef32-4e3e-8fa9-f9f8a84cc34d,
2143ad90-2243-420a-addd-c3e6329cb94e,55.99,RON,Netflix,2026-08-12T06:39:57+00:00,12cbffe1-d83b-42c0-8120-8703b8fbd5c6,
97bb00e0-a09d-4069-9079-037893e2af8e,55.99,RON,Netflix,2026-08-12T06:39:57+00:00,82112000-16b4-4f2b-9dee-8ec850f886ea,
15900178-4f16-42f4-915e-64ed74259685,203.22,RON,OMV benzina ref 70977951,2026-08-12T15:35:57+00:00,d3228db7-ef32-4e3e-8fa9-f9f8a84cc34d,
aba866b3-6206-4f12-8d03-e267178ec3e5,92.65,RON,Glovo ref 31421489,2026-08-12T16:19:57+00:00,6e36dc96-4f61-48f4-b69f-4ca617af9323,
dafc3805-7f64-45de-b569-9aef03200c4e,13.01,RON,Mega Image ref 43971980,2026-08-12T16:51:57+00:00,bdd640fb-0667-4ad1-9c80-317fa3b1799d,
2091a706-7eb3-498f-9e7a-69b442714418,51.96,RON,Mega Image ref 47063466,2026-08-12T16:55:57+00:00,0e5779ec-be1a-470f-ad83-a4c869f8d3e4,
49986f5a-1895-485b-9235-a4e141316886,118.96,RON,Kaufland ref 95975272,2026-08-12T17:40:57+00:00,5588e5c9-786a-4f09-8721-a8cedc57f9c8,
f3a9ac38-f5f8-4c7e-be46-b9b56f2d7dd9,39.08,RON,Farmacia Tei ref 23909034,2026-08-12T18:00:57+00:00,82112000-16b4-4f2b-9dee-8ec850f886ea,
65606cc7-1c39-422b-95c7-29d10f9f5ee2,126.3,RON,Lidl ref 34653846,2026-08-12T18:01:57+00:00,02c27ee1-ff57-48d4-82c7-6cf491fd62b9,
a16747c5-b56b-4a0b-803d-b6d0ef6f28c5,60.92,RON,Mega Image ref 41369709,2026-08-12T19:24:57+00:00,6e36dc96-4f61-48f4-b69f-4ca617af9323,
99a6dd39-a9ae-4949-85b5-04dd4e28c5e9,137.72,RON,Carrefour ref 38852315,2026-08-12T19:27:57+00:00,02c27ee1-ff57-48d4-82c7-6cf491fd62b9,
b24209d9-ff22-420d-9d23-e94b9f6b2e44,69.24,RON,Lidl ref 54064164,2026-08-12T19:38:57+00:00,d3228db7-ef32-4e3e-8fa9-f9f8a84cc34d,
db66aca5-0638-4bfe-b7f9-20146a1d007e,159.14,RON,Carrefour ref 13244837,2026-08-12T20:18:57+00:00,33a2f3d5-7d4c-460f-ba3e-5b7745b7b856,
eff66bdd-45ba-4376-9472-99d3c102caf7,22.47,RON,Farmacia Tei ref 17680760,2026-08-12T20:30:57+00:00,5588e5c9-786a-4f09-8721-a8cedc57f9c8,
76898488-4e3a-40e3-a903-092c704d8397,62.74,RON,Carrefour ref 13633223,2026-08-12T20:58:57+00:00,818e12e2-7146-4ffe-a877-ba23cf63df5b,
87308a95-1128-495c-b840-fd35f62a4b30,42.64,RON,Farmacia Tei ref 32140842,2026-08-12T21:21:57+00:00,6e36dc96-4f61-48f4-b69f-4ca617af9323,
4fbca9a2-8643-41bf-8eca-5a2e9d7db622,69.38,RON,Carrefour ref 84892729,2026-08-12T22:26:57+00:00,97c83e0a-8a40-4c3e-b8e3-ae37cffa9985,
3e97699b-b408-4c27-ad7f-f5d04ef49da1,122.1,RON,Kaufland ref 12276520,2026-08-12T22:46:57+00:00,33a2f3d5-7d4c-460f-ba3e-5b7745b7b856,
47eebcf2-6664-4678-9203-d212098aa62c,191.09,RON,Dedeman ref 98459661,2026-08-12T22:48:57+00:00,7bf7bf91-9958-41e0-bb31-0f54e9f410c9,
1ada8914-ce5e-4953-bc47-0439195be988,48.88,RON,Kaufland ref 90424369,2026-08-13T01:02:57+00:00,97c83e0a-8a40-4c3e-b8e3-ae37cffa9985,
1956c695-86f4-4726-a128-89de0b806539,99.78,RON,Glovo ref 54380733,2026-08-13T01:45:57+00:00,82112000-16b4-4f2b-9dee-8ec850f886ea,
ec05e1e7-2c2c-4d5b-a7bd-668ba3a941c1,81.88,RON,Glovo ref 97537832,2026-08-13T01:59:57+00:00,02c27ee1-ff57-48d4-82c7-6cf491fd62b9,
d15bfda0-b83f-4063-8c0b-58bd1c6c80a7,336.73,RON,OMV benzina ref 70919327,2026-08-13T03:24:57+00:00,6e36dc96-4f61-48f4-b69f-4ca617af9323,
290a2e41-fa4f-40c2-b6af-865107e39fb4,109.4,RON,Kaufland ref 84308779,2026-08-13T03:50:57+00:00,12cbffe1-d83b-42c0-8120-8703b8fbd5c6,
017b63a5-da28-45e3-a1df-d24338e1a05d,26.09,RON,Glovo ref 89441626,2026-08-13T04:08:57+00:00,7bf7bf91-9958-41e0-bb31-0f54e9f410c9,
2f2b5e31-09db-40a9-a793-eb811d4c5eb7,61.52,RON,Glovo ref 41228768,2026-08-13T04:18:57+00:00,0e5779ec-be1a-470f-ad83-a4c869f8d3e4,
3b43e0e2-b0dd-44bc-9288-02db7874047f,198.69,RON,OMV benzina ref 44514839,2026-08-13T15:09:57+00:00,5588e5c9-786a-4f09-8721-a8cedc57f9c8,
02134726-464b-4ffb-8899-18a2f8883405,152.25,RON,Carrefour ref 77934407,2026-08-13T16:30:57+00:00,02c27ee1-ff57-48d4-82c7-6cf491fd62b9,
4ffb6c1f-6b01-4b05-b945-0afa871ced4a,123.13,RON,Lidl ref 87034382,2026-08-13T16:45:57+00:00,82112000-16b4-4f2b-9dee-8ec850f886ea,
5044d72f-77c6-4575-bb01-cb5ba5e4e0e9,68.28,RON,Kaufland ref 96877059,2026-08-13T17:35:57+00:00,2eb300a6-bd34-43d9-94c9-8697b97c5ba7,
b352de5a-1958-4d52-9984-e73528c446bf,37.06,RON,Glovo ref 24636823,2026-08-13T17:56:57+00:00,82112000-16b4-4f2b-9dee-8ec850f886ea,
13d3c726-82d3-4948-9cf9-8855719db54f,29.19,RON,Glovo ref 78040058,2026-08-13T18:01:57+00:00,0e5779ec-be1a-470f-ad83-a4c869f8d3e4,
90d0bea1-d9bf-412f-87a7-79132d376d45,258.93,RON,Dedeman ref 14293477,2026-08-13T18:21:57+00:00,33a2f3d5-7d4c-460f-ba3e-5b7745b7b856,
8500e116-2162-4fe0-875a-3cf196e33429,268.7,RON,OMV benzina ref 96032560,2026-08-13T18:52:57+00:00,97c83e0a-8a40-4c3e-b8e3-ae37cffa9985,
9a70ea8a-d688-4d3e-93fd-e248aac04912,49.19,RON,Carrefour ref 14352961,2026-08-13T19:41:57+00:00,bdd640fb-0667-4ad1-9c80-317fa3b1799d,
1ad261a6-2b9f-4948-bcfc-6b677774b331,46.98,RON,Mega Image ref 38374120,2026-08-13T19:46:57+00:00,5588e5c9-786a-4f09-8721-a8cedc57f9c8,
d35a0e53-e61c-4c8d-b93c-10be04c325ec,23.54,RON,Mega Image ref 15707233,2026-08-13T19:53:57+00:00,33a2f3d5-7d4c-460f-ba3e-5b7745b7b856,
dc189e63-bcad-4491-91e2-4f2815bedddf,146.49,RON,Dedeman ref 23466044,2026-08-13T20:03:57+00:00,2eb300a6-bd34-43d9-94c9-8697b97c5ba7,
b4007e0a-9de1-4cd1-b7c0-76ead7235c96,49.17,RON,Mega Image ref 19632961,2026-08-13T20:28:57+00:00,818e12e2-7146-4ffe-a877-ba23cf63df5b,
b6961feb-8695-407e-b56e-1e9637e85154,28.07,RON,Glovo ref 47766210,2026-08-13T21:34:57+00:00,7bf7bf91-9958-41e0-bb31-0f54e9f410c9,
1a591f6e-9101-45f8-a360-99268da0ca97,126.12,RON,Lidl ref 22003202,2026-08-13T21:49:57+00:00,33a2f3d5-7d4c-460f-ba3e-5b7745b7b856,
0c85f154-3527-4cee-9343-bf88d1f379b1,55.9,RON,Glovo ref 84832912,2026-08-13T22:56:57+00:00,bdd640fb-0667-4ad1-9c80-317fa3b1799d,
1712df48-6c74-4ed4-8578-f4e6332bad05,56.57,RON,Carrefour ref 33281964,2026-08-13T23:59:57+00:00,7bf7bf91-9958-41e0-bb31-0f54e9f410c9,
de10a04c-659e-4f7e-b9ba-880a107ed9af,338.83,RON,OMV benzina ref 53466957,2026-08-14T00:21:57+00:00,33a2f3d5-7d4c-460f-ba3e-5b7745b7b856,
44f2a0db-b20c-451e-8d47-7c015e61df62,61.18,RON,Glovo ref 41874244,2026-08-14T00:50:57+00:00,aa7898aa-95b2-468b-ac92-275a68599dc4,
bf77a359-fcad-495b-b1c9-12245286d5d5,20.84,RON,Mega Image ref 48984160,2026-08-14T01:25:57+00:00,97c83e0a-8a40-4c3e-b8e3-ae37cffa9985,
63619e38-d21d-4ff7-9dc1-cf1e6f0413f1,53.34,RON,Carrefour ref 77838306,2026-08-14T01:40:57+00:00,2eb300a6-bd34-43d9-94c9-8697b97c5ba7,
adaad2f9-0420-421e-81e7-ebbaf9ac1a4f,48.4,RON,Kaufland ref 44769739,2026-08-14T01:53:57+00:00,0e5779ec-be1a-470f-ad83-a4c869f8d3e4,
9557e65b-d0c3-4d01-8e2c-2f8349420665,118.68,RON,Kaufland ref 31856624,2026-08-14T15:30:57+00:00,12cbffe1-d83b-42c0-8120-8703b8fbd5c6,
3aff7d97-843b-4043-9c68-2594685936ef,118.07,RON,Kaufland ref 28945147,2026-08-14T15:41:57+00:00,56cc310a-2a4b-4ab3-87df-66009aa0bf74,
4de16f53-6e47-4908-80ae-7ff0502eacf3,11.19,RON,Mega Image ref 74533810,2026-08-14T16:24:57+00:00,2eb300a6-bd34-43d9-94c9-8697b97c5ba7,
869153a7-73e6-42ef-8395-789f4532b941,52.89,RON,Mega Image ref 79638209,2026-08-14T18:21:57+00:00,82112000-16b4-4f2b-9dee-8ec850f886ea,
032eaa56-1d5a-438c-a90d-c911c9581c41,33.59,RON,Lidl ref 36605629,2026-08-14T18:22:57+00:00,7bf7bf91-9958-41e0-bb31-0f54e9f410c9,
bf6c9c59-704a-4a29-b81b-c235ded6ecef,59.92,RON,Kaufland ref 54780924,2026-08-14T19:14:57+00:00,02c27ee1-ff57-48d4-82c7-6cf491fd62b9,
b1106dd8-4437-44d3-ad52-925ca5d0e64a,39.01,RON,Glovo ref 47732986,2026-08-14T19:38:57+00:00,56cc310a-2a4b-4ab3-87df-66009aa0bf74,
3ebb7dfe-5855-47a3-8409-aaebe178e8f0,93.6,RON,Carrefour ref 65945823,2026-08-14T19:59:57+00:00,02c27ee1-ff57-48d4-82c7-6cf491fd62b9,
a6e80b4f-e5bb-4f3b-a87b-b3cef9a013be,69.33,RON,Glovo ref 54961030,2026-08-14T20:17:57+00:00,0e5779ec-be1a-470f-ad83-a4c869f8d3e4,
b3292925-b107-494e-a932-5ae19c7060da,38.12,RON,Lidl ref 48168910,2026-08-14T20:50:57+00:00,bdd640fb-0667-4ad1-9c80-317fa3b1799d,
ba9d02ea-cbf4-473b-aac4-83c0fe96c2f1,71.98,RON,Lidl ref 38711268,2026-08-14T20:50:57+00:00,82112000-16b4-4f2b-9dee-8ec850f886ea,
0f1a3b47-a845-43dd-b21d-58e030c33ba4,99.3,RON,Kaufland ref 75189438,2026-08-14T22:04:57+00:00,d3228db7-ef32-4e3e-8fa9-f9f8a84cc34d,
52a473f9-4c9e-403a-84bd-338e17d71fc0,53.63,RON,Glovo ref 14810369,2026-08-14T22:26:57+00:00,bdd640fb-0667-4ad1-9c80-317fa3b1799d,
8c567659-8d59-40ee-90fd-576ad9a2b7c7,76.75,RON,Kaufland ref 24098618,2026-08-15T00:08:57+00:00,97c83e0a-8a40-4c3e-b8e3-ae37cffa9985,
57b6b27c-bf18-474a-8743-d9f12d08413f,30.98,RON,Farmacia Tei ref 82715151,2026-08-15T00:46:57+00:00,aa7898aa-95b2-468b-ac92-275a68599dc4,
9bafa427-7321-48d9-9b1a-d512cb07015f,386.87,RON,Dedeman ref 99943048,2026-08-15T00:47:57+00:00,6e36dc96-4f61-48f4-b69f-4ca617af9323,
b0140b92-810e-441c-a3c1-0d30adfa5787,35.62,RON,Mega Image ref 80849955,2026-08-15T01:55:57+00:00,5588e5c9-786a-4f09-8721-a8cedc57f9c8,
73aa3511-d56e-47b1-9b07-709d322b9bb1,57.64,RON,Glovo ref 17629722,2026-08-15T04:23:57+00:00,12cbffe1-d83b-42c0-8120-8703b8fbd5c6,
e1b38e0d-d9e8-4486-8acc-99eac47a09ff,57.06,RON,Farmacia Tei ref 17791469,2026-08-15T16:53:57+00:00,5588e5c9-786a-4f09-8721-a8cedc57f9c8,
6876c983-977c-437e-a125-328d8068939b,43.87,RON,Mega Image ref 28070664,2026-08-15T19:16:57+00:00,2eb300a6-bd34-43d9-94c9-8697b97c5ba7,
1b3206f0-0689-4b1c-975a-ae69e9707c9e,76.64,RON,Kaufland ref 30141148,2026-08-15T19:41:57+00:00,0e5779ec-be1a-470f-ad83-a4c869f8d3e4,
cfaaa46a-fb31-4fca-b7fc-3ef31390081a,125.19,RON,Kaufland ref 92948505,2026-08-15T20:44:57+00:00,d3228db7-ef32-4e3e-8fa9-f9f8a84cc34d,
7eeaf42d-2345-4384-b354-f5f5a20bc47d,140.4,RON,Lidl ref 64076401,2026-08-15T21:10:57+00:00,02c27ee1-ff57-48d4-82c7-6cf491fd62b9,
8c9af5b3-d42d-4943-b92e-5da7d47e7d21,51.61,RON,Mega Image ref 56577673,2026-08-15T22:00:57+00:00,97c83e0a-8a40-4c3e-b8e3-ae37cffa9985,
d3936f3e-5a5f-438f-a3ee-4016323415b1,94.56,RON,Kaufland ref 62890778,2026-08-15T23:04:57+00:00,aa7898aa-95b2-468b-ac92-275a68599dc4,
c8f4226a-f7d3-4ec4-ab59-2794c537d786,51.37,RON,Glovo ref 65327654,2026-08-15T23:21:57+00:00,818e12e2-7146-4ffe-a877-ba23cf63df5b,
cb164140-da41-445c-b25f-1f04ecd884c7,73.75,RON,Mega Image ref 63027777,2026-08-16T01:00:57+00:00,02c27ee1-ff57-48d4-82c7-6cf491fd62b9,
8ba3fc82-650a-4e8c-a593-da6a51dc17a4,23.0,RON,Glovo ref 73735425,2026-08-16T01:04:57+00:00,2eb300a6-bd34-43d9-94c9-8697b97c5ba7,
31814635-af87-4559-8623-e20ca2464b49,76.92,RON,Lidl ref 35113497,2026-08-16T01:13:57+00:00,97c83e0a-8a40-4c3e-b8e3-ae37cffa9985,
249038dd-7ece-4563-b726-0decef8825ad,119.77,RON,Lidl ref 14812340,2026-08-16T01:54:57+00:00,33a2f3d5-7d4c-460f-ba3e-5b7745b7b856,
e5634aed-d7ad-4336-bc5e-c5bb6f146555,179.15,RON,Carrefour ref 10966453,2026-08-16T02:15:57+00:00,33a2f3d5-7d4c-460f-ba3e-5b7745b7b856,
2e2b2d9f-fe62-4037-a5da-4a24a0927a96,43.12,RON,Glovo ref 70806598,2026-08-16T02:27:57+00:00,82112000-16b4-4f2b-9dee-8ec850f886ea,
92042eee-c8a6-4c98-927e-104732522675,51.87,RON,Mega Image ref 75188533,2026-08-16T04:33:57+00:00,56cc310a-2a4b-4ab3-87df-66009aa0bf74,
cddfa8d7-7ba1-4f41-8b7f-eb206fab8011,138.98,RON,OMV benzina ref 75663746,2026-08-16T15:40:57+00:00,56cc310a-2a4b-4ab3-87df-66009aa0bf74,
941d7e6c-9a4c-4039-b750-3c1516827148,87.54,RON,Carrefour ref 97407775,2026-08-16T16:34:57+00:00,12cbffe1-d83b-42c0-8120-8703b8fbd5c6,
21cdd1cb-6bd4-4c7d-afff-9465b5d366c6,19.1,RON,Mega Image ref 63989064,2026-08-16T18:02:57+00:00,33a2f3d5-7d4c-460f-ba3e-5b7745b7b856,
7c3fde52-1e98-4cdf-b038-732260bbd4ab,91.69,RON,Glovo ref 46521435,2026-08-16T19:32:57+00:00,33a2f3d5-7d4c-460f-ba3e-5b7745b7b856,
76294ff8-8dbf-411c-96d5-b8ebdddbad23,85.02,RON,Lidl ref 92213783,2026-08-16T19:32:57+00:00,818e12e2-7146-4ffe-a877-ba23cf63df5b,
dc55a2bf-b527-4bcb-8e3d-c1b60d02a850,155.76,RON,OMV benzina ref 75952350,2026-08-16T20:29:57+00:00,d3228db7-ef32-4e3e-8fa9-f9f8a84cc34d,
35f0d2f0-981e-4818-844a-40bb6fb50df6,121.8,RON,Kaufland ref 35898734,2026-08-16T22:45:57+00:00,5588e5c9-786a-4f09-8721-a8cedc57f9c8,
d8fbfda5-1f09-4d6b-bba8-e16689f9c43e,60.0,RON,Glovo ref 66113763,2026-08-16T23:15:57+00:00,0e5779ec-be1a-470f-ad83-a4c869f8d3e4,
af396095-1461-4ef1-82bf-18d22a17879a,27.97,RON,Glovo ref 64344900,2026-08-17T00:38:57+00:00,aa7898aa-95b2-468b-ac92-275a68599dc4,
6aaf7dad-3d8a-4409-8050-a1bdf90135ac,55.08,RON,Glovo ref 92690637,2026-08-17T01:06:57+00:00,97c83e0a-8a40-4c3e-b8e3-ae37cffa9985,
f5687574-13ca-4eb6-b486-a2511414f827,32.71,RON,Mega Image ref 97135770,2026-08-17T01:48:57+00:00,0e5779ec-be1a-470f-ad83-a4c869f8d3e4,
9ad2bb72-b04b-4584-b95c-ec2d7bd15655,37.75,RON,Mega Image ref 21766833,2026-08-17T02:19:57+00:00,bdd640fb-0667-4ad1-9c80-317fa3b1799d,
4ad47ade-6865-4a0b-8591-2a142a025177,47.68,RON,Mega Image ref 31608116,2026-08-17T02:33:57+00:00,97c83e0a-8a40-4c3e-b8e3-ae37cffa9985,
b5fe8b85-e29a-4774-a2cd-3e2ba69efb58,26.18,RON,Mega Image ref 83026021,2026-08-17T03:55:57+00:00,12cbffe1-d83b-42c0-8120-8703b8fbd5c6,
a009d2b0-95eb-4dba-b1b1-a675adaa5c1e,22.96,RON,Mega Image ref 81602259,2026-08-17T04:33:57+00:00,5588e5c9-786a-4f09-8721-a8cedc57f9c8,
0ebd989b-24d6-4a2d-9f7d-5c8af7c484dd,86.77,RON,Lidl ref 45222432,2026-08-17T16:53:57+00:00,6e36dc96-4f61-48f4-b69f-4ca617af9323,
5866c4dc-d0ff-473c-865f-aa142114df72,36.72,RON,Mega Image ref 97623382,2026-08-17T17:30:57+00:00,d3228db7-ef32-4e3e-8fa9-f9f8a84cc34d,
b74c3719-d4bd-469b-b1b9-ca55b6dae5f9,98.24,RON,Kaufland ref 77762920,2026-08-17T17:38:57+00:00,12cbffe1-d83b-42c0-8120-8703b8fbd5c6,
b53d591a-b3ed-4cb9-a9f3-14090f1ea324,98.14,RON,Carrefour ref 81766468,2026-08-17T18:30:57+00:00,2eb300a6-bd34-43d9-94c9-8697b97c5ba7,
e0ca81c0-d553-4a58-a756-e9b1bc9563f2,85.62,RON,Farmacia Tei ref 97848959,2026-08-17T20:58:57+00:00,97c83e0a-8a40-4c3e-b8e3-ae37cffa9985,
aa9bc58b-378f-4cc8-8d23-4a55ef71374c,82.82,RON,Lidl ref 85016912,2026-08-17T21:05:57+00:00,5588e5c9-786a-4f09-8721-a8cedc57f9c8,
856df308-ca8a-4a9b-92d8-f7a524a8d373,85.68,RON,Farmacia Tei ref 35182990,2026-08-17T21:09:57+00:00,818e12e2-7146-4ffe-a877-ba23cf63df5b,
5f9b9139-70ef-48ad-b969-fc967bafcbcc,153.89,RON,Kaufland ref 54105176,2026-08-17T21:17:57+00:00,5588e5c9-786a-4f09-8721-a8cedc57f9c8,
a3a03b37-f365-40ca-9389-8eaf3c4d6456,46.96,RON,Glovo ref 55632834,2026-08-17T21:18:57+00:00,6e36dc96-4f61-48f4-b69f-4ca617af9323,
a3c0694d-ef30-4921-af47-4474c7414763,77.36,RON,Glovo ref 70441178,2026-08-17T22:08:57+00:00,82112000-16b4-4f2b-9dee-8ec850f886ea,
9b71c44e-0290-4786-921e-6d7d42e79f06,39.2,RON,Mega Image ref 20107015,2026-08-17T22:19:57+00:00,6e36dc96-4f61-48f4-b69f-4ca617af9323,
e7337da7-0450-4eb5-9781-9bd59ed5d0b1,79.37,RON,Kaufland ref 13585549,2026-08-17T23:20:57+00:00,82112000-16b4-4f2b-9dee-8ec850f886ea,
7ab09e1b-c460-4b27-9d7e-da01acc52605,301.54,RON,OMV benzina ref 93496799,2026-08-18T00:40:57+00:00,6e36dc96-4f61-48f4-b69f-4ca617af9323,
97787a01-0781-4638-a025-b4cea853a7aa,67.82,RON,Kaufland ref 39707606,2026-08-18T02:00:57+00:00,33a2f3d5-7d4c-460f-ba3e-5b7745b7b856,
171b3e86-f6b8-46e2-a6d5-26c858d41955,19.57,RON,Mega Image ref 71485721,2026-08-18T02:14:57+00:00,818e12e2-7146-4ffe-a877-ba23cf63df5b,
a25a24b6-0a65-4dcb-8956-0de3f2ffd361,83.65,RON,Lidl ref 53937486,2026-08-18T03:06:57+00:00,82112000-16b4-4f2b-9dee-8ec850f886ea,
ec7af8bb-b2b4-4bd4-aac8-1bf8b3927bf2,67.5,RON,Kaufland ref 77529815,2026-08-18T03:40:57+00:00,97c83e0a-8a40-4c3e-b8e3-ae37cffa9985,
7a4e676e-0007-461e-b9b8-03104b1d56ef,76.87,RON,Mega Image ref 30109801,2026-08-18T04:34:57+00:00,33a2f3d5-7d4c-460f-ba3e-5b7745b7b856,
5f0746c1-a7c1-4a53-9cb9-dc82727adc6c,40.55,RON,Lidl ref 53141882,2026-08-18T15:55:57+00:00,56cc310a-2a4b-4ab3-87df-66009aa0bf74,
a470c293-50bf-479c-ae4a-e46abe4f9916,160.37,RON,Kaufland ref 32784699,2026-08-18T16:19:57+00:00,97c83e0a-8a40-4c3e-b8e3-ae37cffa9985,
5eeb78bf-9b7a-4110-b140-ab8037b0f8be,81.19,RON,Carrefour ref 44872666,2026-08-18T17:03:57+00:00,02c27ee1-ff57-48d4-82c7-6cf491fd62b9,
e1126c68-d478-46ea-9c1c-c7a0281f972c,37.26,RON,Mega Image ref 45920948,2026-08-18T18:10:57+00:00,5588e5c9-786a-4f09-8721-a8cedc57f9c8,
8ccc617e-81b6-4951-8cdf-697f4eca2e96,38.83,RON,Farmacia Tei ref 19104802,2026-08-18T18:23:57+00:00,bdd640fb-0667-4ad1-9c80-317fa3b1799d,
51e8f02a-fc83-42b2-b85e-8e43624dbfc0,50.29,RON,Mega Image ref 69679156,2026-08-18T18:37:57+00:00,6e36dc96-4f61-48f4-b69f-4ca617af9323,
71fef0ab-381d-42e5-8f73-e0f5497adf42,30.96,RON,Glovo ref 32642542,2026-08-18T19:23:57+00:00,7bf7bf91-9958-41e0-bb31-0f54e9f410c9,
631e2e41-f09c-41bc-b133-d4c41300d3e0,40.03,RON,Lidl ref 71759664,2026-08-18T21:33:57+00:00,818e12e2-7146-4ffe-a877-ba23cf63df5b,
9ea62325-7e91-4ec8-98a2-9687d5fd1cce,13.5,RON,Mega Image ref 21615559,2026-08-18T23:07:57+00:00,7bf7bf91-9958-41e0-bb31-0f54e9f410c9,
fdce4f12-dc46-46c7-b93a-cfff1a2b2339,51.16,RON,Mega Image ref 59667523,2026-08-18T23:17:57+00:00,aa7898aa-95b2-468b-ac92-275a68599dc4,
bf1e5228-28c4-4efd-a906-3801ed1ae2bd,19.07,RON,Mega Image ref 21430036,2026-08-18T23:34:57+00:00,d3228db7-ef32-4e3e-8fa9-f9f8a84cc34d,
7702beba-0623-4fbf-9e42-d2b800679b62,120.44,RON,Kaufland ref 35978571,2026-08-18T23:53:57+00:00,bdd640fb-0667-4ad1-9c80-317fa3b1799d,
3d8639ff-5b9f-45c8-ba63-4f76c34ba458,26.5,RON,Glovo ref 93767761,2026-08-18T23:53:57+00:00,5588e5c9-786a-4f09-8721-a8cedc57f9c8,
d500c147-0774-4c94-b5c9-f4599db1bd5e,162.03,RON,Dedeman ref 86359356,2026-08-19T01:00:57+00:00,bdd640fb-0667-4ad1-9c80-317fa3b1799d,
84d8ec6a-7d58-47a5-a554-8394f39dea6f,43.23,RON,Glovo ref 13443928,2026-08-19T02:04:57+00:00,aa7898aa-95b2-468b-ac92-275a68599dc4,
2f3d5046-a55e-4b4e-a535-1789f501d54e,39.28,RON,Mega Image ref 88056422,2026-08-19T03:07:57+00:00,97c83e0a-8a40-4c3e-b8e3-ae37cffa9985,
5982aa44-5573-48cf-8ba5-605069fe99a9,50.5,RON,Mega Image ref 65650977,2026-08-19T03:52:57+00:00,bdd640fb-0667-4ad1-9c80-317fa3b1799d,
512279f3-e47f-4236-ab5b-2269bd39de2e,63.5,RON,Glovo ref 81868928,2026-08-19T04:27:57+00:00,818e12e2-7146-4ffe-a877-ba23cf63df5b,
f201fdef-01eb-4e5a-ade6-5b016b4119e3,52.68,RON,Mega Image ref 81704001,2026-08-19T04:32:57+00:00,12cbffe1-d83b-42c0-8120-8703b8fbd5c6,
ae8192f7-2440-4eb7-a450-2bae1a1ad0ba,106.05,RON,Farmacia Tei ref 50056530,2026-08-19T14:40:57+00:00,33a2f3d5-7d4c-460f-ba3e-5b7745b7b856,
6cf50019-236d-4448-93cb-413fd78a2471,134.22,RON,Kaufland ref 29931610,2026-08-19T14:59:57+00:00,97c83e0a-8a40-4c3e-b8e3-ae37cffa9985,
eaf7588f-2f65-4492-a379-3df61b634434,36.88,RON,Lidl ref 95723076,2026-08-19T16:19:57+00:00,97c83e0a-8a40-4c3e-b8e3-ae37cffa9985,
5f054fdc-6668-44e8-87c2-6592fe07081d,44.85,RON,Glovo ref 75978571,2026-08-19T17:51:57+00:00,818e12e2-7146-4ffe-a877-ba23cf63df5b,
748e5b36-4df8-4aac-b845-5521d5f4dc15,141.18,RON,Carrefour ref 75610353,2026-08-19T19:18:57+00:00,5588e5c9-786a-4f09-8721-a8cedc57f9c8,
ed233795-1313-4048-93b3-f363d3073295,101.26,RON,Carrefour ref 78761110,2026-08-19T19:19:57+00:00,aa7898aa-95b2-468b-ac92-275a68599dc4,
091a5875-cc18-4d0e-b978-dc84ea89a979,77.59,RON,Kaufland ref 74304823,2026-08-19T20:32:57+00:00,bdd640fb-0667-4ad1-9c80-317fa3b1799d,
beb182c6-e28b-4d9c-843b-bafaeb5bf015,192.85,RON,OMV benzina ref 28590334,2026-08-19T21:16:57+00:00,818e12e2-7146-4ffe-a877-ba23cf63df5b,
5ee0ebfa-a54e-4c27-b032-3f1e3b321be0,147.82,RON,Kaufland ref 23814823,2026-08-19T21:41:57+00:00,12cbffe1-d83b-42c0-8120-8703b8fbd5c6,
46ff8b15-b020-44ec-ad76-49b192950964,69.96,RON,Farmacia Tei ref 30559033,2026-08-19T22:02:57+00:00,02c27ee1-ff57-48d4-82c7-6cf491fd62b9,
3af834f2-9aef-4aec-bbf1-8cf4a740a142,50.32,RON,Kaufland ref 58626679,2026-08-19T23:11:57+00:00,0e5779ec-be1a-470f-ad83-a4c869f8d3e4,
57e8a949-d483-4b09-bb01-e4c2d4c8d608,370.02,RON,OMV benzina ref 13003234,2026-08-19T23:18:57+00:00,02c27ee1-ff57-48d4-82c7-6cf491fd62b9,
c1077860-d573-4a37-9ba4-07f9e4c68c6d,31.58,RON,Mega Image ref 21467932,2026-08-19T23:37:57+00:00,2eb300a6-bd34-43d9-94c9-8697b97c5ba7,
8f110ea6-ce48-47b8-999f-5f7c2e4b8f13,121.82,RON,Lidl ref 35260584,2026-08-20T01:13:57+00:00,5588e5c9-786a-4f09-8721-a8cedc57f9c8,
5fb47d5b-2c23-4e42-a865-d6be74aae0ed,79.76,RON,Kaufland ref 83287419,2026-08-20T02:15:57+00:00,d3228db7-ef32-4e3e-8fa9-f9f8a84cc34d,
c03df516-e164-4a57-abcc-33d4804ccac1,101.76,RON,Kaufland ref 74894333,2026-08-20T02:47:57+00:00,818e12e2-7146-4ffe-a877-ba23cf63df5b,
813f51fc-9b6e-4c87-999d-32d8f02b265f,80.77,RON,Glovo ref 86439410,2026-08-20T03:36:57+00:00,02c27ee1-ff57-48d4-82c7-6cf491fd62b9,
